,Date,E3_Fiscal measures,E4_International support,H4_Emergency investment in healthcare,H5_Investment in vaccines,H6_Facial Coverings,ConfirmedCases,ConfirmedDeaths,StringencyIndexForDisplay,StringencyLegacyIndexForDisplay,GovernmentResponseIndexForDisplay,ContainmentHealthIndexForDisplay,EconomicSupportIndexForDisplay,C1_School closing (0),C1_School closing (1),C1_School closing (2),C1_School closing (3),C2_Workplace closing (0),C2_Workplace closing (1),C2_Workplace closing (2),C2_Workplace closing (3),C3_Cancel public events (0),C3_Cancel public events (1),C3_Cancel public events (2),C4_Restrictions on gatherings (0),C4_Restrictions on gatherings (1),C4_Restrictions on gatherings (2),C4_Restrictions on gatherings (3),C4_Restrictions on gatherings (4),C5_Close public transport (0),C5_Close public transport (1),C5_Close public transport (2),C6_Stay at home requirements (0),C6_Stay at home requirements (1),C6_Stay at home requirements (2),C6_Stay at home requirements (3),C7_Restrictions on internal movement (0),C7_Restrictions on internal movement (1),C7_Restrictions on internal movement (2),C8_International travel controls (0),C8_International travel controls (1),C8_International travel controls (2),C8_International travel controls (3),C8_International travel controls (4),E1_Income support (0),E1_Income support (1),E1_Income support (2),E2_Debt/contract relief (0),E2_Debt/contract relief (1),E2_Debt/contract relief (2),H1_Public information campaigns (0),H1_Public information campaigns (1),H1_Public information campaigns (2),H2_Testing policy (0),H2_Testing policy (1),H2_Testing policy (2),H2_Testing policy (3),H3_Contact tracing (0),H3_Contact tracing (1),H3_Contact tracing (2),H7_Vaccination policy (0),H7_Vaccination policy (1),H7_Vaccination policy (2),H7_Vaccination policy (3),H7_Vaccination policy (4),H7_Vaccination policy (5)
1,02/01/2020,0,0,0,0,0,0,0,0,0,0,0,0,0,0,0,0,0,0,0,0,0,0,0,0,0,0,0,0,0,0,0,0,0,0,0,0,0,0,0,0,0,0,0,0,0,0,0,0,0,0,0,0,0,0,0,0,0,0,0,0,0,0,0,0,0
2,03/01/2020,0,0,0,0,0,0,0,0,0,0,0,0,0,0,0,0,0,0,0,0,0,0,0,0,0,0,0,0,0,0,0,0,0,0,0,0,0,0,0,0,0,0,0,0,0,0,0,0,0,0,0,0,0,0,0,0,0,0,0,0,0,0,0,0,0
3,04/01/2020,0,0,0,0,0,0,0,0,0,0,0,0,0,0,0,0,0,0,0,0,0,0,0,0,0,0,0,0,0,0,0,0,0,0,0,0,0,0,0,0,0,0,0,0,0,0,0,0,0,0,0,0,0,0,0,0,0,0,0,0,0,0,0,0,0
4,05/01/2020,0,0,0,0,0,0,0,0,0,0,0,0,0,0,0,0,0,0,0,0,0,0,0,0,0,0,0,0,0,0,0,0,0,0,0,0,0,0,0,0,0,0,0,0,0,0,0,0,0,0,0,0,0,0,0,0,0,0,0,0,0,0,0,0,0
5,06/01/2020,0,0,0,0,0,0,0,0,0,0,0,0,0,0,0,0,0,0,0,0,0,0,0,0,0,0,0,0,0,0,0,0,0,0,0,0,0,0,0,0,0,0,0,0,0,0,0,0,0,0,0,0,0,0,0,0,0,0,0,0,0,0,0,0,0
6,07/01/2020,0,0,0,0,0,0,0,0,0,0,0,0,0,0,0,0,0,0,0,0,0,0,0,0,0,0,0,0,0,0,0,0,0,0,0,0,0,0,0,0,0,0,0,0,0,0,0,0,0,0,0,0,0,0,0,0,0,0,0,0,0,0,0,0,0
7,08/01/2020,0,0,0,0,0,0,0,0,0,0,0,0,1,0,0,0,1,0,0,0,1,0,0,1,0,0,0,0,1,0,0,1,0,0,0,1,0,0,1,0,0,0,0,1,0,0,1,0,0,1,0,0,1,0,0,0,1,0,0,1,0,0,0,0,0
8,09/01/2020,0,0,0,0,0,0,0,0,0,0,0,0,1,0,0,0,1,0,0,0,1,0,0,1,0,0,0,0,1,0,0,1,0,0,0,1,0,0,1,0,0,0,0,1,0,0,1,0,0,1,0,0,1,0,0,0,1,0,0,1,0,0,0,0,0
9,10/01/2020,0,0,0,0,0,0,0,0,0,0,0,0,1,0,0,0,1,0,0,0,1,0,0,1,0,0,0,0,1,0,0,1,0,0,0,1,0,0,1,0,0,0,0,1,0,0,1,0,0,1,0,0,1,0,0,0,1,0,0,1,0,0,0,0,0
10,11/01/2020,0,0,0,0,0,0,0,0,0,0,0,0,1,0,0,0,1,0,0,0,1,0,0,1,0,0,0,0,1,0,0,1,0,0,0,1,0,0,1,0,0,0,0,1,0,0,1,0,0,1,0,0,1,0,0,0,1,0,0,1,0,0,0,0,0
11,12/01/2020,0,0,0,0,0,0,0,0,0,0,0,0,1,0,0,0,1,0,0,0,1,0,0,1,0,0,0,0,1,0,0,1,0,0,0,1,0,0,1,0,0,0,0,1,0,0,1,0,0,1,0,0,1,0,0,0,1,0,0,1,0,0,0,0,0
12,13/01/2020,0,0,0,0,0,0,0,0,0,0,0,0,1,0,0,0,1,0,0,0,1,0,0,1,0,0,0,0,1,0,0,1,0,0,0,1,0,0,1,0,0,0,0,1,0,0,1,0,0,1,0,0,1,0,0,0,1,0,0,1,0,0,0,0,0
13,14/01/2020,0,0,0,0,0,0,0,0,0,0,0,0,2,0,0,0,2,0,0,0,2,0,0,2,0,0,0,0,2,0,0,2,0,0,0,2,0,0,2,0,0,0,0,2,0,0,2,0,0,2,0,0,2,0,0,0,2,0,0,2,0,0,0,0,0
14,15/01/2020,0,0,0,0,0,0,0,0,0,0,0,0,2,0,0,0,2,0,0,0,2,0,0,2,0,0,0,0,2,0,0,2,0,0,0,2,0,0,2,0,0,0,0,2,0,0,2,0,0,2,0,0,2,0,0,0,2,0,0,2,0,0,0,0,0
15,16/01/2020,0,0,0,0,0,0,0,0,0,0,0,0,2,0,0,0,2,0,0,0,2,0,0,2,0,0,0,0,2,0,0,2,0,0,0,2,0,0,2,0,0,0,0,2,0,0,2,0,0,2,0,0,2,0,0,0,2,0,0,2,0,0,0,0,0
16,17/01/2020,0,0,0,0,0,0,0,0,0,0,0,0,2,0,0,0,2,0,0,0,2,0,0,2,0,0,0,0,2,0,0,2,0,0,0,2,0,0,2,0,0,0,0,2,0,0,2,0,0,2,0,0,2,0,0,0,2,0,0,2,0,0,0,0,0
17,18/01/2020,0,0,0,0,0,0,0,0,0,0,0,0,2,0,0,0,2,0,0,0,2,0,0,2,0,0,0,0,2,0,0,2,0,0,0,2,0,0,2,0,0,0,0,2,0,0,2,0,0,2,0,0,2,0,0,0,2,0,0,2,0,0,0,0,0
18,19/01/2020,0,0,0,0,0,0,0,0,0,0,0,0,2,0,0,0,2,0,0,0,2,0,0,2,0,0,0,0,2,0,0,2,0,0,0,2,0,0,2,0,0,0,0,2,0,0,2,0,0,2,0,0,2,0,0,0,2,0,0,2,0,0,0,0,0
19,20/01/2020,0,0,0,0,0,0,0,0,0,0,0,0,3,0,0,0,3,0,0,0,3,0,0,3,0,0,0,0,3,0,0,3,0,0,0,3,0,0,3,0,0,0,0,3,0,0,3,0,0,3,0,0,3,0,0,0,3,0,0,3,0,0,0,0,0
20,21/01/2020,0,0,0,0,0,0,0,0,0,0,0,0,3,0,0,0,3,0,0,0,3,0,0,3,0,0,0,0,3,0,0,3,0,0,0,3,0,0,3,0,0,0,0,3,0,0,3,0,0,3,0,0,3,0,0,0,3,0,0,3,0,0,0,0,0
21,22/01/2020,0,0,0,0,0,0,0,0,0,0,0,0,3,0,0,0,3,0,0,0,3,0,0,3,0,0,0,0,3,0,0,3,0,0,0,3,0,0,3,0,0,0,0,3,0,0,3,0,0,3,0,0,3,0,0,0,3,0,0,3,0,0,0,0,0
22,23/01/2020,0,0,0,0,0,0,0,0,0,0,0,0,3,0,0,0,3,0,0,0,3,0,0,3,0,0,0,0,3,0,0,3,0,0,0,3,0,0,3,0,0,0,0,3,0,0,3,0,0,3,0,0,3,0,0,0,3,0,0,3,0,0,0,0,0
23,24/01/2020,0,0,0,0,0,0,0,0,0,0,0,0,3,0,0,0,3,0,0,0,3,0,0,3,0,0,0,0,3,0,0,3,0,0,0,3,0,0,3,0,0,0,0,3,0,0,3,0,0,3,0,0,3,0,0,0,3,0,0,3,0,0,0,0,0
24,25/01/2020,0,0,0,0,0,0,0,11.11,14.29,15.56,17.95,0,3,0,0,0,3,0,0,0,3,0,0,3,0,0,0,0,3,0,0,3,0,0,0,3,0,0,3,0,0,0,0,3,0,0,3,0,0,3,0,0,3,0,0,0,3,0,0,3,0,0,0,0,0
25,26/01/2020,0,0,0,0,0,4,0,11.11,14.29,15.56,17.95,0,4,0,0,0,4,0,0,0,4,0,0,4,0,0,0,0,4,0,0,4,0,0,0,4,0,0,4,0,0,0,0,4,0,0,4,0,0,4,0,0,4,0,0,0,4,0,0,4,0,0,0,0,0
26,27/01/2020,0,0,0,0,0,5,0,11.11,14.29,15.56,17.95,0,4,0,0,0,4,0,0,0,4,0,0,4,0,0,0,0,4,0,0,4,0,0,0,4,0,0,4,0,0,0,0,4,0,0,4,0,0,4,0,0,4,0,0,0,4,0,0,4,0,0,0,0,0
27,28/01/2020,0,0,0,0,0,5,0,11.11,14.29,15.56,17.95,0,4,0,0,0,4,0,0,0,4,0,0,4,0,0,0,0,4,0,0,4,0,0,0,4,0,0,4,0,0,0,0,4,0,0,4,0,0,4,0,0,4,0,0,0,4,0,0,4,0,0,0,0,0
28,29/01/2020,0,0,0,0,0,6,0,11.11,14.29,15.56,17.95,0,4,0,0,0,4,0,0,0,4,0,0,4,0,0,0,0,4,0,0,4,0,0,0,4,0,0,4,0,0,0,0,4,0,0,4,0,0,4,0,0,4,0,0,0,4,0,0,4,0,0,0,0,0
29,30/01/2020,0,0,0,0,0,9,0,11.11,14.29,15.56,17.95,0,4,0,0,0,4,0,0,0,4,0,0,4,0,0,0,0,4,0,0,4,0,0,0,4,0,0,4,0,0,0,0,4,0,0,4,0,0,4,0,0,4,0,0,0,4,0,0,4,0,0,0,0,0
30,31/01/2020,0,0,0,0,0,9,0,11.11,14.29,15.56,17.95,0,4,0,0,0,4,0,0,0,4,0,0,4,0,0,0,0,4,0,0,4,0,0,0,4,0,0,4,0,0,0,0,4,0,0,4,0,0,4,0,0,4,0,0,0,4,0,0,4,0,0,0,0,0
31,01/02/2020,0,0,0,0,0,12,0,19.44,25,20.56,23.72,0,5,0,0,0,5,0,0,0,5,0,0,5,0,0,0,0,5,0,0,5,0,0,0,5,0,0,5,0,0,0,0,5,0,0,5,0,0,5,0,0,5,0,0,0,5,0,0,5,0,0,0,0,0
32,02/02/2020,0,0,0,0,0,12,0,19.44,25,20.56,23.72,0,5,0,0,0,5,0,0,0,5,0,0,5,0,0,0,0,5,0,0,5,0,0,0,5,0,0,5,0,0,0,0,5,0,0,5,0,0,5,0,0,5,0,0,0,5,0,0,5,0,0,0,0,0
33,03/02/2020,0,0,0,0,0,12,0,19.44,25,20.56,23.72,0,5,0,0,0,5,0,0,0,5,0,0,5,0,0,0,0,5,0,0,5,0,0,0,5,0,0,5,0,0,0,0,5,0,0,5,0,0,5,0,0,5,0,0,0,5,0,0,5,0,0,0,0,0
34,04/02/2020,0,0,0,0,0,13,0,19.44,25,20.56,23.72,0,5,0,0,0,5,0,0,0,5,0,0,5,0,0,0,0,5,0,0,5,0,0,0,5,0,0,5,0,0,0,0,5,0,0,5,0,0,5,0,0,5,0,0,0,5,0,0,5,0,0,0,0,0
35,05/02/2020,0,0,0,0,0,13,0,19.44,25,20.56,23.72,0,5,0,0,0,5,0,0,0,5,0,0,5,0,0,0,0,5,0,0,5,0,0,0,5,0,0,5,0,0,0,0,5,0,0,5,0,0,5,0,0,5,0,0,0,5,0,0,5,0,0,0,0,0
36,06/02/2020,0,0,0,0,0,14,0,19.44,25,20.56,23.72,0,5,0,0,0,5,0,0,0,5,0,0,5,0,0,0,0,5,0,0,5,0,0,0,5,0,0,5,0,0,0,0,5,0,0,5,0,0,5,0,0,5,0,0,0,5,0,0,5,0,0,0,0,0
37,07/02/2020,0,0,0,0,0,15,0,19.44,25,20.56,23.72,0,6,0,0,0,6,0,0,0,6,0,0,6,0,0,0,0,6,0,0,6,0,0,0,6,0,0,6,0,0,0,0,6,0,0,6,0,0,6,0,0,6,0,0,0,6,0,0,6,0,0,0,0,0
38,08/02/2020,0,0,0,0,0,15,0,19.44,25,20.56,23.72,0,6,0,0,0,6,0,0,0,6,0,0,6,0,0,0,0,6,0,0,6,0,0,0,6,0,0,6,0,0,0,0,6,0,0,6,0,0,6,0,0,6,0,0,0,6,0,0,6,0,0,0,0,0
39,09/02/2020,0,0,0,0,0,15,0,19.44,25,20.56,23.72,0,6,0,0,0,6,0,0,0,6,0,0,6,0,0,0,0,6,0,0,6,0,0,0,6,0,0,6,0,0,0,0,6,0,0,6,0,0,6,0,0,6,0,0,0,6,0,0,6,0,0,0,0,0
40,10/02/2020,0,0,0,0,0,15,0,19.44,25,20.56,23.72,0,6,0,0,0,6,0,0,0,6,0,0,6,0,0,0,0,6,0,0,6,0,0,0,6,0,0,6,0,0,0,0,6,0,0,6,0,0,6,0,0,6,0,0,0,6,0,0,6,0,0,0,0,0
41,11/02/2020,0,0,0,0,0,15,0,19.44,25,20.56,23.72,0,6,0,0,0,6,0,0,0,6,0,0,6,0,0,0,0,6,0,0,6,0,0,0,6,0,0,6,0,0,0,0,6,0,0,6,0,0,6,0,0,6,0,0,0,6,0,0,6,0,0,0,0,0
42,12/02/2020,0,0,0,0,0,15,0,19.44,25,20.56,23.72,0,6,0,0,0,6,0,0,0,6,0,0,6,0,0,0,0,6,0,0,6,0,0,0,6,0,0,6,0,0,0,0,6,0,0,6,0,0,6,3,3,6,3,0,0,6,3,3,6,0,0,0,0,0
43,13/02/2020,0,0,0,0,0,15,0,19.44,25,20.56,23.72,0,7,0,0,0,7,0,0,0,7,0,0,7,0,0,0,0,7,0,0,7,0,0,0,7,0,0,7,0,0,0,0,7,0,0,7,0,0,7,3,3,7,3,0,0,7,3,3,7,0,0,0,0,0
44,14/02/2020,0,0,0,0,0,15,0,19.44,25,20.56,23.72,0,7,0,0,0,7,0,0,0,7,0,0,7,0,0,0,0,7,0,0,7,0,0,0,7,0,0,7,0,0,0,0,7,0,0,7,0,0,7,3,3,7,3,0,0,7,3,3,7,0,0,0,0,0
45,15/02/2020,0,0,0,0,0,15,0,19.44,25,20.56,23.72,0,7,0,0,0,7,0,0,0,7,0,0,7,0,0,0,0,7,0,0,7,0,0,0,7,0,0,7,0,0,0,0,7,0,0,7,0,0,7,3,3,7,3,0,0,7,3,3,7,0,0,0,0,0
46,16/02/2020,0,0,0,0,0,15,0,19.44,25,20.56,23.72,0,7,0,0,0,7,0,0,0,7,0,0,7,0,0,0,0,7,0,0,7,0,0,0,7,0,0,7,0,0,0,0,7,0,0,7,0,0,7,3,3,7,3,0,0,7,3,3,7,0,0,0,0,0
47,17/02/2020,0,0,0,0,0,15,0,19.44,25,20.56,23.72,0,7,0,0,0,7,0,0,0,7,0,0,7,0,0,0,0,7,0,0,7,0,0,0,7,0,0,7,0,0,0,0,7,0,0,7,0,0,7,3,3,7,3,0,0,7,3,3,7,0,0,0,0,0
48,18/02/2020,0,0,0,0,0,15,0,19.44,25,20.56,23.72,0,7,0,0,0,7,0,0,0,7,0,0,7,0,0,0,0,7,0,0,7,0,0,0,7,0,0,7,0,0,0,0,7,0,0,7,0,0,7,3,3,7,3,0,0,7,3,3,7,0,0,0,0,0
49,19/02/2020,0,0,0,0,0,15,0,19.44,25,20.56,23.72,0,8,0,0,0,8,0,0,0,8,0,0,8,0,0,0,0,8,0,0,8,0,0,0,8,0,0,8,3,3,3,0,8,0,0,8,0,0,8,3,3,8,3,0,0,8,3,3,8,0,0,0,0,0
50,20/02/2020,0,0,0,0,0,15,0,19.44,25,20.56,23.72,0,8,0,0,0,8,0,0,0,8,0,0,8,0,0,0,0,8,0,0,8,0,0,0,8,0,0,8,3,3,3,0,8,0,0,8,0,0,8,3,3,8,3,0,0,8,3,3,8,0,0,0,0,0
51,21/02/2020,0,0,0,0,0,15,0,19.44,25,20.56,23.72,0,8,0,0,0,8,0,0,0,8,0,0,8,0,0,0,0,8,0,0,8,0,0,0,8,0,0,8,3,3,3,0,8,0,0,8,0,0,8,3,3,8,3,0,0,8,3,3,8,0,0,0,0,0
52,22/02/2020,0,0,0,0,0,15,0,19.44,25,20.56,23.72,0,8,0,0,0,8,0,0,0,8,0,0,8,0,0,0,0,8,0,0,8,0,0,0,8,0,0,8,3,3,3,0,8,0,0,8,0,0,8,3,3,8,3,0,0,8,3,3,8,0,0,0,0,0
53,23/02/2020,0,0,0,0,0,15,0,19.44,25,20.56,23.72,0,8,0,0,0,8,0,0,0,8,0,0,8,0,0,0,0,8,0,0,8,0,0,0,8,0,0,8,3,3,3,0,8,0,0,8,0,0,8,3,3,8,3,0,0,8,3,3,8,0,0,0,0,0
54,24/02/2020,0,0,0,0,0,15,0,19.44,25,20.56,23.72,0,8,0,0,0,8,0,0,0,8,0,0,8,0,0,0,0,8,0,0,8,0,0,0,8,0,0,8,3,3,3,0,8,0,0,8,0,0,8,3,3,8,3,0,0,8,3,3,8,0,0,0,0,0
55,25/02/2020,0,0,0,0,0,15,0,19.44,25,20.56,23.72,0,9,0,0,0,9,0,0,0,9,0,0,9,0,0,0,0,9,0,0,9,0,0,0,9,0,0,9,3,3,3,0,9,0,0,9,0,0,9,3,3,9,3,0,0,9,3,3,9,0,0,0,0,0
56,26/02/2020,0,0,0,0,0,15,0,19.44,25,20.56,23.72,0,9,0,0,0,9,0,0,0,9,0,0,9,0,0,0,0,9,0,0,9,0,0,0,9,0,0,9,3,3,3,0,9,0,0,9,0,0,9,3,3,9,3,0,0,9,3,3,9,0,0,0,0,0
57,27/02/2020,0,0,0,0,0,15,0,19.44,25,20.56,23.72,0,9,0,0,0,9,0,0,0,9,0,0,9,0,0,0,0,9,0,0,9,0,0,0,9,0,0,9,3,3,3,0,9,0,0,9,0,0,9,3,3,9,3,0,0,9,3,3,9,0,0,0,0,0
58,28/02/2020,0,0,0,0,0,15,0,19.44,25,20.56,23.72,0,9,0,0,0,9,0,0,0,9,0,0,9,0,0,0,0,9,0,0,9,0,0,0,9,0,0,9,3,3,3,0,9,0,0,9,0,0,9,3,3,9,3,0,0,9,3,3,9,0,0,0,0,0
59,29/02/2020,0,0,0,0,0,25,0,19.44,25,20.56,23.72,0,9,0,0,0,9,0,0,0,9,0,0,9,0,0,0,0,9,0,0,9,0,0,0,9,0,0,9,3,3,3,0,9,0,0,9,0,0,9,3,3,9,3,0,0,9,3,3,9,0,0,0,0,0
60,01/03/2020,0,0,0,0,0,27,1,19.44,25,20.56,23.72,0,9,0,0,0,9,0,0,0,9,0,0,9,0,0,0,0,9,0,0,9,0,0,0,9,0,0,9,3,3,3,0,9,0,0,9,0,0,9,6,6,9,6,0,0,9,6,6,9,0,0,0,0,0
61,02/03/2020,0,0,0,0,0,30,1,19.44,25,20.56,23.72,0,10,0,0,0,10,0,0,0,10,0,0,10,0,0,0,0,10,0,0,10,0,0,0,10,0,0,10,3,3,3,0,10,0,0,10,0,0,10,6,6,10,6,0,0,10,6,6,10,0,0,0,0,0
62,03/03/2020,0,0,0,0,0,39,1,19.44,25,20.56,23.72,0,10,0,0,0,10,0,0,0,10,0,0,10,0,0,0,0,10,0,0,10,0,0,0,10,0,0,10,3,3,3,0,10,0,0,10,0,0,10,6,6,10,6,0,0,10,6,6,10,0,0,0,0,0
63,04/03/2020,0,0,0,0,0,52,2,19.44,25,20.56,23.72,0,10,0,0,0,10,0,0,0,10,0,0,10,0,0,0,0,10,0,0,10,0,0,0,10,0,0,10,3,3,3,0,10,0,0,10,0,0,10,6,6,10,6,0,0,10,6,6,10,0,0,0,0,0
64,05/03/2020,0,0,0,0,0,55,2,19.44,25,20.56,23.72,0,10,0,0,0,10,0,0,0,10,0,0,10,0,0,0,0,10,0,0,10,0,0,0,10,0,0,10,3,3,3,0,10,0,0,10,0,0,10,6,6,10,6,0,0,10,6,6,10,0,0,0,0,0
65,06/03/2020,0,0,0,0,0,60,2,19.44,25,20.56,23.72,0,10,0,0,0,10,0,0,0,10,0,0,10,0,0,0,0,10,0,0,10,0,0,0,10,0,0,10,3,3,3,0,10,0,0,10,0,0,10,6,6,10,6,0,0,10,6,6,10,0,0,0,0,0
66,07/03/2020,0,0,0,0,0,63,2,19.44,25,20.56,23.72,0,10,0,0,0,10,0,0,0,10,0,0,10,0,0,0,0,10,0,0,10,0,0,0,10,0,0,10,3,3,3,0,10,0,0,10,0,0,10,6,6,10,6,0,0,10,6,6,10,0,0,0,0,0
67,08/03/2020,0,0,0,0,0,76,3,19.44,25,20.56,23.72,0,11,0,0,0,11,0,0,0,11,0,0,11,0,0,0,0,11,0,0,11,0,0,0,11,0,0,11,6,6,6,0,11,0,0,11,0,0,11,6,6,11,6,0,0,11,6,6,11,0,0,0,0,0
68,09/03/2020,0,0,0,0,0,91,3,19.44,25,20.56,23.72,0,11,0,0,0,11,0,0,0,11,0,0,11,0,0,0,0,11,0,0,11,0,0,0,11,0,0,11,6,6,6,0,11,0,0,11,0,0,11,6,6,11,6,0,0,11,6,6,11,0,0,0,0,0
69,10/03/2020,0,0,0,0,0,107,3,19.44,25,20.56,23.72,0,11,0,0,0,11,0,0,0,11,0,0,11,0,0,0,0,11,0,0,11,0,0,0,11,0,0,11,6,6,6,0,11,0,0,11,0,0,11,6,6,11,6,0,0,11,6,6,11,0,0,0,0,0
70,11/03/2020,0,0,1561787799,0,0,128,3,19.44,25,20.56,23.72,0,11,0,0,0,11,0,0,0,11,0,0,11,0,0,0,0,11,0,0,11,0,0,0,11,0,0,11,6,6,6,0,11,0,0,11,0,0,11,6,6,11,6,0,0,11,6,6,11,0,0,0,0,0
71,12/03/2020,11046974400,0,0,0,0,128,3,19.44,25,22.22,23.72,12.5,11,0,0,0,11,0,0,0,11,0,0,11,0,0,0,0,11,0,0,11,0,0,0,11,0,0,11,6,6,6,0,11,0,0,11,0,0,11,6,6,11,6,0,0,11,6,6,11,0,0,0,0,0
72,13/03/2020,0,0,0,0,0,200,3,19.44,25,22.22,23.72,12.5,11,0,0,0,11,0,0,0,11,0,0,11,0,0,0,0,11,0,0,11,0,0,0,11,0,0,11,6,6,6,0,11,0,0,11,0,0,11,6,6,11,6,0,0,11,6,6,11,0,0,0,0,0
73,14/03/2020,0,0,0,0,0,250,3,19.44,25,22.22,23.72,12.5,12,0,0,0,12,0,0,0,12,0,0,12,0,0,0,0,12,0,0,12,0,0,0,12,0,0,12,6,6,6,0,12,0,0,12,0,0,12,6,6,12,6,0,0,12,6,6,12,0,0,0,0,0
74,15/03/2020,0,0,0,0,0,297,3,19.44,25,22.22,23.72,12.5,12,0,0,0,12,0,0,0,12,0,0,12,0,0,0,0,12,0,0,12,0,0,0,12,0,0,12,6,6,6,0,12,0,0,12,0,0,12,6,6,12,6,0,0,12,6,6,12,0,0,0,0,0
75,16/03/2020,0,0,0,0,0,377,3,30.56,34.52,28.89,31.41,12.5,12,0,0,0,12,0,0,0,12,0,0,12,0,0,0,0,12,0,0,12,0,0,0,12,0,0,12,6,6,6,0,12,0,0,12,0,0,12,6,6,12,6,0,0,12,6,6,12,0,0,0,0,0
76,17/03/2020,0,0,0,0,0,452,5,30.56,34.52,28.89,31.41,12.5,12,0,0,0,12,0,0,0,12,0,0,12,0,0,0,0,12,0,0,12,0,0,0,12,0,0,12,6,6,6,0,12,0,0,12,0,0,12,6,6,12,6,0,0,12,6,6,12,0,0,0,0,0
77,18/03/2020,,0,0,0,0,568,6,36.11,39.29,32.22,35.26,12.5,12,0,0,0,12,0,0,0,12,0,0,12,0,0,0,0,12,0,0,12,0,0,0,12,0,0,12,6,6,6,0,12,0,0,12,0,0,12,6,6,12,6,0,0,12,6,6,12,0,0,0,0,0
78,19/03/2020,0,0,0,0,0,681,6,44.44,48.81,37.22,41.03,12.5,12,0,0,0,12,0,0,0,12,0,0,12,0,0,0,0,12,0,0,12,0,0,0,12,0,0,12,6,6,6,0,12,0,0,12,0,0,12,9,9,12,9,0,0,12,9,9,12,0,0,0,0,0
79,20/03/2020,,0,0,0,0,791,7,47.22,52.38,38.89,42.95,12.5,13,0,0,0,13,0,0,0,13,0,0,13,0,0,0,0,13,0,0,13,0,0,0,13,0,0,13,6,6,6,0,13,0,0,13,0,0,13,9,9,13,9,0,0,13,9,9,13,0,0,0,0,0
80,21/03/2020,0,0,7530897,0,0,1071,7,47.22,52.38,38.89,42.95,12.5,13,0,0,0,13,0,0,0,13,0,0,13,0,0,0,0,13,0,0,13,0,0,0,13,0,0,13,6,6,6,0,13,0,0,13,0,0,13,9,9,13,9,0,0,13,9,9,13,0,0,0,0,0
81,22/03/2020,99179238800,0,0,7473254,0,1549,7,47.22,52.38,40.56,42.95,25,13,0,0,0,13,0,0,0,13,0,0,13,0,0,0,0,13,0,0,13,0,0,0,13,0,0,13,6,6,6,0,13,0,0,13,0,0,13,9,9,13,9,0,0,13,9,9,13,0,0,0,0,0
82,23/03/2020,0,0,0,0,0,1682,7,52.78,59.52,43.89,46.79,25,13,0,0,0,13,0,0,0,13,0,0,13,0,0,0,0,13,0,0,13,0,0,0,13,0,0,13,6,6,6,0,13,0,0,13,0,0,13,9,9,13,9,0,0,13,9,9,13,0,0,0,0,0
83,24/03/2020,0,0,0,0,0,2044,8,68.52,70.24,53.33,57.69,25,13,0,0,0,13,0,0,0,13,0,0,13,0,0,0,0,13,0,0,13,0,0,0,13,0,0,13,6,6,6,0,13,0,0,13,0,0,13,9,9,13,9,0,0,13,9,9,13,0,0,0,0,0
84,25/03/2020,0,0,0,0,0,2364,8,68.52,70.24,60,57.69,75,13,0,0,0,13,0,0,0,13,0,0,13,0,0,0,0,13,0,0,13,0,0,0,13,0,0,13,6,6,6,0,13,0,0,13,0,0,13,9,9,13,9,0,0,13,9,9,13,0,0,0,0,0
85,26/03/2020,0,0,0,0,0,2810,13,68.52,70.24,60,57.69,75,14,0,0,0,14,0,0,0,14,0,0,14,0,0,0,0,14,0,0,14,0,0,0,14,0,0,14,9,9,9,0,14,0,0,14,0,0,14,9,9,14,9,0,0,14,9,9,14,0,0,0,0,0
86,27/03/2020,0,0,0,0,0,3143,13,68.52,70.24,60,57.69,75,14,0,0,0,14,0,0,0,14,0,0,14,0,0,0,0,14,0,0,14,0,0,0,14,0,0,14,9,9,9,0,14,0,0,14,0,0,14,9,9,14,9,0,0,14,9,9,14,0,0,0,0,0
87,28/03/2020,0,0,0,0,0,3640,14,68.52,70.24,60,57.69,75,14,0,0,0,14,0,0,0,14,0,0,14,0,0,0,0,14,0,0,14,0,0,0,14,0,0,14,9,9,9,0,14,0,0,14,0,0,14,9,9,14,9,0,0,14,9,9,14,0,0,0,0,0
88,29/03/2020,663117139,0,0,0,0,3984,16,71.3,70.24,61.67,59.62,75,14,0,0,0,14,0,0,0,14,0,0,14,0,0,0,0,14,0,0,14,0,0,0,14,0,0,14,9,9,9,0,14,0,0,14,0,0,14,9,9,14,9,0,0,14,9,9,14,0,0,0,0,0
89,30/03/2020,80223000000,0,0,0,0,4361,17,71.3,70.24,61.67,59.62,75,14,0,0,0,14,0,0,0,14,0,0,14,0,0,0,0,14,0,0,14,0,0,0,14,0,0,14,9,9,9,0,14,3,0,14,0,0,14,9,9,14,9,0,0,14,9,9,14,0,0,0,0,0
90,31/03/2020,0,0,0,0,0,4559,18,71.3,70.24,61.67,59.62,75,14,0,0,0,14,0,0,0,14,0,0,14,0,0,0,0,14,0,0,14,0,0,0,14,0,0,14,9,9,9,0,14,3,0,14,0,0,14,9,9,14,9,0,0,14,9,9,14,0,0,0,0,0
91,01/04/2020,0,0,0,0,0,4862,20,71.3,70.24,61.67,59.62,75,15,0,0,0,15,0,0,0,15,0,0,15,0,0,0,0,15,0,0,15,0,0,0,15,0,0,15,9,9,9,0,15,3,0,15,0,0,15,9,9,15,9,0,0,15,9,9,15,0,0,0,0,0
92,02/04/2020,970999874,0,0,0,0,5116,24,73.15,70.24,62.78,60.9,75,15,0,0,0,15,0,0,0,15,0,0,15,0,0,0,0,15,0,0,15,0,0,0,15,0,0,15,9,9,9,0,15,3,0,15,0,0,15,9,9,15,9,0,0,15,9,9,15,0,0,0,0,0
93,03/04/2020,0,0,0,0,0,5330,28,73.15,70.24,62.78,60.9,75,15,0,0,0,15,0,0,0,15,3,0,15,3,3,0,0,15,0,0,15,0,0,0,15,0,0,15,9,9,9,0,15,3,0,15,0,0,15,9,9,15,9,0,0,15,9,9,15,0,0,0,0,0
94,04/04/2020,0,0,0,0,0,5550,30,73.15,70.24,62.78,60.9,75,15,0,0,0,15,0,0,0,15,3,0,15,3,3,0,0,15,0,0,15,0,0,0,15,0,0,15,9,9,9,0,15,3,0,15,0,0,15,9,9,15,9,0,0,15,9,9,15,0,0,0,0,0
95,05/04/2020,0,0,0,0,0,5687,35,73.15,70.24,62.78,60.9,75,15,0,0,0,15,0,0,0,15,3,3,15,3,3,0,0,15,0,0,15,0,0,0,15,0,0,15,9,9,9,0,15,3,0,15,0,0,15,9,9,15,9,0,0,15,9,9,15,0,0,0,0,0
96,06/04/2020,0,0,0,0,0,5797,40,73.15,70.24,62.78,60.9,75,15,0,0,0,15,0,0,0,15,3,3,15,3,3,0,0,15,0,0,15,0,0,0,15,3,3,15,9,9,9,0,15,3,0,15,0,0,15,12,12,15,12,0,0,15,12,12,15,0,0,0,0,0
97,07/04/2020,0,0,0,0,0,5895,45,73.15,70.24,62.78,60.9,75,16,0,0,0,16,0,0,0,16,3,3,16,3,3,0,0,16,0,0,16,0,0,0,16,3,3,16,9,9,9,3,16,3,0,16,0,0,16,12,12,16,12,0,0,16,12,12,16,0,0,0,0,0
98,08/04/2020,0,0,0,0,0,6010,50,73.15,70.24,62.78,60.9,75,16,0,0,0,16,0,0,0,16,3,3,16,3,3,0,0,16,0,0,16,0,0,0,16,3,3,16,9,9,9,3,16,3,0,16,0,0,16,12,12,16,12,0,0,16,12,12,16,0,0,0,0,0
99,09/04/2020,0,0,0,0,0,6108,51,73.15,70.24,62.78,60.9,75,16,0,0,0,16,0,0,0,16,3,3,16,3,3,0,0,16,0,0,16,0,0,0,16,3,3,16,9,9,9,3,16,3,0,16,0,0,16,12,12,16,12,0,0,16,12,12,16,0,0,0,0,0
100,10/04/2020,0,0,0,0,0,6215,54,73.15,70.24,62.78,60.9,75,16,0,0,0,16,3,3,0,16,3,3,16,3,3,0,0,16,0,0,16,0,0,0,16,3,3,16,9,9,9,3,16,3,0,16,0,0,16,12,12,16,12,0,0,16,12,12,16,0,0,0,0,0
101,11/04/2020,0,0,0,0,0,6303,57,73.15,70.24,62.78,60.9,75,16,3,3,3,16,3,3,0,16,3,3,16,3,3,3,0,16,0,0,16,3,0,0,16,3,3,16,9,9,9,3,16,3,0,16,0,0,16,12,12,16,12,0,0,16,12,12,16,0,0,0,0,0
102,12/04/2020,0,0,0,0,0,6315,60,73.15,70.24,62.78,60.9,75,16,3,3,3,16,3,3,0,16,3,3,16,3,3,3,0,16,0,0,16,3,0,0,16,3,3,16,9,9,9,3,16,3,0,16,3,3,16,12,12,16,12,0,0,16,12,12,16,0,0,0,0,0
103,13/04/2020,0,0,0,0,0,6351,61,73.15,70.24,62.78,60.9,75,17,3,3,3,17,3,3,0,17,3,3,17,3,3,3,0,17,0,0,17,3,0,0,17,3,3,17,12,12,12,3,17,3,0,17,3,3,17,12,12,17,12,0,0,17,12,12,17,0,0,0,0,0
104,14/04/2020,0,0,0,0,0,6415,62,73.15,70.24,62.78,60.9,75,17,3,3,3,17,3,3,0,17,3,3,17,3,3,3,0,17,0,0,17,3,0,0,17,3,3,17,12,12,12,3,17,3,0,17,3,3,17,12,12,17,12,0,0,17,12,12,17,0,0,0,0,0
105,15/04/2020,0,0,0,0,0,6440,63,73.15,70.24,62.78,60.9,75,17,3,3,3,17,3,3,0,17,3,3,17,3,3,3,0,17,0,0,17,3,0,0,17,3,3,17,12,12,12,3,17,3,0,17,3,3,17,12,12,17,12,0,0,17,12,12,17,0,0,0,0,0
106,16/04/2020,0,0,0,0,0,6462,63,73.15,70.24,62.78,60.9,75,17,3,3,3,17,3,3,0,17,3,3,17,3,3,3,3,17,0,0,17,3,0,0,17,3,3,17,12,12,12,3,17,3,0,17,3,3,17,12,12,17,12,0,0,17,12,12,17,0,0,0,0,0
107,17/04/2020,0,0,0,0,0,6522,66,73.15,70.24,62.78,60.9,75,17,3,3,3,17,3,3,0,17,3,3,17,3,3,3,3,17,0,0,17,3,0,0,17,3,3,17,12,12,12,3,17,6,0,17,3,3,17,12,12,17,12,0,0,17,12,12,17,0,0,0,0,0
108,18/04/2020,0,0,0,0,0,6568,67,69.44,66.67,60.56,58.33,75,17,3,3,0,17,3,3,0,17,3,3,17,3,3,3,3,17,0,0,17,3,0,0,17,3,3,17,12,12,12,3,17,6,0,17,3,3,17,12,12,17,12,0,0,17,12,12,17,0,0,0,0,0
109,19/04/2020,0,0,0,0,0,6610,67,69.44,66.67,60.56,58.33,75,18,3,3,0,18,3,3,0,18,3,3,18,3,3,3,3,18,0,0,18,3,0,0,18,3,3,18,12,12,12,3,18,6,0,18,3,3,18,12,12,18,12,0,0,18,12,12,18,0,0,0,0,0
110,20/04/2020,0,0,0,0,0,6623,67,69.44,66.67,60.56,58.33,75,18,3,3,0,18,3,3,0,18,3,3,18,3,3,3,3,18,0,0,18,3,3,0,18,3,3,18,12,12,12,3,18,6,0,18,3,3,18,12,12,18,12,0,0,18,12,12,18,0,0,0,0,0
111,21/04/2020,0,0,0,0,0,6645,67,69.44,66.67,60.56,58.33,75,18,3,3,0,18,3,3,0,18,6,3,18,6,6,3,3,18,0,0,18,3,3,0,18,3,3,18,12,12,12,3,18,6,0,18,3,3,18,12,12,18,12,0,0,18,12,12,18,0,0,0,0,0
112,22/04/2020,0,0,0,0,0,6652,67,69.44,66.67,60.56,58.33,75,18,3,3,0,18,3,3,0,18,6,3,18,6,6,3,3,18,0,0,18,3,3,0,18,3,3,18,12,12,12,3,18,6,0,18,3,3,18,12,12,18,12,0,0,18,12,12,18,0,0,0,0,0
113,23/04/2020,0,0,0,0,0,6662,75,69.44,66.67,60.56,58.33,75,18,3,3,0,18,3,3,0,18,6,6,18,6,6,3,3,18,0,0,18,3,3,0,18,3,3,18,12,12,12,3,18,6,0,18,3,3,18,12,12,18,12,0,0,18,12,12,18,0,0,0,0,0
114,24/04/2020,0,0,0,0,0,6677,79,69.44,66.67,60.56,58.33,75,18,3,3,0,18,3,3,0,18,6,6,18,6,6,3,3,18,0,0,18,3,3,0,18,6,6,18,12,12,12,3,18,6,0,18,3,3,18,15,15,18,15,0,0,18,15,15,18,0,0,0,0,0
115,25/04/2020,0,0,0,0,0,6694,80,69.44,66.67,60.56,58.33,75,19,3,3,0,19,3,3,0,19,6,6,19,6,6,3,3,19,0,0,19,3,3,0,19,6,6,19,12,12,12,6,19,6,0,19,3,3,19,15,15,19,15,0,0,19,15,15,19,0,0,0,0,0
116,26/04/2020,0,0,0,0,0,6714,83,69.44,66.67,60.56,58.33,75,19,3,3,0,19,3,3,0,19,6,6,19,6,6,3,3,19,0,0,19,3,3,0,19,6,6,19,12,12,12,6,19,6,0,19,3,3,19,15,15,19,15,0,0,19,15,15,19,0,0,0,0,0
117,27/04/2020,0,0,0,0,0,6721,83,69.44,66.67,65,63.46,75,19,3,3,0,19,3,3,0,19,6,6,19,6,6,3,3,19,0,0,19,3,3,0,19,6,6,19,12,12,12,6,19,6,0,19,3,3,19,15,15,19,15,0,0,19,15,15,19,0,0,0,0,0
118,28/04/2020,0,0,0,0,0,6744,89,69.44,66.67,65,63.46,75,19,3,3,0,19,6,6,0,19,6,6,19,6,6,3,3,19,0,0,19,3,3,0,19,6,6,19,12,12,12,6,19,6,0,19,3,3,19,15,15,19,15,0,0,19,15,15,19,0,0,0,0,0
119,29/04/2020,0,0,0,0,0,6752,91,69.44,66.67,65,63.46,75,19,6,6,0,19,6,6,0,19,6,6,19,6,6,6,3,19,0,0,19,6,3,0,19,6,6,19,12,12,12,6,19,6,0,19,3,3,19,15,15,19,15,0,0,19,15,15,19,0,0,0,0,0
120,30/04/2020,0,0,0,0,0,6766,93,69.44,66.67,65,63.46,75,19,6,6,0,19,6,6,0,19,6,6,19,6,6,6,3,19,0,0,19,6,3,0,19,6,6,19,12,12,12,6,19,6,0,19,6,6,19,15,15,19,15,0,0,19,15,15,19,0,0,0,0,0
121,01/05/2020,0,0,0,0,0,6778,93,69.44,66.67,65,63.46,75,20,6,6,0,20,6,6,0,20,6,6,20,6,6,6,3,20,0,0,20,6,3,0,20,6,6,20,15,15,15,6,20,6,0,20,6,6,20,15,15,20,15,0,0,20,15,15,20,0,0,0,0,0
122,02/05/2020,0,0,0,0,0,6799,94,69.44,66.67,65,63.46,75,20,6,6,0,20,6,6,0,20,6,6,20,6,6,6,3,20,0,0,20,6,3,0,20,6,6,20,15,15,15,6,20,6,0,20,6,6,20,15,15,20,15,0,0,20,15,15,20,0,0,0,0,0
123,03/05/2020,0,0,0,0,0,6822,95,69.44,66.67,65,63.46,75,20,6,6,0,20,6,6,0,20,6,6,20,6,6,6,3,20,0,0,20,6,3,0,20,6,6,20,15,15,15,6,20,6,0,20,6,6,20,15,15,20,15,0,0,20,15,15,20,0,0,0,0,0
124,04/05/2020,0,0,0,0,0,6847,96,69.44,66.67,65,63.46,75,20,6,6,0,20,6,6,0,20,6,6,20,6,6,6,6,20,0,0,20,6,3,0,20,6,6,20,15,15,15,6,20,6,0,20,6,6,20,15,15,20,15,0,0,20,15,15,20,0,0,0,0,0
125,05/05/2020,0,0,0,0,0,6875,97,69.44,66.67,65,63.46,75,20,6,6,0,20,6,6,0,20,6,6,20,6,6,6,6,20,0,0,20,6,3,0,20,6,6,20,15,15,15,6,20,9,0,20,6,6,20,15,15,20,15,0,0,20,15,15,20,0,0,0,0,0
126,06/05/2020,0,0,0,0,0,6894,97,69.44,66.67,65,63.46,75,20,6,6,0,20,6,6,0,20,6,6,20,6,6,6,6,20,0,0,20,6,3,0,20,6,6,20,15,15,15,6,20,9,0,20,6,6,20,15,15,20,15,0,0,20,15,15,20,0,0,0,0,0
127,07/05/2020,0,0,0,0,0,6913,97,69.44,66.67,65,63.46,75,21,6,6,0,21,6,6,0,21,6,6,21,6,6,6,6,21,0,0,21,6,3,0,21,6,6,21,15,15,15,6,21,9,0,21,6,6,21,15,15,21,15,0,0,21,15,15,21,0,0,0,0,0
128,08/05/2020,0,0,0,0,0,6918,97,69.44,66.67,65,63.46,75,21,6,6,0,21,6,6,0,21,6,6,21,6,6,6,6,21,0,0,21,6,6,0,21,6,6,21,15,15,15,6,21,9,0,21,6,6,21,15,15,21,15,0,0,21,15,15,21,0,0,0,0,0
129,09/05/2020,0,0,0,0,0,6939,97,69.44,66.67,65,63.46,75,21,6,6,0,21,6,6,0,21,9,6,21,9,9,6,6,21,0,0,21,6,6,0,21,6,6,21,15,15,15,6,21,9,0,21,6,6,21,15,15,21,15,0,0,21,15,15,21,0,0,0,0,0
130,10/05/2020,0,0,0,0,0,6948,97,69.44,66.67,65,63.46,75,21,6,6,0,21,6,6,0,21,9,6,21,9,9,6,6,21,0,0,21,6,6,0,21,6,6,21,15,15,15,6,21,9,0,21,6,6,21,15,15,21,15,0,0,21,15,15,21,0,0,0,0,0
131,11/05/2020,0,0,0,0,0,6970,97,69.44,66.67,65,63.46,75,21,6,6,0,21,6,6,0,21,9,9,21,9,9,6,6,21,0,0,21,6,6,0,21,6,6,21,15,15,15,6,21,9,0,21,6,6,21,15,15,21,15,0,0,21,15,15,21,0,0,0,0,0
132,12/05/2020,0,0,0,0,0,6980,98,69.44,66.67,65,63.46,75,21,6,6,0,21,6,6,0,21,9,9,21,9,9,6,6,21,0,0,21,6,6,0,21,9,9,21,15,15,15,6,21,9,0,21,6,6,21,18,18,21,18,0,0,21,18,18,21,0,0,0,0,0
133,13/05/2020,0,0,0,0,0,6989,98,69.44,66.67,65,63.46,75,22,6,6,0,22,6,6,0,22,9,9,22,9,9,6,6,22,0,0,22,6,6,0,22,9,9,22,15,15,15,9,22,9,0,22,6,6,22,18,18,22,18,0,0,22,18,18,22,0,0,0,0,0
134,14/05/2020,0,0,0,0,0,7019,98,69.44,66.67,65,63.46,75,22,6,6,0,22,6,6,0,22,9,9,22,9,9,6,6,22,0,0,22,6,6,0,22,9,9,22,15,15,15,9,22,9,0,22,6,6,22,18,18,22,18,0,0,22,18,18,22,0,0,0,0,0
135,15/05/2020,0,0,0,0,0,7035,98,65.74,66.67,62.78,60.9,75,22,6,6,0,22,6,0,0,22,9,9,22,9,9,6,6,22,0,0,22,6,0,0,22,9,9,22,15,15,15,9,22,9,0,22,6,6,22,18,18,22,18,3,3,22,18,18,22,0,0,0,0,0
136,16/05/2020,0,0,0,0,0,7044,98,64.35,66.67,61.94,59.94,75,22,6,6,0,22,9,0,0,22,9,9,22,9,9,6,6,22,0,0,22,6,0,0,22,9,9,22,15,15,15,9,22,9,0,22,6,6,22,18,18,22,18,3,3,22,18,18,22,0,0,0,0,0
137,17/05/2020,0,0,0,0,0,7054,99,64.35,66.67,61.94,59.94,75,22,9,9,0,22,9,0,0,22,9,9,22,9,9,9,6,22,0,0,22,9,0,0,22,9,9,22,15,15,15,9,22,9,0,22,6,6,22,18,18,22,18,3,3,22,18,18,22,0,0,0,0,0
138,18/05/2020,0,0,0,0,0,7068,99,67.13,71.43,63.61,61.86,75,22,9,9,0,22,9,0,0,22,9,9,22,9,9,9,6,22,0,0,22,9,0,0,22,9,9,22,15,15,15,9,22,9,0,22,9,9,22,18,18,22,18,3,3,22,18,18,22,0,0,0,0,0
139,19/05/2020,0,0,0,0,0,7072,100,67.13,71.43,63.61,61.86,75,23,9,9,0,23,9,0,0,23,9,9,23,9,9,9,6,23,0,0,23,9,0,0,23,9,9,23,18,18,18,9,23,9,0,23,9,9,23,18,18,23,18,3,3,23,18,18,23,0,0,0,0,0
140,20/05/2020,0,0,0,0,0,7081,100,67.13,71.43,63.61,61.86,75,23,9,9,0,23,9,0,0,23,9,9,23,9,9,9,6,23,0,0,23,9,0,0,23,9,9,23,18,18,18,9,23,9,0,23,9,9,23,18,18,23,18,3,3,23,18,18,23,0,0,0,0,0
141,21/05/2020,0,0,0,0,0,7095,101,67.13,71.43,63.61,61.86,75,23,9,9,0,23,9,0,0,23,9,9,23,9,9,9,6,23,0,0,23,9,0,0,23,9,9,23,18,18,18,9,23,9,0,23,9,9,23,18,18,23,18,3,3,23,18,18,23,0,0,0,0,0
142,22/05/2020,0,0,0,0,0,7099,101,67.13,71.43,63.61,61.86,75,23,9,9,0,23,9,0,0,23,9,9,23,9,9,9,9,23,0,0,23,9,0,0,23,9,9,23,18,18,18,9,23,9,0,23,9,9,23,18,18,23,18,3,3,23,18,18,23,0,0,0,0,0
143,23/05/2020,0,0,0,0,0,7114,102,67.13,71.43,63.61,61.86,75,23,9,9,0,23,9,0,0,23,9,9,23,9,9,9,9,23,0,0,23,9,0,0,23,9,9,23,18,18,18,9,23,12,0,23,9,9,23,18,18,23,18,3,3,23,18,18,23,0,0,0,0,0
144,24/05/2020,0,0,0,0,0,7114,102,67.13,71.43,63.61,61.86,75,23,9,9,0,23,9,0,0,23,9,9,23,9,9,9,9,23,0,0,23,9,0,0,23,9,9,23,18,18,18,9,23,12,0,23,9,9,23,18,18,23,18,3,3,23,18,18,23,0,0,0,0,0
145,25/05/2020,0,0,0,0,0,7126,102,65.28,71.43,62.5,60.58,75,24,9,9,0,24,9,0,0,24,9,9,24,9,9,9,9,24,0,0,24,9,0,0,24,9,9,24,18,18,18,9,24,12,0,24,9,9,24,18,18,24,18,3,3,24,18,18,24,0,0,0,0,0
146,26/05/2020,0,0,0,0,0,7139,103,65.28,71.43,62.5,60.58,75,24,9,9,0,24,9,0,0,24,9,9,24,9,9,9,9,24,0,0,24,9,0,0,24,9,9,24,18,18,18,9,24,12,0,24,9,9,24,18,18,24,18,3,3,24,18,18,24,0,0,0,0,0
147,27/05/2020,0,0,0,0,0,7150,103,65.28,71.43,62.5,60.58,75,24,9,9,0,24,9,0,0,24,12,9,24,12,12,9,9,24,0,0,24,9,0,0,24,9,9,24,18,18,18,9,24,12,0,24,9,9,24,18,18,24,18,3,3,24,18,18,24,0,0,0,0,0
148,28/05/2020,0,0,0,0,0,7165,103,65.28,71.43,62.5,60.58,75,24,9,9,0,24,9,0,0,24,12,9,24,12,12,9,9,24,0,0,24,9,0,0,24,9,9,24,18,18,18,9,24,12,0,24,9,9,24,18,18,24,18,3,3,24,18,18,24,0,0,0,0,0
149,29/05/2020,0,185925761,0,0,0,7184,103,63.43,71.43,61.39,59.29,75,24,9,9,0,24,9,0,0,24,12,12,24,12,12,9,9,24,0,0,24,0,0,0,24,9,9,24,18,18,18,9,24,12,0,24,9,9,24,18,18,24,18,3,3,24,18,18,24,0,0,0,0,0
150,30/05/2020,0,0,0,0,0,7192,103,63.43,71.43,61.39,59.29,75,24,9,9,0,24,9,0,0,24,12,12,24,12,12,9,9,24,0,0,24,0,0,0,24,12,12,24,18,18,18,9,24,12,0,24,9,9,24,21,21,24,21,3,3,24,21,21,24,0,0,0,0,0
151,31/05/2020,0,0,0,0,0,7202,103,63.43,71.43,61.39,59.29,75,25,9,9,0,25,9,0,0,25,12,12,25,12,12,9,9,25,0,0,25,0,0,0,25,12,12,25,18,18,18,12,25,12,0,25,9,9,25,21,21,25,21,3,3,25,21,21,25,0,0,0,0,0
152,01/06/2020,0,6123664,0,0,0,7221,102,62.04,71.43,60.56,58.33,75,25,9,9,0,25,9,0,0,25,12,12,25,12,12,9,0,25,0,0,25,0,0,0,25,12,12,25,18,18,18,12,25,12,0,25,9,9,25,21,21,25,21,3,3,25,21,21,25,0,0,0,0,0
153,02/06/2020,0,0,0,4534000,0,7229,102,62.04,71.43,60.56,58.33,75,25,9,9,0,25,9,0,0,25,12,12,25,12,12,9,0,25,0,0,25,0,0,0,25,12,12,25,18,18,18,12,25,12,0,25,9,9,25,21,21,25,21,6,6,25,21,21,25,0,0,0,0,0
154,03/06/2020,0,0,0,0,0,7240,102,62.04,71.43,60.56,58.33,75,25,9,9,0,25,12,0,0,25,12,12,25,12,12,9,0,25,0,0,25,0,0,0,25,12,12,25,18,18,18,12,25,12,0,25,9,9,25,21,21,25,21,6,6,25,21,21,25,0,0,0,0,0
155,04/06/2020,0,0,0,0,0,7247,102,62.04,71.43,60.56,58.33,75,25,12,12,0,25,12,0,0,25,12,12,25,12,12,12,0,25,0,0,25,0,0,0,25,12,12,25,18,18,18,12,25,12,0,25,9,9,25,21,21,25,21,6,6,25,21,21,25,0,0,0,0,0
156,05/06/2020,0,0,0,0,0,7252,102,62.04,71.43,60.56,58.33,75,25,12,12,0,25,12,0,0,25,12,12,25,12,12,12,0,25,3,0,25,0,0,0,25,12,12,25,18,18,18,12,25,12,0,25,12,12,25,21,21,25,21,6,6,25,21,21,25,0,0,0,0,0
157,06/06/2020,0,0,0,0,0,7259,102,62.04,71.43,60.56,58.33,75,26,12,12,0,26,12,0,0,26,12,12,26,12,12,12,0,26,3,0,26,0,0,0,26,12,12,26,21,21,21,12,26,12,0,26,12,12,26,21,21,26,21,6,6,26,21,21,26,0,0,0,0,0
158,07/06/2020,0,0,0,0,0,7265,102,62.04,71.43,60.56,58.33,75,26,12,12,0,26,12,0,0,26,12,12,26,12,12,12,0,26,3,0,26,0,0,0,26,12,12,26,21,21,21,12,26,12,0,26,12,12,26,21,21,26,21,6,6,26,21,21,26,0,0,0,0,0
159,08/06/2020,0,0,0,0,0,7267,102,62.04,71.43,60.56,58.33,75,26,12,12,0,26,12,0,0,26,12,12,26,12,12,12,0,26,3,0,26,0,0,0,26,12,12,26,21,21,21,12,26,12,0,26,12,12,26,21,21,26,21,6,6,26,21,21,26,0,0,0,0,0
160,09/06/2020,0,0,0,0,0,7274,102,60.19,71.43,59.44,57.05,75,26,12,0,0,26,12,0,0,26,12,12,26,12,12,12,0,26,3,0,26,0,0,0,26,12,12,26,21,21,21,12,26,12,0,26,12,12,26,21,21,26,21,6,6,26,21,21,26,0,0,0,0,0
161,10/06/2020,0,0,0,0,0,7285,102,60.19,71.43,59.44,57.05,75,26,12,0,0,26,12,0,0,26,12,12,26,12,12,12,0,26,3,0,26,0,0,0,26,12,12,26,21,21,21,12,26,15,0,26,12,12,26,21,21,26,21,6,6,26,21,21,26,0,0,0,0,0
162,11/06/2020,0,0,0,0,0,7289,102,60.19,71.43,59.44,57.05,75,26,12,0,0,26,12,0,0,26,12,12,26,12,12,12,0,26,3,0,26,0,0,0,26,12,12,26,21,21,21,12,26,15,0,26,12,12,26,21,21,26,21,6,6,26,21,21,26,0,0,0,0,0
163,12/06/2020,0,0,0,0,0,7294,102,50.46,65.71,53.61,50.32,75,27,12,0,0,27,12,0,0,27,12,0,27,12,12,12,0,27,3,0,27,0,0,0,27,12,12,27,21,21,21,12,27,15,0,27,12,12,27,21,21,27,21,6,6,27,21,21,27,0,0,0,0,0
164,13/06/2020,0,0,0,0,0,7320,102,50.46,65.71,53.61,50.32,75,27,12,0,0,27,12,0,0,27,12,0,27,12,12,12,0,27,3,0,27,0,0,0,27,12,12,27,21,21,21,12,27,15,0,27,12,12,27,21,21,27,21,6,6,27,21,21,27,0,0,0,0,0
165,14/06/2020,0,0,0,0,0,7335,102,50.46,65.71,53.61,50.32,75,27,12,0,0,27,12,0,0,27,15,0,27,15,15,12,0,27,3,0,27,0,0,0,27,12,12,27,21,21,21,12,27,15,0,27,12,12,27,21,21,27,21,6,6,27,21,21,27,0,0,0,0,0
166,15/06/2020,0,0,0,0,0,7347,102,50.46,65.71,53.61,50.32,75,27,12,0,0,27,12,0,0,27,15,0,27,15,15,12,0,27,3,0,27,0,0,0,27,12,12,27,21,21,21,12,27,15,0,27,12,12,27,21,21,27,21,6,6,27,21,21,27,0,0,0,0,0
167,16/06/2020,344000000,0,267992561,0,0,7370,102,50.46,65.71,53.61,50.32,75,27,12,0,0,27,12,0,0,27,15,0,27,15,15,12,0,27,3,0,27,0,0,0,27,12,12,27,21,21,21,12,27,15,0,27,12,12,27,21,21,27,21,6,6,27,21,21,27,0,0,0,0,0
168,17/06/2020,0,0,0,0,0,7391,102,50.46,65.71,53.61,50.32,75,27,12,0,0,27,12,0,0,27,15,0,27,15,15,12,0,27,3,0,27,0,0,0,27,15,15,27,21,21,21,12,27,15,0,27,12,12,27,24,24,27,24,6,6,27,24,24,27,0,0,0,0,0
169,18/06/2020,0,0,0,0,0,7409,102,50.46,65.71,53.61,50.32,75,28,12,0,0,28,12,0,0,28,15,0,28,15,15,12,0,28,3,0,28,0,0,0,28,15,15,28,21,21,21,15,28,15,0,28,12,12,28,24,24,28,24,6,6,28,24,24,28,0,0,0,0,0
170,19/06/2020,0,0,0,0,0,7411,102,50.46,65.71,53.61,50.32,75,28,12,0,0,28,12,0,0,28,15,0,28,15,15,12,0,28,3,0,28,0,0,0,28,15,15,28,21,21,21,15,28,15,0,28,12,12,28,24,24,28,24,6,6,28,24,24,28,0,0,0,0,0
171,20/06/2020,0,0,0,0,0,7461,102,50.46,65.71,53.61,50.32,75,28,12,0,0,28,12,0,0,28,15,0,28,15,15,12,0,28,3,0,28,0,0,0,28,15,15,28,21,21,21,15,28,15,0,28,12,12,28,24,24,28,24,9,9,28,24,24,28,0,0,0,0,0
172,21/06/2020,0,0,0,0,0,7474,102,50.46,65.71,53.61,50.32,75,28,12,0,0,28,15,0,0,28,15,0,28,15,15,12,0,28,3,0,28,0,0,0,28,15,15,28,21,21,21,15,28,15,0,28,12,12,28,24,24,28,24,9,9,28,24,24,28,0,0,0,0,0
173,22/06/2020,0,0,0,0,0,7492,102,50.46,65.71,53.61,50.32,75,28,15,0,0,28,15,0,0,28,15,0,28,15,15,15,0,28,3,0,28,0,0,0,28,15,15,28,21,21,21,15,28,15,0,28,12,12,28,24,24,28,24,9,9,28,24,24,28,0,0,0,0,0
174,23/06/2020,0,0,0,0,0,7521,103,52.31,65.71,54.72,51.6,75,28,15,15,0,28,15,0,0,28,15,0,28,15,15,15,0,28,6,0,28,0,0,0,28,15,15,28,21,21,21,15,28,15,0,28,15,15,28,24,24,28,24,9,9,28,24,24,28,0,0,0,0,0
175,24/06/2020,0,0,0,0,0,7558,104,52.31,65.71,54.72,51.6,75,29,15,15,0,29,15,0,0,29,15,0,29,15,15,15,0,29,6,0,29,0,0,0,29,15,15,29,24,24,24,15,29,15,0,29,15,15,29,24,24,29,24,9,9,29,24,24,29,0,0,0,0,0
176,25/06/2020,0,0,0,0,0,7595,104,52.31,65.71,54.72,51.6,75,29,15,15,0,29,15,0,0,29,15,0,29,15,15,15,0,29,6,0,29,0,0,0,29,15,15,29,24,24,24,15,29,15,0,29,15,15,29,24,24,29,24,9,9,29,24,24,29,0,0,0,0,0
177,26/06/2020,0,0,0,0,0,7601,104,52.31,65.71,54.72,51.6,75,29,15,15,0,29,15,0,0,29,15,0,29,15,15,15,0,29,6,0,29,0,0,0,29,15,15,29,24,24,24,15,29,15,0,29,15,15,29,24,24,29,24,9,9,29,24,24,29,0,0,0,0,0
178,27/06/2020,0,0,0,0,0,7686,104,52.31,65.71,54.72,51.6,75,29,15,0,0,29,15,0,0,29,15,0,29,15,15,15,0,29,6,0,29,0,0,0,29,15,15,29,24,24,24,15,29,15,0,29,15,15,29,24,24,29,24,9,9,29,24,24,29,0,0,0,0,0
179,28/06/2020,0,0,0,0,0,7764,104,52.31,65.71,54.72,51.6,75,29,15,0,0,29,15,0,0,29,15,0,29,15,15,15,0,29,6,0,29,0,0,0,29,15,15,29,24,24,24,15,29,18,0,29,15,15,29,24,24,29,24,9,9,29,24,24,29,0,0,0,0,0
180,29/06/2020,0,0,0,0,0,7834,104,52.31,65.71,54.72,51.6,75,29,15,0,0,29,15,0,0,29,15,0,29,15,15,15,0,29,6,0,29,0,0,0,29,15,15,29,24,24,24,15,29,18,0,29,15,15,29,24,24,29,24,9,9,29,24,24,29,0,0,0,0,0
181,30/06/2020,0,0,0,0,0,7920,104,52.31,65.71,54.72,51.6,75,30,15,0,0,30,15,0,0,30,15,0,30,15,15,15,0,30,6,0,30,0,0,0,30,15,15,30,24,24,24,15,30,18,0,30,15,15,30,24,24,30,24,9,9,30,24,24,30,0,0,0,0,0
182,01/07/2020,0,0,0,0,0,8001,104,68.98,70.24,64.72,63.14,75,30,15,0,0,30,15,0,0,30,15,0,30,15,15,15,0,30,6,0,30,0,0,0,30,15,15,30,24,24,24,15,30,18,0,30,15,15,30,24,24,30,24,9,9,30,24,24,30,0,0,0,0,0
183,02/07/2020,0,0,0,0,0,8066,104,68.98,70.24,64.72,63.14,75,30,15,0,0,30,15,0,0,30,18,0,30,18,18,15,0,30,6,0,30,0,0,0,30,15,15,30,24,24,24,15,30,18,0,30,15,15,30,24,24,30,24,9,9,30,24,24,30,0,0,0,0,0
184,03/07/2020,0,0,0,0,0,8260,104,68.98,70.24,64.72,63.14,75,30,15,0,0,30,15,0,0,30,18,0,30,18,18,15,0,30,6,0,30,0,0,0,30,15,15,30,24,24,24,15,30,18,0,30,15,15,30,24,24,30,24,9,9,30,24,24,30,0,0,0,0,0
185,04/07/2020,0,0,0,0,0,8443,104,68.98,70.24,64.72,63.14,75,30,15,0,0,30,15,0,0,30,18,0,30,18,18,15,0,30,6,0,30,0,0,0,30,15,15,30,24,24,24,15,30,18,0,30,15,15,30,24,24,30,24,9,9,30,24,24,30,0,0,0,0,0
186,05/07/2020,0,0,0,0,0,8583,106,68.98,70.24,64.72,63.14,75,30,15,0,0,30,15,0,0,30,18,0,30,18,18,15,0,30,6,0,30,0,0,0,30,18,18,30,24,24,24,15,30,18,0,30,15,15,30,27,27,30,27,9,9,30,27,27,30,0,0,0,0,0
187,06/07/2020,0,0,0,0,0,8755,106,68.98,70.24,64.72,63.14,75,31,15,0,0,31,15,0,0,31,18,0,31,18,18,15,0,31,6,0,31,0,0,0,31,18,18,31,24,24,24,18,31,18,0,31,15,15,31,27,27,31,27,9,9,31,27,27,31,0,0,0,0,0
188,07/07/2020,0,0,0,0,0,8886,106,68.98,70.24,64.72,63.14,75,31,15,0,0,31,15,0,0,31,18,0,31,18,18,15,0,31,6,0,31,0,0,0,31,18,18,31,24,24,24,18,31,18,0,31,15,15,31,27,27,31,27,9,9,31,27,27,31,0,0,0,0,0
189,08/07/2020,0,0,0,0,0,9056,106,75.46,73.33,68.61,67.63,75,31,15,0,0,31,15,0,0,31,18,0,31,18,18,15,0,31,6,0,31,0,0,0,31,18,18,31,24,24,24,18,31,18,0,31,15,15,31,27,27,31,27,12,12,31,27,27,31,0,0,0,0,0
190,09/07/2020,0,0,0,0,0,9374,106,75.46,73.33,68.61,67.63,75,31,15,0,0,31,18,0,0,31,18,0,31,18,18,15,0,31,6,0,31,0,0,0,31,18,18,31,24,24,24,18,31,18,0,31,15,15,31,27,27,31,27,12,12,31,27,27,31,0,0,0,0,0
191,10/07/2020,0,0,0,0,0,9553,107,75.46,73.33,68.61,67.63,75,31,18,0,0,31,18,0,0,31,18,0,31,18,18,18,0,31,6,0,31,0,0,0,31,18,18,31,24,24,24,18,31,18,0,31,15,15,31,27,27,31,27,12,12,31,27,27,31,0,0,0,0,0
192,11/07/2020,0,0,0,0,0,9797,108,75.46,73.33,68.61,67.63,75,31,18,18,0,31,18,0,0,31,18,0,31,18,18,18,0,31,9,0,31,0,0,0,31,18,18,31,24,24,24,18,31,18,0,31,18,18,31,27,27,31,27,12,12,31,27,27,31,0,0,0,0,0
193,12/07/2020,0,0,0,0,0,9980,108,75.46,73.33,68.61,67.63,75,32,18,18,0,32,18,0,0,32,18,0,32,18,18,18,0,32,9,0,32,0,0,0,32,18,18,32,27,27,27,18,32,18,0,32,18,18,32,27,27,32,27,12,12,32,27,27,32,0,0,0,0,0
194,13/07/2020,0,0,0,0,1,10251,108,71.76,69.76,67.22,66.03,75,32,18,18,0,32,18,0,0,32,18,0,32,18,18,18,0,32,9,0,32,0,0,0,32,18,18,32,27,27,27,18,32,18,0,32,18,18,32,27,27,32,27,12,12,32,27,27,32,0,0,0,0,0
195,14/07/2020,0,0,0,0,1,10487,111,71.76,69.76,67.22,66.03,75,32,18,18,0,32,18,0,0,32,18,0,32,18,18,18,0,32,9,0,32,0,0,0,32,18,18,32,27,27,27,18,32,18,0,32,18,18,32,27,27,32,27,12,12,32,27,27,32,0,0,0,0,0
196,15/07/2020,0,0,0,0,1,10810,113,71.76,69.76,67.22,66.03,75,32,18,3,0,32,18,0,0,32,18,0,32,18,18,18,0,32,9,0,32,0,0,0,32,18,18,32,27,27,27,18,32,18,0,32,18,18,32,27,27,32,27,12,12,32,27,27,32,0,0,0,0,0
197,16/07/2020,0,0,0,0,1,11233,116,68.06,68.57,65,63.46,75,32,18,3,0,32,18,0,0,32,18,0,32,18,18,18,0,32,9,0,32,0,0,0,32,18,18,32,27,27,27,18,32,21,0,32,18,18,32,27,27,32,27,12,12,32,27,27,32,0,0,0,0,0
198,17/07/2020,0,0,0,0,1,11441,118,68.06,68.57,65,63.46,75,32,18,3,0,32,18,0,0,32,18,0,32,18,18,18,0,32,9,0,32,0,0,0,32,18,18,32,27,27,27,18,32,21,0,32,18,18,32,27,27,32,27,12,12,32,27,27,32,0,0,0,0,0
199,18/07/2020,0,0,0,0,1,11802,122,68.06,68.57,65,63.46,75,33,18,3,0,33,18,0,0,33,18,0,33,18,18,18,0,33,9,0,33,0,0,0,33,18,18,33,27,27,27,18,33,21,0,33,18,18,33,27,27,33,27,12,12,33,27,27,33,0,0,0,0,0
200,19/07/2020,0,0,0,0,1,12069,123,68.06,68.57,65,63.46,75,33,18,3,0,33,18,3,0,33,18,3,33,18,18,18,0,33,9,0,33,3,3,0,33,18,18,33,27,27,27,18,33,21,0,33,18,18,33,27,27,33,27,12,12,33,27,27,33,0,0,0,0,0
201,20/07/2020,0,0,0,0,1,12428,126,68.06,68.57,65,63.46,75,33,18,3,0,33,18,3,0,33,21,3,33,21,21,18,0,33,9,0,33,3,3,0,33,18,18,33,27,27,27,18,33,21,0,33,18,18,33,27,27,33,27,12,12,33,27,27,33,0,0,0,0,0
202,21/07/2020,0,0,0,0,1,12894,128,68.06,68.57,65,63.46,75,33,18,3,0,33,18,3,0,33,21,3,33,21,21,18,0,33,9,0,33,3,3,0,33,18,18,33,27,27,27,18,33,21,0,33,18,18,33,27,27,33,27,12,12,33,27,27,33,0,0,0,0,0
203,22/07/2020,0,0,0,0,1,13302,133,68.06,68.57,65,63.46,75,33,18,3,0,33,18,3,0,33,21,3,33,21,21,18,0,33,9,0,33,3,3,0,33,18,18,33,27,27,27,18,33,21,0,33,18,18,33,27,27,33,27,12,12,33,27,27,33,0,0,0,0,0
204,23/07/2020,0,0,0,0,1,13595,139,68.06,68.57,65,63.46,75,33,18,3,0,33,18,3,0,33,21,3,33,21,21,18,0,33,9,0,33,3,3,0,33,21,21,33,27,27,27,18,33,21,0,33,18,18,33,30,30,33,30,12,12,33,30,30,33,0,0,0,0,0
205,24/07/2020,0,0,0,0,1,13950,145,68.06,68.57,65,63.46,75,34,18,3,0,34,18,3,0,34,21,3,34,21,21,18,0,34,9,0,34,3,3,0,34,21,21,34,27,27,27,21,34,21,0,34,18,18,34,30,30,34,30,12,12,34,30,30,34,0,0,0,0,0
206,25/07/2020,0,0,0,0,1,14403,155,68.06,68.57,65,63.46,75,34,18,3,0,34,18,3,0,34,21,3,34,21,21,18,0,34,9,0,34,3,3,0,34,21,21,34,27,27,27,21,34,21,0,34,18,18,34,30,30,34,30,12,12,34,30,30,34,0,0,0,0,0
207,26/07/2020,0,0,0,0,1,14935,161,68.06,68.57,65,63.46,75,34,18,3,0,34,18,3,0,34,21,3,34,21,21,18,3,34,9,0,34,3,3,0,34,21,21,34,27,27,27,21,34,21,0,34,18,18,34,30,30,34,30,15,15,34,30,30,34,0,0,0,0,0
208,27/07/2020,0,0,0,0,1,15303,167,68.06,68.57,65,63.46,75,34,18,3,0,34,21,3,0,34,21,3,34,21,21,18,3,34,9,0,34,3,3,0,34,21,21,34,27,27,27,21,34,21,0,34,18,18,34,30,30,34,30,15,15,34,30,30,34,0,0,0,0,0
209,28/07/2020,0,0,0,0,1,15582,176,68.06,68.57,65,63.46,75,34,21,3,0,34,21,3,0,34,21,3,34,21,21,21,3,34,9,0,34,3,3,0,34,21,21,34,27,27,27,21,34,21,0,34,18,18,34,30,30,34,30,15,15,34,30,30,34,0,0,0,0,0
210,29/07/2020,0,0,0,0,1,16298,189,68.06,68.57,65,63.46,75,34,21,21,0,34,21,3,0,34,21,3,34,21,21,21,3,34,12,0,34,3,3,0,34,21,21,34,27,27,27,21,34,21,0,34,21,21,34,30,30,34,30,15,15,34,30,30,34,0,0,0,0,0
211,30/07/2020,0,0,0,0,4,16903,196,68.06,68.57,70,69.23,75,35,21,21,0,35,21,3,0,35,21,3,35,21,21,21,3,35,12,0,35,3,3,0,35,21,21,35,30,30,30,21,35,21,0,35,21,21,35,30,30,35,30,15,15,35,30,30,35,0,0,0,0,0
212,31/07/2020,0,0,0,0,4,17280,201,68.06,68.57,70,69.23,75,35,21,21,0,35,21,3,0,35,21,3,35,21,21,21,3,35,12,0,35,3,3,0,35,21,21,35,30,30,30,21,35,21,0,35,21,21,35,30,30,35,30,15,15,35,30,30,35,0,0,0,0,0
213,01/08/2020,0,0,0,0,4,17895,208,68.06,68.57,70,69.23,75,35,21,21,0,35,21,3,0,35,21,3,35,21,21,21,3,35,12,0,35,3,3,0,35,21,21,35,30,30,30,21,35,21,0,35,21,21,35,30,30,35,30,15,15,35,30,30,35,0,0,0,0,0
214,02/08/2020,0,0,0,0,4,18318,221,71.76,72.14,72.22,71.79,75,35,21,6,0,35,21,3,0,35,21,3,35,21,21,21,3,35,12,0,35,3,3,0,35,21,21,35,30,30,30,21,35,21,0,35,21,21,35,30,30,35,30,15,15,35,30,30,35,0,0,0,0,0
215,03/08/2020,0,0,0,0,4,18730,232,75.46,75.71,74.44,74.36,75,35,21,6,0,35,21,3,0,35,21,3,35,21,21,21,3,35,12,0,35,3,3,0,35,21,21,35,30,30,30,21,35,24,0,35,21,21,35,30,30,35,30,15,15,35,30,30,35,0,0,0,0,0
216,04/08/2020,0,0,0,0,4,19445,247,75.46,75.71,74.44,74.36,75,35,21,6,0,35,21,3,0,35,21,3,35,21,21,21,3,35,12,0,35,3,3,0,35,21,21,35,30,30,30,21,35,24,0,35,21,21,35,30,30,35,30,15,15,35,30,30,35,0,0,0,0,0
217,05/08/2020,0,0,0,0,4,19890,255,75.46,75.71,74.44,74.36,75,36,21,6,0,36,21,3,0,36,21,3,36,21,21,21,3,36,12,0,36,3,3,0,36,21,21,36,30,30,30,21,36,24,0,36,21,21,36,30,30,36,30,15,15,36,30,30,36,0,0,0,0,0
218,06/08/2020,0,0,0,0,4,20272,266,75.46,75.71,74.44,74.36,75,36,21,6,0,36,21,6,0,36,21,6,36,21,21,21,3,36,12,0,36,6,6,0,36,21,21,36,30,30,30,21,36,24,0,36,21,21,36,30,30,36,30,15,15,36,30,30,36,0,0,0,0,0
219,07/08/2020,0,0,0,0,4,20698,278,75.46,75.71,74.44,74.36,75,36,21,6,0,36,21,6,0,36,24,6,36,24,24,21,3,36,12,0,36,6,6,0,36,21,21,36,30,30,30,21,36,24,0,36,21,21,36,30,30,36,30,15,15,36,30,30,36,0,0,0,0,0
220,08/08/2020,0,0,0,0,4,21084,295,75.46,75.71,74.44,74.36,75,36,21,6,0,36,21,6,0,36,24,6,36,24,24,21,3,36,12,0,36,6,6,0,36,21,21,36,30,30,30,21,36,24,0,36,21,21,36,30,30,36,30,15,15,36,30,30,36,0,0,0,0,0
221,09/08/2020,0,0,0,0,4,21397,313,75.46,75.71,74.44,74.36,75,36,21,6,0,36,21,6,0,36,24,6,36,24,24,21,3,36,12,0,36,6,6,0,36,21,21,36,30,30,30,21,36,24,0,36,21,21,36,30,30,36,30,15,15,36,30,30,36,0,0,0,0,0
222,10/08/2020,0,0,0,0,4,21713,331,75.46,75.71,74.44,74.36,75,36,21,6,0,36,21,6,0,36,24,6,36,24,24,21,3,36,12,0,36,6,6,0,36,24,24,36,30,30,30,21,36,24,0,36,21,21,36,33,33,36,33,15,15,36,33,33,36,0,0,0,0,0
223,11/08/2020,0,0,0,0,4,22127,352,75.46,75.71,74.44,74.36,75,37,21,6,0,37,21,6,0,37,24,6,37,24,24,21,3,37,12,0,37,6,6,0,37,24,24,37,30,30,30,24,37,24,0,37,21,21,37,33,33,37,33,15,15,37,33,33,37,0,0,0,0,0
224,12/08/2020,0,0,0,0,4,22358,361,75.46,75.71,74.44,74.36,75,37,21,6,0,37,21,6,0,37,24,6,37,24,24,21,3,37,12,0,37,6,6,0,37,24,24,37,30,30,30,24,37,24,0,37,21,21,37,33,33,37,33,15,15,37,33,33,37,0,0,0,0,0
225,13/08/2020,0,0,0,0,4,22742,375,75.46,75.71,74.44,74.36,75,37,21,6,0,37,21,6,0,37,24,6,37,24,24,21,6,37,12,0,37,6,6,0,37,24,24,37,30,30,30,24,37,24,0,37,21,21,37,33,33,37,33,18,18,37,33,33,37,0,0,0,0,0
226,14/08/2020,0,0,0,0,4,23035,379,75.46,75.71,74.44,74.36,75,37,21,6,0,37,24,6,0,37,24,6,37,24,24,21,6,37,12,0,37,6,6,0,37,24,24,37,30,30,30,24,37,24,0,37,21,21,37,33,33,37,33,18,18,37,33,33,37,0,0,0,0,0
227,15/08/2020,0,0,0,0,4,23287,396,75.46,75.71,74.44,74.36,75,37,24,6,0,37,24,6,0,37,24,6,37,24,24,24,6,37,12,0,37,6,6,0,37,24,24,37,30,30,30,24,37,24,0,37,21,21,37,33,33,37,33,18,18,37,33,33,37,0,0,0,0,0
228,16/08/2020,0,0,0,0,4,23558,421,75.46,75.71,74.44,74.36,75,37,24,24,0,37,24,6,0,37,24,6,37,24,24,24,6,37,15,0,37,6,6,0,37,24,24,37,30,30,30,24,37,24,0,37,24,24,37,33,33,37,33,18,18,37,33,33,37,0,0,0,0,0
229,17/08/2020,0,0,23152213.83,0,4,23773,438,75.46,75.71,74.44,74.36,75,38,24,24,0,38,24,6,0,38,24,6,38,24,24,24,6,38,15,0,38,6,6,0,38,24,24,38,33,33,33,24,38,24,0,38,24,24,38,33,33,38,33,18,18,38,33,33,38,0,0,0,0,0
230,18/08/2020,0,0,0,0,4,23989,450,75.46,75.71,74.44,74.36,75,38,24,24,0,38,24,6,0,38,24,6,38,24,24,24,6,38,15,0,38,6,6,0,38,24,24,38,33,33,33,24,38,24,0,38,24,24,38,33,33,38,33,18,18,38,33,33,38,0,0,0,0,0
231,19/08/2020,0,0,0,0,4,24236,463,75.46,75.71,74.44,74.36,75,38,24,24,0,38,24,6,0,38,24,6,38,24,24,24,6,38,15,0,38,6,6,0,38,24,24,38,33,33,33,24,38,24,0,38,24,24,38,33,33,38,33,18,18,38,33,33,38,0,0,0,0,0
232,20/08/2020,0,0,0,0,4,24407,472,75.46,75.71,74.44,74.36,75,38,24,9,0,38,24,6,3,38,24,6,38,24,24,24,6,38,15,0,38,6,6,0,38,24,24,38,33,33,33,24,38,24,0,38,24,24,38,33,33,38,33,18,18,38,33,33,38,0,0,0,0,0
233,21/08/2020,0,0,0,0,4,24602,485,75.46,75.71,74.44,74.36,75,38,24,9,3,38,24,6,3,38,24,6,38,24,24,24,6,38,15,0,38,6,6,0,38,24,24,38,33,33,33,24,38,27,0,38,24,24,38,33,33,38,33,18,18,38,33,33,38,0,0,0,0,0
234,22/08/2020,0,0,0,0,4,24811,502,75.46,75.71,74.44,74.36,75,38,24,9,3,38,24,6,3,38,24,6,38,24,24,24,6,38,15,0,38,6,6,0,38,24,24,38,33,33,33,24,38,27,0,38,24,24,38,33,33,38,33,18,18,38,33,33,38,0,0,0,0,0
235,23/08/2020,0,0,0,0,4,24915,517,75.46,75.71,74.44,74.36,75,39,24,9,3,39,24,6,3,39,24,6,39,24,24,24,6,39,15,0,39,6,6,0,39,24,24,39,33,33,33,24,39,27,0,39,24,24,39,33,33,39,33,18,18,39,33,33,39,0,0,0,0,0
236,24/08/2020,0,0,0,0,4,25053,525,75.46,75.71,74.44,74.36,75,39,24,9,3,39,24,9,3,39,24,9,39,24,24,24,6,39,15,0,39,9,9,0,39,24,24,39,33,33,33,24,39,27,0,39,24,24,39,33,33,39,33,18,18,39,33,33,39,0,0,0,0,0
237,25/08/2020,0,0,0,0,4,25204,549,75.46,75.71,74.44,74.36,75,39,24,9,3,39,24,9,3,39,27,9,39,27,27,24,6,39,15,0,39,9,9,0,39,24,24,39,33,33,33,24,39,27,0,39,24,24,39,33,33,39,33,18,18,39,33,33,39,0,0,0,0,0
238,26/08/2020,725774728.2,0,0,0,4,25322,572,75.46,75.71,74.44,74.36,75,39,24,9,3,39,24,9,3,39,27,9,39,27,27,24,6,39,15,0,39,9,9,0,39,24,24,39,33,33,33,24,39,27,0,39,24,24,39,33,33,39,33,18,18,39,33,33,39,0,0,0,0,0
239,27/08/2020,0,0,0,0,4,25448,583,75.46,75.71,74.44,74.36,75,39,24,9,3,39,24,9,3,39,27,9,39,27,27,24,6,39,15,0,39,9,9,0,39,24,24,39,33,33,33,24,39,27,0,39,24,24,39,33,33,39,33,18,18,39,33,33,39,0,0,0,0,0
240,28/08/2020,0,0,0,0,4,25547,600,75.46,75.71,74.44,74.36,75,39,24,9,3,39,24,9,3,39,27,9,39,27,27,24,6,39,15,0,39,9,9,0,39,27,27,39,33,33,33,24,39,27,0,39,24,24,39,36,36,39,36,18,18,39,36,36,39,0,0,0,0,0
241,29/08/2020,0,0,0,0,4,25670,611,75.46,75.71,74.44,74.36,75,40,24,9,3,40,24,9,3,40,27,9,40,27,27,24,6,40,15,0,40,9,9,0,40,27,27,40,33,33,33,27,40,27,0,40,24,24,40,36,36,40,36,18,18,40,36,36,40,0,0,0,0,0
242,30/08/2020,0,0,0,0,4,25746,652,75.46,75.71,74.44,74.36,75,40,24,9,3,40,24,9,3,40,27,9,40,27,27,24,6,40,15,0,40,9,9,0,40,27,27,40,33,33,33,27,40,27,0,40,24,24,40,36,36,40,36,18,18,40,36,36,40,0,0,0,0,0
243,31/08/2020,0,0,0,0,4,25819,657,75.46,75.71,74.44,74.36,75,40,24,9,3,40,24,9,3,40,27,9,40,27,27,24,9,40,15,0,40,9,9,0,40,27,27,40,33,33,33,27,40,27,0,40,24,24,40,36,36,40,36,21,21,40,36,36,40,0,0,0,0,0
244,01/09/2020,0,0,0,0,4,25923,663,75.46,75.71,74.44,74.36,75,40,24,9,3,40,27,9,3,40,27,9,40,27,27,24,9,40,15,0,40,9,9,0,40,27,27,40,33,33,33,27,40,27,0,40,24,24,40,36,36,40,36,21,21,40,36,36,40,0,0,0,0,0
245,02/09/2020,0,0,0,0,4,26049,678,75.46,75.71,74.44,74.36,75,40,27,9,3,40,27,9,3,40,27,9,40,27,27,27,9,40,15,0,40,9,9,0,40,27,27,40,33,33,33,27,40,27,0,40,24,24,40,36,36,40,36,21,21,40,36,36,40,0,0,0,0,0
246,03/09/2020,0,0,0,0,4,26136,737,75.46,75.71,74.44,74.36,75,40,27,27,3,40,27,9,3,40,27,9,40,27,27,27,9,40,18,0,40,9,9,0,40,27,27,40,33,33,33,27,40,27,0,40,27,27,40,36,36,40,36,21,21,40,36,36,40,0,0,0,0,0
247,04/09/2020,0,0,0,0,4,26207,748,75.46,75.71,74.44,74.36,75,41,27,27,3,41,27,9,3,41,27,9,41,27,27,27,9,41,18,0,41,9,9,0,41,27,27,41,36,36,36,27,41,27,0,41,27,27,41,36,36,41,36,21,21,41,36,36,41,0,0,0,0,0
248,05/09/2020,0,0,0,0,4,26278,753,75.46,75.71,74.44,74.36,75,41,27,27,3,41,27,9,3,41,27,9,41,27,27,27,9,41,18,0,41,9,9,0,41,27,27,41,36,36,36,27,41,27,0,41,27,27,41,36,36,41,36,21,21,41,36,36,41,0,0,0,0,0
249,06/09/2020,0,0,0,0,4,26321,762,75.46,75.71,74.44,74.36,75,41,27,27,3,41,27,9,3,41,27,9,41,27,27,27,9,41,18,0,41,9,9,0,41,27,27,41,36,36,36,27,41,27,0,41,27,27,41,36,36,41,36,21,21,41,36,36,41,0,0,0,0,0
250,07/09/2020,0,0,0,1679740000,4,26373,770,75.46,75.71,74.44,74.36,75,41,27,12,3,41,27,9,6,41,27,9,41,27,27,27,9,41,18,0,41,9,9,0,41,27,27,41,36,36,36,27,41,27,0,41,27,27,41,36,36,41,36,21,21,41,36,36,41,0,0,0,0,0
251,08/09/2020,0,0,0,0,4,26465,781,75.46,75.71,74.44,74.36,75,41,27,12,6,41,27,9,6,41,27,9,41,27,27,27,9,41,18,0,41,9,9,0,41,27,27,41,36,36,36,27,41,30,0,41,27,27,41,36,36,41,36,21,21,41,36,36,41,0,0,0,0,0
252,09/09/2020,0,0,0,0,4,26524,788,75.46,75.71,74.44,74.36,75,41,27,12,6,41,27,9,6,41,27,9,41,27,27,27,9,41,18,0,41,9,9,0,41,27,27,41,36,36,36,27,41,30,0,41,27,27,41,36,36,41,36,21,21,41,36,36,41,0,0,0,0,0
253,10/09/2020,0,0,0,0,4,26564,797,75.46,75.71,74.44,74.36,75,42,27,12,6,42,27,9,6,42,27,9,42,27,27,27,9,42,18,0,42,9,9,0,42,27,27,42,36,36,36,27,42,30,0,42,27,27,42,36,36,42,36,21,21,42,36,36,42,0,0,0,0,0
254,11/09/2020,0,0,0,0,4,26607,803,75.46,75.71,74.44,74.36,75,42,27,12,6,42,27,12,6,42,27,12,42,27,27,27,9,42,18,0,42,12,12,0,42,27,27,42,36,36,36,27,42,30,0,42,27,27,42,36,36,42,36,21,21,42,36,36,42,0,0,0,0,0
255,12/09/2020,0,0,0,0,4,26651,810,75.46,75.71,74.44,74.36,75,42,27,12,6,42,27,12,6,42,30,12,42,30,30,27,9,42,18,0,42,12,12,0,42,27,27,42,36,36,36,27,42,30,0,42,27,27,42,36,36,42,36,21,21,42,36,36,42,0,0,0,0,0
256,13/09/2020,0,0,0,0,4,26692,816,75.46,75.71,74.44,74.36,75,42,27,12,6,42,27,12,6,42,30,12,42,30,30,27,9,42,18,0,42,12,12,0,42,27,27,42,36,36,36,27,42,30,0,42,27,27,42,36,36,42,36,21,21,42,36,36,42,0,0,0,0,0
257,14/09/2020,0,0,0,0,4,26739,816,75.46,75.71,74.44,74.36,75,42,27,12,6,42,27,12,6,42,30,12,42,30,30,27,9,42,18,0,42,12,12,0,42,27,27,42,36,36,36,27,42,30,0,42,27,27,42,36,36,42,36,21,21,42,36,36,42,0,0,0,0,0
258,15/09/2020,0,0,0,0,4,26778,824,75.46,75.71,74.44,74.36,75,42,27,12,6,42,27,12,6,42,30,12,42,30,30,27,9,42,18,0,42,12,12,0,42,30,30,42,36,36,36,27,42,30,0,42,27,27,42,39,39,42,39,21,21,42,39,39,42,0,0,0,0,0
259,16/09/2020,0,0,0,0,4,26813,832,75.46,75.71,74.44,74.36,75,43,27,12,6,43,27,12,6,43,30,12,43,30,30,27,9,43,18,0,43,12,12,0,43,30,30,43,36,36,36,30,43,30,0,43,27,27,43,39,39,43,39,21,21,43,39,39,43,0,0,0,0,0
260,17/09/2020,0,0,0,0,4,26861,837,75.46,75.71,74.44,74.36,75,43,27,12,6,43,27,12,6,43,30,12,43,30,30,27,9,43,18,0,43,12,12,0,43,30,30,43,36,36,36,30,43,30,0,43,27,27,43,39,39,43,39,21,21,43,39,39,43,0,0,0,0,0
261,18/09/2020,0,0,0,0,4,26885,844,75.46,75.71,74.44,74.36,75,43,27,12,6,43,27,12,6,43,30,12,43,30,30,27,12,43,18,0,43,12,12,0,43,30,30,43,36,36,36,30,43,30,0,43,27,27,43,39,39,43,39,24,24,43,39,39,43,0,0,0,0,0
262,19/09/2020,0,0,0,0,4,26898,849,75.46,75.71,74.44,74.36,75,43,27,12,6,43,30,12,6,43,30,12,43,30,30,27,12,43,18,0,43,12,12,0,43,30,30,43,36,36,36,30,43,30,0,43,27,27,43,39,39,43,39,24,24,43,39,39,43,0,0,0,0,0
263,20/09/2020,0,0,0,0,4,26912,851,75.46,75.71,74.44,74.36,75,43,30,12,6,43,30,12,6,43,30,12,43,30,30,30,12,43,18,0,43,12,12,0,43,30,30,43,36,36,36,30,43,30,0,43,27,27,43,39,39,43,39,24,24,43,39,39,43,0,0,0,0,0
264,21/09/2020,0,0,0,0,4,26942,854,75.46,75.71,74.44,74.36,75,43,30,30,6,43,30,12,6,43,30,12,43,30,30,30,12,43,21,0,43,12,12,0,43,30,30,43,36,36,36,30,43,30,0,43,30,30,43,39,39,43,39,24,24,43,39,39,43,0,0,0,0,0
265,22/09/2020,0,0,0,0,4,26972,859,75.46,75.71,74.44,74.36,75,44,30,30,6,44,30,12,6,44,30,12,44,30,30,30,12,44,21,0,44,12,12,0,44,30,30,44,39,39,39,30,44,30,0,44,30,30,44,39,39,44,39,24,24,44,39,39,44,0,0,0,0,0
266,23/09/2020,0,0,0,0,4,26980,861,75.46,75.71,74.44,74.36,75,44,30,30,6,44,30,12,6,44,30,12,44,30,30,30,12,44,21,0,44,12,12,0,44,30,30,44,39,39,39,30,44,30,0,44,30,30,44,39,39,44,39,24,24,44,39,39,44,0,0,0,0,0
267,24/09/2020,0,0,0,0,4,27000,869,75.46,75.71,74.44,74.36,75,44,30,30,6,44,30,12,6,44,30,12,44,30,30,30,12,44,21,0,44,12,12,0,44,30,30,44,39,39,39,30,44,30,0,44,30,30,44,39,39,44,39,24,24,44,39,39,44,0,0,0,0,0
268,25/09/2020,0,0,0,0,4,27016,870,75.46,75.71,74.44,74.36,75,44,30,15,6,44,30,12,9,44,30,12,44,30,30,30,12,44,21,0,44,12,12,0,44,30,30,44,39,39,39,30,44,30,0,44,30,30,44,39,39,44,39,24,24,44,39,39,44,0,0,0,0,0
269,26/09/2020,0,0,0,0,4,27040,872,75.46,75.71,74.44,74.36,75,44,30,15,9,44,30,12,9,44,30,12,44,30,30,30,12,44,21,0,44,12,12,0,44,30,30,44,39,39,39,30,44,33,0,44,30,30,44,39,39,44,39,24,24,44,39,39,44,0,0,0,0,0
270,27/09/2020,0,0,0,0,4,27044,875,75.46,75.71,74.44,74.36,75,44,30,15,9,44,30,12,9,44,30,12,44,30,30,30,12,44,21,0,44,12,12,0,44,30,30,44,39,39,39,30,44,33,0,44,30,30,44,39,39,44,39,24,24,44,39,39,44,0,0,0,0,0
271,28/09/2020,0,0,0,0,4,27055,882,68.06,68.57,70,69.23,75,45,30,15,0,45,30,12,0,45,30,12,45,30,30,30,12,45,21,0,45,12,12,0,45,30,30,45,39,39,39,30,45,33,0,45,30,30,45,39,39,45,39,24,24,45,39,39,45,0,0,0,0,0
272,29/09/2020,0,0,0,0,4,27078,886,68.06,68.57,70,69.23,75,45,30,15,0,45,30,15,0,45,30,15,45,30,30,30,12,45,21,0,45,15,15,0,45,30,30,45,39,39,39,30,45,33,0,45,30,30,45,39,39,45,39,24,24,45,39,39,45,0,0,0,0,0
273,30/09/2020,0,0,0,0,4,27096,888,68.06,68.57,70,69.23,75,45,30,15,0,45,30,15,0,45,33,15,45,33,33,30,12,45,21,0,45,15,15,0,45,30,30,45,39,39,39,30,45,33,0,45,30,30,45,39,39,45,39,24,24,45,39,39,45,0,0,0,0,0
274,01/10/2020,0,0,0,0,4,27109,890,68.06,68.57,70,69.23,75,45,30,15,0,45,30,15,0,45,33,15,45,33,33,30,12,45,21,0,45,15,15,0,45,30,30,45,39,39,39,30,45,33,0,45,30,30,45,39,39,45,39,24,24,45,39,39,45,0,0,0,0,0
275,02/10/2020,0,0,0,0,4,27121,893,68.06,68.57,70,69.23,75,45,30,15,0,45,30,15,0,45,33,15,45,33,33,30,12,45,21,0,45,15,15,0,45,30,30,45,39,39,39,30,45,33,0,45,30,30,45,39,39,45,39,24,24,45,39,39,45,0,0,0,0,0
276,03/10/2020,0,0,0,0,4,27135,894,68.06,68.57,70,69.23,75,45,30,15,0,45,30,15,0,45,33,15,45,33,33,30,12,45,21,0,45,15,15,0,45,33,33,45,39,39,39,30,45,33,0,45,30,30,45,42,42,45,42,24,24,45,42,42,45,0,0,0,0,0
277,04/10/2020,0,0,0,0,4,27148,894,68.06,68.57,70,69.23,75,46,30,15,0,46,30,15,0,46,33,15,46,33,33,30,12,46,21,0,46,15,15,0,46,33,33,46,39,39,39,33,46,33,0,46,30,30,46,42,42,46,42,24,24,46,42,42,46,0,0,0,0,0
278,05/10/2020,0,0,0,0,4,27173,895,68.06,68.57,70,69.23,75,46,30,15,0,46,30,15,0,46,33,15,46,33,33,30,12,46,21,0,46,15,15,0,46,33,33,46,39,39,39,33,46,33,0,46,30,30,46,42,42,46,42,24,24,46,42,42,46,0,0,0,0,0
279,06/10/2020,0,216550000,0,0,4,27181,897,68.06,68.57,70,69.23,75,46,30,15,0,46,30,15,0,46,33,15,46,33,33,30,15,46,21,0,46,15,15,0,46,33,33,46,39,39,39,33,46,33,0,46,30,30,46,42,42,46,42,27,27,46,42,42,46,0,0,0,0,0
280,07/10/2020,0,0,0,0,4,27206,897,68.06,68.57,70,69.23,75,46,30,15,0,46,33,15,0,46,33,15,46,33,33,30,15,46,21,0,46,15,15,0,46,33,33,46,39,39,39,33,46,33,0,46,30,30,46,42,42,46,42,27,27,46,42,42,46,0,0,0,0,0
281,08/10/2020,0,0,0,0,4,27226,897,68.06,68.57,70,69.23,75,46,33,15,0,46,33,15,0,46,33,15,46,33,33,33,15,46,21,0,46,15,15,0,46,33,33,46,39,39,39,33,46,33,0,46,30,30,46,42,42,46,42,27,27,46,42,42,46,0,0,0,0,0
282,09/10/2020,0,0,0,0,4,27244,897,68.06,68.57,70,69.23,75,46,33,33,0,46,33,15,0,46,33,15,46,33,33,33,15,46,24,0,46,15,15,0,46,33,33,46,39,39,39,33,46,33,0,46,33,33,46,42,42,46,42,27,27,46,42,42,46,0,0,0,0,0
283,10/10/2020,0,0,0,0,4,27263,898,68.06,68.57,70,69.23,75,47,33,33,0,47,33,15,0,47,33,15,47,33,33,33,15,47,24,0,47,15,15,0,47,33,33,47,42,42,42,33,47,33,0,47,33,33,47,42,42,47,42,27,27,47,42,42,47,0,0,0,0,0
284,11/10/2020,0,0,0,0,4,27285,898,68.06,68.57,70,69.23,75,47,33,33,0,47,33,15,0,47,33,15,47,33,33,33,15,47,24,0,47,15,15,0,47,33,33,47,42,42,42,33,47,33,0,47,33,33,47,42,42,47,42,27,27,47,42,42,47,0,0,0,0,0
285,12/10/2020,0,0,0,0,4,27310,899,68.06,68.57,70,69.23,75,47,33,33,0,47,33,15,0,47,33,15,47,33,33,33,15,47,24,0,47,15,15,0,47,33,33,47,42,42,42,33,47,33,0,47,33,33,47,42,42,47,42,27,27,47,42,42,47,0,0,0,0,0
286,13/10/2020,0,0,0,0,4,27337,904,68.06,68.57,70,69.23,75,47,33,18,0,47,33,15,0,47,33,15,47,33,33,33,15,47,24,0,47,15,15,0,47,33,33,47,42,42,42,33,47,33,0,47,33,33,47,42,42,47,42,27,27,47,42,42,47,0,0,0,0,0
287,14/10/2020,0,0,0,0,4,27357,904,68.06,68.57,70,69.23,75,47,33,18,0,47,33,15,0,47,33,15,47,33,33,33,15,47,24,0,47,15,15,0,47,33,33,47,42,42,42,33,47,36,0,47,33,33,47,42,42,47,42,27,27,47,42,42,47,0,0,0,0,0
288,15/10/2020,0,0,0,0,4,27371,904,68.06,68.57,70,69.23,75,47,33,18,0,47,33,15,0,47,33,15,47,33,33,33,15,47,24,0,47,15,15,0,47,33,33,47,42,42,42,33,47,36,0,47,33,33,47,42,42,47,42,27,27,47,42,42,47,0,0,0,0,0
289,16/10/2020,0,0,0,0,4,27378,904,65.28,65,68.33,67.31,75,48,33,18,0,48,33,15,0,48,33,15,48,33,33,33,15,48,24,0,48,15,15,0,48,33,33,48,42,42,42,0,48,36,0,48,33,33,48,42,42,48,42,27,27,48,42,42,48,0,0,0,0,0
290,17/10/2020,0,0,0,0,4,27390,904,65.28,65,68.33,67.31,75,48,33,18,0,48,33,18,0,48,33,18,48,33,33,33,15,48,24,0,48,18,18,0,48,33,33,48,42,42,42,0,48,36,0,48,33,33,48,42,42,48,42,27,27,48,42,42,48,0,0,0,0,0
291,18/10/2020,0,0,0,0,4,27399,905,65.28,65,68.33,67.31,75,48,33,18,0,48,33,18,0,48,36,18,48,36,36,33,15,48,24,0,48,18,18,0,48,33,33,48,42,42,42,0,48,36,0,48,33,33,48,42,42,48,42,27,27,48,42,42,48,0,0,0,0,0
292,19/10/2020,0,0,0,0,4,27405,905,65.28,65,68.33,67.31,75,48,33,18,0,48,33,18,0,48,36,18,48,36,36,33,15,48,24,0,48,18,18,0,48,33,33,48,42,42,42,0,48,36,0,48,33,33,48,42,42,48,42,27,27,48,42,42,48,0,0,0,0,0
293,20/10/2020,0,0,0,0,4,27443,905,65.28,65,68.33,67.31,75,48,33,18,0,48,33,18,0,48,36,18,48,36,36,33,15,48,24,0,48,18,18,0,48,33,33,48,42,42,42,0,48,36,0,48,33,33,48,42,42,48,42,27,27,48,42,42,48,0,0,0,0,0
294,21/10/2020,0,0,0,0,4,27458,905,65.28,65,68.33,67.31,75,48,33,18,0,48,33,18,0,48,36,18,48,36,36,33,15,48,24,0,48,18,18,0,48,36,36,48,42,42,42,0,48,36,0,48,33,33,48,45,45,48,45,27,27,48,45,45,48,0,0,0,0,0
295,22/10/2020,0,0,0,0,4,27476,905,65.28,65,68.33,67.31,75,49,33,18,0,49,33,18,0,49,36,18,49,36,36,33,15,49,24,0,49,18,18,0,49,36,36,49,42,42,42,0,49,36,0,49,33,33,49,45,45,49,45,27,27,49,45,45,49,0,0,0,0,0
296,23/10/2020,0,0,0,0,4,27495,905,65.28,65,68.33,67.31,75,49,33,18,0,49,33,18,0,49,36,18,49,36,36,33,15,49,24,0,49,18,18,0,49,36,36,49,42,42,42,0,49,36,0,49,33,33,49,45,45,49,45,27,27,49,45,45,49,0,0,0,0,0
297,24/10/2020,0,0,0,0,4,27513,905,65.28,65,68.33,67.31,75,49,33,18,0,49,33,18,0,49,36,18,49,36,36,33,18,49,24,0,49,18,18,0,49,36,36,49,42,42,42,0,49,36,0,49,33,33,49,45,45,49,45,30,30,49,45,45,49,0,0,0,0,0
298,25/10/2020,0,0,0,0,4,27525,905,65.28,65,68.33,67.31,75,49,33,18,0,49,36,18,0,49,36,18,49,36,36,33,18,49,24,0,49,18,18,0,49,36,36,49,42,42,42,0,49,36,0,49,33,33,49,45,45,49,45,30,30,49,45,45,49,0,0,0,0,0
299,26/10/2020,0,0,0,0,4,27539,905,65.28,65,68.33,67.31,75,49,36,18,0,49,36,18,0,49,36,18,49,36,36,36,18,49,24,0,49,18,18,0,49,36,36,49,42,42,42,0,49,36,0,49,33,33,49,45,45,49,45,30,30,49,45,45,49,0,0,0,0,0
300,27/10/2020,0,0,0,0,4,27553,907,65.28,65,68.33,67.31,75,49,36,36,0,49,36,18,0,49,36,18,49,36,36,36,18,49,27,0,49,18,18,0,49,36,36,49,42,42,42,0,49,36,0,49,36,36,49,45,45,49,45,30,30,49,45,45,49,0,0,0,0,0
301,28/10/2020,0,0,0,0,4,27565,907,45.83,55,56.67,53.85,75,50,36,0,0,50,36,0,0,50,36,0,50,36,36,36,0,50,27,0,50,18,0,0,50,36,36,50,45,45,45,0,50,36,0,50,36,36,50,45,45,50,45,30,30,50,45,45,50,0,0,0,0,0
302,29/10/2020,0,0,0,0,4,27579,907,45.83,55,56.67,53.85,75,50,36,0,0,50,36,0,0,50,36,0,50,36,36,36,0,50,27,0,50,18,0,0,50,36,36,50,45,45,45,0,50,36,0,50,36,36,50,45,45,50,45,30,30,50,45,45,50,0,0,0,0,0
303,30/10/2020,0,0,0,0,4,27585,907,47.69,58.57,57.78,55.13,75,50,36,0,0,50,36,0,0,50,36,0,50,36,36,36,0,50,27,0,50,18,0,0,50,36,36,50,45,45,45,0,50,36,0,50,36,36,50,45,45,50,45,30,30,50,45,45,50,0,0,0,0,0
304,31/10/2020,0,0,0,0,4,27595,907,47.69,58.57,57.78,55.13,75,50,36,0,0,50,36,0,0,50,36,0,50,36,36,36,0,50,27,0,50,18,0,0,50,36,36,50,45,45,45,0,50,36,0,50,36,36,50,45,45,50,45,30,30,50,45,45,50,0,0,0,0,0
305,01/11/2020,0,0,0,0,4,27601,907,47.69,58.57,57.78,55.13,75,50,36,0,0,50,36,0,0,50,36,0,50,36,36,36,0,50,27,0,50,18,0,0,50,36,36,50,45,45,45,0,50,39,0,50,36,36,50,45,45,50,45,30,30,50,45,45,50,0,0,0,0,0
306,02/11/2020,0,0,0,0,4,27610,907,47.69,58.57,57.78,55.13,75,50,36,0,0,50,36,0,0,50,36,0,50,36,36,36,0,50,27,0,50,18,0,0,50,36,36,50,45,45,45,0,50,39,0,50,36,36,50,45,45,50,45,30,30,50,45,45,50,0,0,0,0,0
307,03/11/2020,0,0,0,0,4,27622,907,47.69,58.57,57.78,55.13,75,51,36,0,0,51,36,0,0,51,36,0,51,36,36,36,0,51,27,0,51,18,0,0,51,36,36,51,45,45,45,0,51,39,0,51,36,36,51,45,45,51,45,30,30,51,45,45,51,0,0,0,0,0
308,04/11/2020,0,0,0,0,4,27630,907,47.69,58.57,57.78,55.13,75,51,36,0,0,51,36,0,0,51,36,0,51,36,36,36,0,51,27,0,51,21,0,0,51,36,36,51,45,45,45,0,51,39,0,51,36,36,51,45,45,51,45,30,30,51,45,45,51,0,0,0,0,0
309,05/11/2020,0,0,0,1090500000,4,27644,907,50.46,61.43,57.22,54.49,75,51,36,0,0,51,36,0,0,51,39,0,51,39,39,36,18,51,27,0,51,21,0,0,51,36,36,51,45,45,45,0,51,39,0,51,36,36,51,45,45,51,45,30,0,51,45,45,51,0,0,0,0,0
310,06/11/2020,0,0,0,0,4,27652,907,50.46,61.43,57.22,54.49,75,51,36,0,0,51,36,0,0,51,39,0,51,39,39,36,18,51,27,0,51,21,0,0,51,36,36,51,45,45,45,0,51,39,0,51,36,36,51,45,45,51,45,30,0,51,45,45,51,0,0,0,0,0
311,07/11/2020,0,0,0,0,4,27658,907,50.46,61.43,57.22,54.49,75,51,36,0,0,51,36,0,0,51,39,0,51,39,39,36,18,51,27,0,51,21,0,0,51,36,36,51,45,45,45,0,51,39,0,51,36,36,51,45,45,51,45,30,0,51,45,45,51,0,0,0,0,0
312,08/11/2020,0,0,0,0,4,27665,907,52.31,61.43,58.33,55.77,75,51,36,0,0,51,36,0,0,51,39,0,51,39,39,36,18,51,27,0,51,21,0,0,51,39,39,51,45,45,45,0,51,39,0,51,36,36,51,48,48,51,48,30,0,51,48,48,51,0,0,0,0,0
313,09/11/2020,0,0,0,0,4,27669,907,52.31,61.43,58.33,55.77,75,52,36,0,0,52,36,0,0,52,39,0,52,39,39,36,18,52,27,0,52,21,0,0,52,39,39,52,45,45,45,0,52,39,0,52,36,36,52,48,48,52,48,30,0,52,48,48,52,0,0,0,0,0
314,10/11/2020,0,0,0,0,4,27671,907,52.31,61.43,58.33,55.77,75,52,36,0,0,52,36,0,0,52,39,0,52,39,39,36,18,52,27,0,52,21,0,0,52,39,39,52,45,45,45,0,52,39,0,52,36,36,52,48,48,52,48,30,0,52,48,48,52,0,0,0,0,0
315,11/11/2020,0,0,0,0,4,27675,907,52.31,61.43,58.33,55.77,75,52,36,0,0,52,36,0,0,52,39,0,52,39,39,36,21,52,27,0,52,21,0,0,52,39,39,52,45,45,45,0,52,39,0,52,36,36,52,48,48,52,48,33,0,52,48,48,52,0,0,0,0,0
316,12/11/2020,0,0,0,0,4,27676,907,52.31,61.43,58.33,55.77,75,52,36,0,0,52,39,0,0,52,39,0,52,39,39,36,21,52,27,0,52,21,0,0,52,39,39,52,45,45,45,0,52,39,0,52,36,36,52,48,48,52,48,33,0,52,48,48,52,0,0,0,0,0
317,13/11/2020,0,0,0,0,4,27682,907,52.31,61.43,58.33,55.77,75,52,39,0,0,52,39,0,0,52,39,0,52,39,39,39,21,52,27,0,52,21,0,0,52,39,39,52,45,45,45,0,52,39,0,52,36,36,52,48,48,52,48,33,0,52,48,48,52,0,0,0,0,0
318,14/11/2020,0,364632406,0,0,4,27711,907,52.31,61.43,58.33,55.77,75,52,39,0,0,52,39,0,0,52,39,0,52,39,39,39,21,52,30,0,52,21,0,0,52,39,39,52,45,45,45,0,52,39,0,52,39,39,52,48,48,52,48,33,0,52,48,48,52,0,0,0,0,0
319,15/11/2020,0,0,0,0,4,27749,907,52.31,61.43,58.33,55.77,75,53,39,0,0,53,39,0,0,53,39,0,53,39,39,39,0,53,30,0,53,21,0,0,53,39,39,53,48,48,48,0,53,39,0,53,39,39,53,48,48,53,48,33,0,53,48,48,53,0,0,0,0,0
320,16/11/2020,0,0,0,0,4,27758,907,52.31,61.43,58.33,55.77,75,53,39,0,0,53,39,0,0,53,39,0,53,39,39,39,0,53,30,0,53,21,0,0,53,39,39,53,48,48,48,0,53,39,0,53,39,39,53,48,48,53,48,33,0,53,48,48,53,0,0,0,0,0
321,17/11/2020,0,0,0,0,4,27777,907,52.31,61.43,58.33,55.77,75,53,39,0,0,53,39,0,0,53,39,0,53,39,39,39,0,53,30,0,53,21,0,0,53,39,39,53,48,48,48,0,53,39,0,53,39,39,53,48,48,53,48,33,0,53,48,48,53,0,0,0,0,0
322,18/11/2020,0,0,0,0,4,27785,907,52.31,61.43,58.33,55.77,75,53,39,0,0,53,39,0,0,53,39,0,53,39,39,39,0,53,30,0,53,21,0,0,53,39,39,53,48,48,48,0,53,39,0,53,39,39,53,48,48,53,48,33,0,53,48,48,53,0,0,0,0,0
323,19/11/2020,0,0,0,0,4,27792,907,52.31,61.43,58.33,55.77,75,53,39,0,0,53,39,0,0,53,39,0,53,39,39,39,0,53,30,0,53,21,0,0,53,39,39,53,48,48,48,0,53,42,0,53,39,39,53,48,48,53,48,33,0,53,48,48,53,0,0,0,0,0
324,20/11/2020,0,0,0,0,4,27806,907,52.31,61.43,58.33,55.77,75,53,39,0,0,53,39,0,0,53,39,0,53,39,39,39,0,53,30,0,53,21,0,0,53,39,39,53,48,48,48,0,53,42,0,53,39,39,53,48,48,53,48,33,0,53,48,48,53,0,0,0,0,0
325,21/11/2020,0,0,0,0,4,27821,907,52.31,61.43,58.33,55.77,75,54,39,0,0,54,39,0,0,54,39,0,54,39,39,39,0,54,30,0,54,21,0,0,54,39,39,54,48,48,48,0,54,42,0,54,39,39,54,48,48,54,48,33,0,54,48,48,54,0,0,0,0,0
326,22/11/2020,0,0,0,0,2,27834,907,47.22,54.29,52.78,49.36,75,54,0,0,0,54,39,0,0,54,39,0,54,39,39,39,0,54,30,0,54,24,0,0,54,39,39,54,48,48,48,0,54,42,0,54,39,39,54,48,48,54,48,33,0,54,48,48,54,0,0,0,0,0
327,23/11/2020,0,0,0,0,2,27843,907,47.22,54.29,52.78,49.36,75,54,0,0,0,54,39,0,0,54,42,0,54,42,42,39,0,54,30,0,54,24,0,0,54,39,39,54,48,48,48,0,54,42,0,54,39,39,54,48,48,54,48,33,0,54,48,48,54,0,0,0,0,0
328,24/11/2020,0,0,0,0,2,27853,907,47.22,54.29,52.78,49.36,75,54,0,0,0,54,39,0,0,54,42,0,54,42,42,39,0,54,30,0,54,24,0,0,54,39,39,54,48,48,48,0,54,42,0,54,39,39,54,48,48,54,48,33,0,54,48,48,54,0,0,0,0,0
329,25/11/2020,0,0,0,0,2,27865,907,47.22,54.29,52.78,49.36,75,54,0,0,0,54,39,0,0,54,42,0,54,42,42,39,0,54,30,0,54,24,0,0,54,39,39,54,48,48,48,0,54,42,0,54,39,39,54,48,48,54,48,33,0,54,48,48,54,0,0,0,0,0
330,26/11/2020,0,0,0,0,2,27873,907,47.22,54.29,52.78,49.36,75,54,0,0,0,54,39,0,0,54,42,0,54,42,42,39,0,54,30,0,54,24,0,0,54,42,42,54,48,48,48,0,54,42,0,54,39,39,54,51,51,54,51,33,0,54,51,51,54,0,0,0,0,0
