,Date,E3_Fiscal measures,E4_International support,H4_Emergency investment in healthcare,H5_Investment in vaccines,H6_Facial Coverings,ConfirmedCases,ConfirmedDeaths,StringencyIndex,StringencyIndexForDisplay,GovernmentResponseIndexForDisplay,ContainmentHealthIndexForDisplay,EconomicSupportIndexForDisplay,C1_School closing (0),C1_School closing (1),C1_School closing (2),C1_School closing (3),C2_Workplace closing (0),C2_Workplace closing (1),C2_Workplace closing (2),C2_Workplace closing (3),C3_Cancel public events (0),C3_Cancel public events (1),C3_Cancel public events (2),C4_Restrictions on gatherings (0),C4_Restrictions on gatherings (1),C4_Restrictions on gatherings (2),C4_Restrictions on gatherings (3),C4_Restrictions on gatherings (4),C5_Close public transport (0),C5_Close public transport (1),C5_Close public transport (2),C6_Stay at home requirements (0),C6_Stay at home requirements (1),C6_Stay at home requirements (2),C6_Stay at home requirements (3),C7_Restrictions on internal movement (0),C7_Restrictions on internal movement (1),C7_Restrictions on internal movement (2),C8_International travel controls (0),C8_International travel controls (1),C8_International travel controls (2),C8_International travel controls (3),C8_International travel controls (4),E1_Income support (0),E1_Income support (1),E1_Income support (2),E2_Debt/contract relief (0),E2_Debt/contract relief (1),E2_Debt/contract relief (2),H1_Public information campaigns (0),H1_Public information campaigns (1),H1_Public information campaigns (2),H2_Testing policy (0),H2_Testing policy (1),H2_Testing policy (2),H2_Testing policy (3),H3_Contact tracing (0),H3_Contact tracing (1),H3_Contact tracing (2),H7_Vaccination policy (0),H7_Vaccination policy (1),H7_Vaccination policy (2),H7_Vaccination policy (3),H7_Vaccination policy (4),H7_Vaccination policy (5)
1,02/01/2020,0,0,0,0,0,0,0,0,0,0,0,0,0,0,0,0,0,0,0,0,0,0,0,0,0,0,0,0,0,0,0,0,0,0,0,0,0,0,0,0,0,0,0,0,0,0,0,0,0,0,0,0,0,0,0,0,0,0,0,0,0,0,0,0,0
2,03/01/2020,0,0,0,0,0,0,0,0,0,0,0,0,0,0,0,0,0,0,0,0,0,0,0,0,0,0,0,0,0,0,0,0,0,0,0,0,0,0,0,0,0,0,0,0,0,0,0,0,0,0,0,0,0,0,0,0,0,0,0,0,0,0,0,0,0
3,04/01/2020,0,0,0,0,0,0,0,0,0,0,0,0,0,0,0,0,0,0,0,0,0,0,0,0,0,0,0,0,0,0,0,0,0,0,0,0,0,0,0,0,0,0,0,0,0,0,0,0,0,0,0,0,0,0,0,0,0,0,0,0,0,0,0,0,0
4,05/01/2020,0,0,0,0,0,0,0,0,0,0,0,0,0,0,0,0,0,0,0,0,0,0,0,0,0,0,0,0,0,0,0,0,0,0,0,0,0,0,0,0,0,0,0,0,0,0,0,0,0,0,0,0,0,0,0,0,0,0,0,0,0,0,0,0,0
5,06/01/2020,0,0,0,0,0,0,0,0,0,0,0,0,0,0,0,0,0,0,0,0,0,0,0,0,0,0,0,0,0,0,0,0,0,0,0,0,0,0,0,0,0,0,0,0,0,0,0,0,0,0,0,0,0,0,0,0,0,0,0,0,0,0,0,0,0
6,07/01/2020,0,0,0,0,0,0,0,2.78,2.78,1.67,1.92,0,0,0,0,0,0,0,0,0,0,0,0,0,0,0,0,0,0,0,0,0,0,0,0,0,0,0,0,0,0,0,0,0,0,0,0,0,0,0,0,0,0,0,0,0,0,0,0,0,0,0,0,0,0
7,08/01/2020,0,0,0,0,0,0,0,2.78,2.78,1.67,1.92,0,1,0,0,0,1,0,0,0,1,0,0,1,0,0,0,0,1,0,0,1,0,0,0,1,0,0,1,0,0,0,0,1,0,0,1,0,0,1,0,0,1,0,0,0,1,0,0,1,0,0,0,0,0
8,09/01/2020,0,0,0,0,0,0,0,2.78,2.78,1.67,1.92,0,1,0,0,0,1,0,0,0,1,0,0,1,0,0,0,0,1,0,0,1,0,0,0,1,0,0,1,0,0,0,0,1,0,0,1,0,0,1,0,0,1,0,0,0,1,0,0,1,0,0,0,0,0
9,10/01/2020,0,0,0,0,0,0,0,2.78,2.78,1.67,1.92,0,1,0,0,0,1,0,0,0,1,0,0,1,0,0,0,0,1,0,0,1,0,0,0,1,0,0,1,0,0,0,0,1,0,0,1,0,0,1,0,0,1,0,0,0,1,0,0,1,0,0,0,0,0
10,11/01/2020,0,0,0,0,0,0,0,2.78,2.78,1.67,1.92,0,1,0,0,0,1,0,0,0,1,0,0,1,0,0,0,0,1,0,0,1,0,0,0,1,0,0,1,0,0,0,0,1,0,0,1,0,0,1,0,0,1,0,0,0,1,0,0,1,0,0,0,0,0
11,12/01/2020,0,0,0,0,0,0,0,2.78,2.78,1.67,1.92,0,1,0,0,0,1,0,0,0,1,0,0,1,0,0,0,0,1,0,0,1,0,0,0,1,0,0,1,0,0,0,0,1,0,0,1,0,0,1,0,0,1,0,0,0,1,0,0,1,0,0,0,0,0
12,13/01/2020,0,0,0,0,0,0,0,2.78,2.78,1.67,1.92,0,1,0,0,0,1,0,0,0,1,0,0,1,0,0,0,0,1,0,0,1,0,0,0,1,0,0,1,1,0,0,0,1,0,0,1,0,0,1,0,0,1,0,0,0,1,0,0,1,0,0,0,0,0
13,14/01/2020,0,0,0,0,0,0,0,2.78,2.78,1.67,1.92,0,2,0,0,0,2,0,0,0,2,0,0,2,0,0,0,0,2,0,0,2,0,0,0,2,0,0,2,0,0,0,0,2,0,0,2,0,0,2,0,0,2,0,0,0,2,0,0,2,0,0,0,0,0
14,15/01/2020,0,0,0,0,0,0,0,2.78,2.78,7.22,8.33,0,2,0,0,0,2,0,0,0,2,0,0,2,0,0,0,0,2,0,0,2,0,0,0,2,0,0,2,0,0,0,0,2,0,0,2,0,0,2,0,0,2,0,0,0,2,0,0,2,0,0,0,0,0
15,16/01/2020,0,0,0,0,0,0,0,2.78,2.78,7.22,8.33,0,2,0,0,0,2,0,0,0,2,0,0,2,0,0,0,0,2,0,0,2,0,0,0,2,0,0,2,0,0,0,0,2,0,0,2,0,0,2,0,0,2,0,0,0,2,0,0,2,0,0,0,0,0
16,17/01/2020,0,0,0,0,0,0,0,2.78,2.78,7.22,8.33,0,2,0,0,0,2,0,0,0,2,0,0,2,0,0,0,0,2,0,0,2,0,0,0,2,0,0,2,0,0,0,0,2,0,0,2,0,0,2,0,0,2,0,0,0,2,0,0,2,0,0,0,0,0
17,18/01/2020,0,0,0,0,0,0,0,2.78,2.78,7.22,8.33,0,2,0,0,0,2,0,0,0,2,0,0,2,0,0,0,0,2,0,0,2,0,0,0,2,0,0,2,0,0,0,0,2,0,0,2,0,0,2,0,0,2,0,0,0,2,0,0,2,0,0,0,0,0
18,19/01/2020,0,0,0,0,0,0,0,2.78,2.78,7.22,8.33,0,2,0,0,0,2,0,0,0,2,0,0,2,0,0,0,0,2,0,0,2,0,0,0,2,0,0,2,2,0,0,0,2,0,0,2,0,0,2,0,0,2,0,0,0,2,0,0,2,0,0,0,0,0
19,20/01/2020,0,0,0,0,0,0,0,2.78,2.78,7.22,8.33,0,3,0,0,0,3,0,0,0,3,0,0,3,0,0,0,0,3,0,0,3,0,0,0,3,0,0,3,0,0,0,0,3,0,0,3,0,0,3,0,0,3,0,0,0,3,0,0,3,0,0,0,0,0
20,21/01/2020,0,0,0,0,0,0,0,2.78,2.78,7.22,8.33,0,3,0,0,0,3,0,0,0,3,0,0,3,0,0,0,0,3,0,0,3,0,0,0,3,0,0,3,0,0,0,0,3,0,0,3,0,0,3,0,0,3,0,0,0,3,0,0,3,0,0,0,0,0
21,22/01/2020,0,0,0,0,0,2,0,2.78,2.78,7.22,8.33,0,3,0,0,0,3,0,0,0,3,0,0,3,0,0,0,0,3,0,0,3,0,0,0,3,0,0,3,0,0,0,0,3,0,0,3,0,0,3,0,0,3,0,0,0,3,0,0,3,0,0,0,0,0
22,23/01/2020,0,0,0,0,0,2,0,2.78,2.78,7.22,8.33,0,3,0,0,0,3,0,0,0,3,0,0,3,0,0,0,0,3,0,0,3,0,0,0,3,0,0,3,0,0,0,0,3,0,0,3,0,0,3,0,0,3,0,0,0,3,0,0,3,0,0,0,0,0
23,24/01/2020,0,0,0,0,0,2,0,2.78,2.78,7.22,8.33,0,3,0,0,0,3,0,0,0,3,0,0,3,0,0,0,0,3,0,0,3,0,0,0,3,0,0,3,0,0,0,0,3,0,0,3,0,0,3,0,0,3,0,0,0,3,0,0,3,0,0,0,0,0
24,25/01/2020,0,0,0,0,0,2,0,2.78,2.78,7.22,8.33,0,3,0,0,0,3,0,0,0,3,0,0,3,0,0,0,0,3,0,0,3,0,0,0,3,0,0,3,3,0,0,0,3,0,0,3,0,0,3,0,0,3,0,0,0,3,0,0,3,0,0,0,0,0
25,26/01/2020,0,0,0,0,0,4,0,2.78,2.78,7.22,8.33,0,4,0,0,0,4,0,0,0,4,0,0,4,0,0,0,0,4,0,0,4,0,0,0,4,0,0,4,3,0,0,0,4,0,0,4,0,0,4,0,0,4,0,0,0,4,0,0,4,0,0,0,0,0
26,27/01/2020,0,0,0,0,0,4,0,2.78,2.78,7.22,8.33,0,4,0,0,0,4,0,0,0,4,0,0,4,0,0,0,0,4,0,0,4,0,0,0,4,0,0,4,3,0,0,0,4,0,0,4,0,0,4,0,0,4,0,0,0,4,0,0,4,0,0,0,0,0
27,28/01/2020,0,0,0,0,0,7,0,2.78,2.78,7.22,8.33,0,4,0,0,0,4,0,0,0,4,0,0,4,0,0,0,0,4,0,0,4,0,0,0,4,0,0,4,3,0,0,0,4,0,0,4,0,0,4,0,0,4,0,0,0,4,0,0,4,0,0,0,0,0
28,29/01/2020,0,0,0,0,0,7,0,2.78,2.78,7.22,8.33,0,4,0,0,0,4,0,0,0,4,0,0,4,0,0,0,0,4,0,0,4,0,0,0,4,0,0,4,3,0,0,0,4,0,0,4,0,0,4,0,0,4,0,0,0,4,0,0,4,0,0,0,0,0
29,30/01/2020,0,0,0,0,0,11,0,2.78,2.78,7.22,8.33,0,4,0,0,0,4,0,0,0,4,0,0,4,0,0,0,0,4,0,0,4,0,0,0,4,0,0,4,3,0,0,0,4,0,0,4,0,0,4,0,0,4,0,0,0,4,0,0,4,0,0,0,0,0
30,31/01/2020,0,0,0,0,0,15,0,2.78,2.78,7.22,8.33,0,4,0,0,0,4,0,0,0,4,0,0,4,0,0,0,0,4,0,0,4,0,0,0,4,0,0,4,4,0,0,0,4,0,0,4,0,0,4,0,0,4,0,0,0,4,0,0,4,0,0,0,0,0
31,01/02/2020,0,0,0,0,0,20,0,8.33,8.33,10.56,12.18,0,5,0,0,0,5,0,0,0,5,0,0,5,0,0,0,0,5,0,0,5,0,0,0,5,0,0,5,3,0,0,0,5,0,0,5,0,0,5,0,0,5,0,0,0,5,0,0,5,0,0,0,0,0
32,02/02/2020,0,0,0,0,0,20,0,8.33,8.33,10.56,12.18,0,5,0,0,0,5,0,0,0,5,0,0,5,0,0,0,0,5,0,0,5,0,0,0,5,0,0,5,3,0,0,0,5,0,0,5,0,0,5,0,0,5,3,0,0,5,3,0,5,0,0,0,0,0
33,03/02/2020,0,0,0,0,0,20,0,8.33,8.33,10.56,12.18,0,5,0,0,0,5,0,0,0,5,0,0,5,0,0,0,0,5,0,0,5,0,0,0,5,0,0,5,3,0,0,0,5,0,0,5,0,0,5,0,0,5,3,0,0,5,3,0,5,0,0,0,0,0
34,04/02/2020,0,0,0,0,0,22,0,19.44,19.44,17.22,19.87,0,5,0,0,0,5,0,0,0,5,0,0,5,0,0,0,0,5,0,0,5,0,0,0,5,0,0,5,3,0,0,0,5,0,0,5,0,0,5,0,0,5,3,0,0,5,3,0,5,0,0,0,0,0
35,05/02/2020,0,0,0,0,0,23,0,19.44,19.44,17.22,19.87,0,5,0,0,0,5,0,0,0,5,0,0,5,0,0,0,0,5,0,0,5,0,0,0,5,0,0,5,3,0,0,0,5,0,0,5,0,0,5,0,0,5,3,0,0,5,3,0,5,0,0,0,0,0
36,06/02/2020,0,0,0,0,0,23,0,19.44,19.44,17.22,19.87,0,5,0,0,0,5,0,0,0,5,0,0,5,0,0,0,0,5,0,0,5,0,0,0,5,0,0,5,5,0,0,0,5,0,0,5,0,0,5,0,0,5,3,0,0,5,3,0,5,0,0,0,0,0
37,07/02/2020,0,0,0,0,0,23,0,19.44,19.44,17.22,19.87,0,6,0,0,0,6,0,0,0,6,0,0,6,0,0,0,0,6,0,0,6,0,0,0,6,0,0,6,3,0,0,0,6,0,0,6,0,0,6,0,0,6,3,0,0,6,3,0,6,0,0,0,0,0
38,08/02/2020,0,0,0,0,0,24,0,19.44,19.44,17.22,19.87,0,6,0,0,0,6,0,0,0,6,0,0,6,0,0,0,0,6,0,0,6,0,0,0,6,0,0,6,3,0,0,0,6,0,0,6,0,0,6,0,0,6,3,0,0,6,3,0,6,0,0,0,0,0
39,09/02/2020,0,0,0,0,0,24,0,19.44,19.44,17.22,19.87,0,6,0,0,0,6,0,0,0,6,0,0,6,0,0,0,0,6,0,0,6,0,0,0,6,0,0,6,3,0,0,0,6,0,0,6,0,0,6,0,0,6,3,0,0,6,3,0,6,0,0,0,0,0
40,10/02/2020,0,0,0,0,0,26,0,19.44,19.44,17.22,19.87,0,6,0,0,0,6,0,0,0,6,0,0,6,0,0,0,0,6,0,0,6,0,0,0,6,0,0,6,3,0,0,0,6,0,0,6,0,0,6,0,0,6,3,0,0,6,3,0,6,0,0,0,0,0
41,11/02/2020,0,0,0,0,0,27,0,19.44,19.44,17.22,19.87,0,6,0,0,0,6,0,0,0,6,0,0,6,0,0,0,0,6,0,0,6,0,0,0,6,0,0,6,3,0,0,0,6,0,0,6,0,0,6,0,0,6,3,0,0,6,3,0,6,0,0,0,0,0
42,12/02/2020,0,0,0,0,0,28,0,19.44,19.44,17.22,19.87,0,6,0,0,0,6,0,0,0,6,0,0,6,0,0,0,0,6,0,0,6,0,0,0,6,0,0,6,6,0,0,0,6,0,0,6,0,0,6,0,0,6,3,0,0,6,3,0,6,0,0,0,0,0
43,13/02/2020,81949436,0,60530834,0,0,33,1,19.44,19.44,17.22,19.87,0,7,0,0,0,7,0,0,0,7,0,0,7,0,0,0,0,7,0,0,7,0,0,0,7,0,0,7,6,0,0,0,7,0,0,7,0,0,7,0,0,7,3,0,0,7,3,0,7,0,0,0,0,0
44,14/02/2020,0,0,0,0,0,43,1,19.44,19.44,17.22,19.87,0,7,0,0,0,7,0,0,0,7,0,0,7,0,0,0,0,7,0,0,7,0,0,0,7,0,0,7,6,0,0,0,7,0,0,7,0,0,7,0,0,7,3,0,0,7,3,0,7,0,0,0,0,0
45,15/02/2020,0,0,0,0,0,54,1,19.44,19.44,17.22,19.87,0,7,0,0,0,7,0,0,0,7,0,0,7,0,0,0,0,7,0,0,7,0,0,0,7,0,0,7,6,0,0,0,7,0,0,7,0,0,7,0,0,7,3,0,0,7,3,0,7,0,0,0,0,0
46,16/02/2020,0,0,0,0,0,60,1,19.44,19.44,17.22,19.87,0,7,0,0,0,7,0,0,0,7,0,0,7,0,0,0,0,7,0,0,7,0,0,0,7,0,0,7,6,0,0,0,7,0,0,7,0,0,7,0,0,7,3,0,0,7,3,0,7,0,0,0,0,0
47,17/02/2020,0,0,0,0,0,67,1,19.44,19.44,17.22,19.87,0,7,0,0,0,7,0,0,0,7,0,0,7,0,0,0,0,7,0,0,7,0,0,0,7,0,0,7,6,0,0,0,7,0,0,7,0,0,7,0,0,7,3,0,0,7,3,0,7,0,0,0,0,0
48,18/02/2020,0,0,0,0,0,79,2,19.44,19.44,17.22,19.87,0,7,0,0,0,7,0,0,0,7,0,0,7,0,0,0,0,7,0,0,7,0,0,0,7,0,0,7,7,0,0,0,7,0,0,7,0,0,7,0,0,7,3,0,0,7,3,0,7,0,0,0,0,0
49,19/02/2020,0,0,0,0,0,85,2,19.44,19.44,17.22,19.87,0,8,0,0,0,8,0,0,0,8,0,0,8,0,0,0,0,8,0,0,8,0,0,0,8,0,0,8,6,3,3,0,8,0,0,8,0,0,8,0,0,8,3,0,0,8,3,0,8,0,0,0,0,0
50,20/02/2020,0,0,0,0,0,95,2,25,25,20.56,23.72,0,8,0,0,0,8,0,0,0,8,0,0,8,0,0,0,0,8,0,0,8,0,0,0,8,0,0,8,6,3,3,0,8,0,0,8,0,0,8,0,0,8,6,0,0,8,6,0,8,0,0,0,0,0
51,21/02/2020,0,0,0,0,0,112,2,25,25,20.56,23.72,0,8,0,0,0,8,0,0,0,8,0,0,8,0,0,0,0,8,0,0,8,0,0,0,8,0,0,8,6,3,3,0,8,0,0,8,0,0,8,0,0,8,6,0,0,8,6,0,8,0,0,0,0,0
52,22/02/2020,0,0,0,0,0,137,2,25,25,20.56,23.72,0,8,0,0,0,8,0,0,0,8,0,0,8,0,0,0,0,8,0,0,8,0,0,0,8,0,0,8,6,3,3,0,8,0,0,8,0,0,8,3,3,8,6,0,0,8,6,0,8,0,0,0,0,0
53,23/02/2020,0,0,0,0,0,149,2,25,25,20.56,23.72,0,8,0,0,0,8,0,0,0,8,0,0,8,0,0,0,0,8,0,0,8,0,0,0,8,0,0,8,6,3,3,0,8,0,0,8,0,0,8,3,3,8,6,0,0,8,6,0,8,0,0,0,0,0
54,24/02/2020,0,0,0,0,0,160,2,25,25,20.56,23.72,0,8,0,0,0,8,0,0,0,8,0,0,8,0,0,0,0,8,0,0,8,0,0,0,8,0,0,8,8,3,3,0,8,0,0,8,0,0,8,3,3,8,6,0,0,8,6,0,8,0,0,0,0,0
55,25/02/2020,0,0,0,0,0,173,3,34.26,34.26,26.11,30.13,0,9,0,0,0,9,0,0,0,9,0,0,9,0,0,0,0,9,0,0,9,0,0,0,9,0,0,9,6,3,3,0,9,0,0,9,0,0,9,3,3,9,6,0,0,9,6,0,9,0,0,0,0,0
56,26/02/2020,0,0,0,0,0,192,3,34.26,34.26,26.11,30.13,0,9,0,0,0,9,0,0,0,9,0,0,9,0,0,0,0,9,0,0,9,0,0,0,9,0,0,9,6,3,3,0,9,0,0,9,0,0,9,3,3,9,6,0,0,9,6,0,9,0,0,0,0,0
57,27/02/2020,0,0,0,0,0,218,4,34.26,34.26,26.11,30.13,0,9,0,0,0,9,0,0,0,9,0,0,9,0,0,0,0,9,0,0,9,0,0,0,9,0,0,9,6,3,3,0,9,0,0,9,0,0,9,3,3,9,6,0,0,9,6,0,9,0,0,0,0,0
58,28/02/2020,0,0,0,0,0,236,5,34.26,34.26,26.11,30.13,0,9,0,0,0,9,0,0,0,9,0,0,9,0,0,0,0,9,0,0,9,0,0,0,9,0,0,9,6,3,3,0,9,0,0,9,0,0,9,3,3,9,6,0,0,9,6,0,9,0,0,0,0,0
59,29/02/2020,0,0,0,0,0,245,6,34.26,34.26,26.11,30.13,0,9,0,0,0,9,0,0,0,9,0,0,9,0,0,0,0,9,0,0,9,0,0,0,9,0,0,9,6,3,3,0,9,0,0,9,0,0,9,3,3,9,6,0,0,9,6,0,9,0,0,0,0,0
60,01/03/2020,0,0,0,0,1,259,6,34.26,34.26,27.78,32.05,0,9,0,0,0,9,0,0,0,9,0,0,9,0,0,0,0,9,0,0,9,0,0,0,9,0,0,9,9,3,3,0,9,0,0,9,0,0,9,3,3,9,6,0,0,9,6,0,9,0,0,0,0,0
61,02/03/2020,0,0,0,0,1,278,6,43.52,43.52,33.33,38.46,0,10,0,0,0,10,0,0,0,10,0,0,10,0,0,0,0,10,0,0,10,0,0,0,10,0,0,10,9,3,3,0,10,0,0,10,0,0,10,3,3,10,6,0,0,10,6,0,10,0,0,0,0,0
62,03/03/2020,0,0,0,0,1,298,6,43.52,43.52,33.33,38.46,0,10,0,0,0,10,0,0,0,10,0,0,10,0,0,0,0,10,0,0,10,0,0,0,10,0,0,10,9,3,3,0,10,0,0,10,0,0,10,3,3,10,6,0,0,10,6,0,10,0,0,0,0,0
63,04/03/2020,0,0,0,0,1,333,7,43.52,43.52,33.33,38.46,0,10,0,0,0,10,0,0,0,10,0,0,10,0,0,0,0,10,0,0,10,0,0,0,10,0,0,10,9,3,3,0,10,0,0,10,0,0,10,3,3,10,6,0,0,10,6,0,10,0,0,0,0,0
64,05/03/2020,0,0,0,0,1,365,7,43.52,43.52,33.33,38.46,0,10,0,0,0,10,0,0,0,10,0,0,10,0,0,0,0,10,0,0,10,0,0,0,10,0,0,10,9,3,3,0,10,0,0,10,0,0,10,3,3,10,6,0,0,10,6,0,10,0,0,0,0,0
65,06/03/2020,0,0,0,0,1,420,7,43.52,43.52,33.33,38.46,0,10,0,0,0,10,0,0,0,10,0,0,10,0,0,0,0,10,0,0,10,0,0,0,10,0,0,10,9,3,3,0,10,0,0,10,0,0,10,3,3,10,6,0,0,10,6,0,10,0,0,0,0,0
66,07/03/2020,0,0,0,0,1,466,7,43.52,43.52,33.33,38.46,0,10,0,0,0,10,0,0,0,10,0,0,10,0,0,0,0,10,0,0,10,0,0,0,10,0,0,10,10,3,3,0,10,0,0,10,0,0,10,3,3,10,6,0,0,10,6,0,10,0,0,0,0,0
67,08/03/2020,0,0,0,0,1,499,8,43.52,43.52,33.33,38.46,0,11,0,0,0,11,0,0,0,11,0,0,11,0,0,0,0,11,0,0,11,0,0,0,11,0,0,11,9,6,6,0,11,0,0,11,0,0,11,3,3,11,6,0,0,11,6,0,11,0,0,0,0,0
68,09/03/2020,0,0,0,0,1,527,10,40.74,40.74,31.67,36.54,0,11,0,0,0,11,0,0,0,11,3,0,11,0,0,0,0,11,0,0,11,0,0,0,11,0,0,11,9,6,0,0,11,0,0,11,0,0,11,3,3,11,9,0,0,11,9,0,11,0,0,0,0,0
69,10/03/2020,3685314415,0,468619258,0,1,585,13,40.74,40.74,31.67,36.54,0,11,0,0,0,11,0,0,0,11,3,0,11,0,0,0,0,11,0,0,11,0,0,0,11,0,0,11,9,6,0,0,11,0,0,11,0,0,11,3,3,11,9,0,0,11,9,0,11,0,0,0,0,0
70,11/03/2020,0,0,0,0,1,640,15,40.74,40.74,31.67,36.54,0,11,0,0,0,11,0,0,0,11,3,0,11,0,0,0,0,11,0,0,11,0,0,0,11,0,0,11,9,6,0,0,11,0,0,11,0,0,11,6,6,11,9,0,0,11,9,0,11,0,0,0,0,0
71,12/03/2020,0,0,0,0,1,696,19,40.74,40.74,31.67,36.54,0,11,0,0,0,11,0,0,0,11,3,0,11,0,0,0,0,11,0,0,11,0,0,0,11,0,0,11,9,6,0,0,11,0,0,11,0,0,11,6,6,11,9,0,0,11,9,0,11,0,0,0,0,0
72,13/03/2020,0,0,0,0,1,733,21,40.74,40.74,31.67,36.54,0,11,0,0,0,11,0,0,0,11,3,0,11,0,0,0,0,11,0,0,11,0,0,0,11,0,0,11,11,6,0,0,11,0,0,11,0,0,11,6,6,11,9,0,0,11,9,0,11,0,0,0,0,0
73,14/03/2020,0,0,0,0,1,795,22,40.74,40.74,31.67,36.54,0,12,0,0,0,12,3,0,0,12,3,0,12,0,0,0,0,12,0,0,12,0,0,0,12,3,0,12,9,6,0,0,12,0,0,12,0,0,12,6,6,12,9,0,0,12,9,0,12,0,0,0,0,0
74,15/03/2020,0,0,0,0,1,826,24,40.74,40.74,31.67,36.54,0,12,0,0,0,12,3,0,0,12,3,0,12,0,0,0,0,12,0,0,12,0,0,0,12,3,0,12,9,6,0,0,12,0,0,12,0,0,12,6,6,12,9,0,0,12,9,0,12,0,0,0,0,0
75,16/03/2020,0,0,0,0,1,843,30,40.74,40.74,38.33,36.54,50,12,0,0,0,12,3,0,0,12,3,0,12,0,0,0,0,12,0,0,12,0,0,0,12,3,0,12,9,6,0,0,12,0,0,12,0,0,12,6,6,12,9,0,0,12,9,0,12,0,0,0,0,0
76,17/03/2020,0,0,0,0,1,893,30,40.74,40.74,38.33,36.54,50,12,0,0,0,12,3,0,0,12,3,0,12,0,0,0,0,12,0,0,12,0,0,0,12,3,0,12,9,6,0,0,12,0,0,12,0,0,12,6,6,12,9,0,0,12,9,0,12,0,0,0,0,0
77,18/03/2020,0,0,0,0,1,928,32,40.74,40.74,38.33,36.54,50,12,0,0,0,12,3,0,0,12,3,0,12,0,0,0,0,12,0,0,12,0,0,0,12,3,0,12,9,6,0,0,12,0,0,12,0,0,12,6,6,12,9,0,0,12,9,0,12,0,0,0,0,0
78,19/03/2020,0,0,0,0,1,968,33,40.74,40.74,38.33,36.54,50,12,0,0,0,12,3,0,0,12,3,0,12,0,0,0,0,12,0,0,12,0,0,0,12,3,0,12,12,6,0,0,12,0,0,12,0,0,12,6,6,12,9,0,0,12,9,0,12,0,0,0,0,0
79,20/03/2020,0,0,0,0,1,1022,34,40.74,40.74,38.33,36.54,50,13,3,3,3,13,3,0,0,13,3,0,13,0,0,0,0,13,0,0,13,0,0,0,13,3,0,13,12,6,0,0,13,0,0,13,0,0,13,6,6,13,9,0,0,13,9,0,13,0,0,0,0,0
80,21/03/2020,0,0,0,0,1,1059,36,40.74,40.74,38.33,36.54,50,13,3,3,3,13,3,0,0,13,3,0,13,0,0,0,0,13,0,0,13,0,0,0,13,3,0,13,12,6,0,0,13,0,0,13,0,0,13,6,6,13,9,0,0,13,9,0,13,0,0,0,0,0
81,22/03/2020,0,0,0,0,1,1104,40,40.74,40.74,38.33,36.54,50,13,3,3,3,13,3,0,0,13,3,0,13,0,0,0,0,13,0,0,13,0,0,0,13,3,0,13,12,6,0,0,13,0,0,13,0,0,13,6,6,13,9,0,0,13,9,0,13,0,0,0,0,0
82,23/03/2020,0,0,0,0,1,1144,41,40.74,40.74,38.33,36.54,50,13,3,3,3,13,3,0,0,13,3,0,13,0,0,0,0,13,0,0,13,0,0,0,13,3,0,13,12,6,0,0,13,0,0,13,0,0,13,6,6,13,9,0,0,13,9,0,13,0,0,0,0,0
83,24/03/2020,0,0,0,0,1,1217,42,40.74,40.74,38.33,36.54,50,13,3,3,3,13,3,0,0,13,3,0,13,0,0,0,0,13,0,0,13,0,0,0,13,3,0,13,12,6,0,0,13,0,0,13,0,0,13,6,6,13,9,0,0,13,9,0,13,0,0,0,0,0
84,25/03/2020,0,0,0,0,1,1314,45,40.74,40.74,38.33,36.54,50,13,3,3,3,13,3,0,0,13,3,0,13,0,0,0,0,13,0,0,13,0,0,0,13,3,0,13,13,6,0,0,13,0,0,13,0,0,13,6,6,13,9,0,0,13,9,0,13,0,0,0,0,0
85,26/03/2020,0,0,0,0,1,1416,47,40.74,40.74,38.33,36.54,50,14,3,3,3,14,3,0,0,14,3,0,14,0,0,0,0,14,0,0,14,0,0,0,14,3,0,14,12,9,0,0,14,0,0,14,0,0,14,6,6,14,9,0,0,14,9,0,14,0,0,0,0,0
86,27/03/2020,0,0,0,0,1,1530,53,40.74,40.74,38.33,36.54,50,14,3,3,3,14,3,0,0,14,6,0,14,0,0,0,0,14,0,0,14,0,0,0,14,3,0,14,12,9,0,0,14,0,0,14,0,0,14,6,6,14,12,0,0,14,12,0,14,0,0,0,0,0
87,28/03/2020,0,0,0,0,1,1728,56,40.74,40.74,38.33,36.54,50,14,3,3,3,14,3,0,0,14,6,0,14,0,0,0,0,14,0,0,14,0,0,0,14,3,0,14,12,9,0,0,14,0,0,14,0,0,14,6,6,14,12,0,0,14,12,0,14,0,0,0,0,0
88,29/03/2020,0,0,0,0,1,1907,63,40.74,40.74,38.33,36.54,50,14,3,3,3,14,3,0,0,14,6,0,14,0,0,0,0,14,0,0,14,0,0,0,14,3,0,14,12,9,0,0,14,0,0,14,0,0,14,9,9,14,12,0,0,14,12,0,14,0,0,0,0,0
89,30/03/2020,0,0,0,0,1,2001,65,40.74,40.74,38.33,36.54,50,14,3,3,3,14,3,0,0,14,6,0,14,0,0,0,0,14,0,0,14,0,0,0,14,3,0,14,12,9,0,0,14,0,0,14,0,0,14,9,9,14,12,0,0,14,12,0,14,0,0,0,0,0
90,31/03/2020,0,0,0,0,1,2255,67,40.74,40.74,38.33,36.54,50,14,3,3,3,14,3,0,0,14,6,0,14,0,0,0,0,14,0,0,14,0,0,0,14,3,0,14,14,9,0,0,14,0,0,14,0,0,14,9,9,14,12,0,0,14,12,0,14,0,0,0,0,0
91,01/04/2020,0,0,0,0,1,2535,72,40.74,40.74,38.33,36.54,50,15,3,3,3,15,6,0,0,15,6,0,15,0,0,0,0,15,0,0,15,0,0,0,15,6,0,15,12,9,0,0,15,0,0,15,0,0,15,9,9,15,12,0,0,15,12,0,15,0,0,0,0,0
92,02/04/2020,0,8.34353E+11,0,0,1,2818,75,40.74,40.74,38.33,36.54,50,15,3,3,3,15,6,0,0,15,6,0,15,0,0,0,0,15,0,0,15,0,0,0,15,6,0,15,12,9,0,0,15,0,0,15,0,0,15,9,9,15,12,0,0,15,12,0,15,0,0,0,0,0
93,03/04/2020,0,0,0,0,1,3154,81,43.52,43.52,40,38.46,50,15,3,3,3,15,6,0,0,15,6,0,15,0,0,0,0,15,0,0,15,0,0,0,15,6,0,15,12,9,0,0,15,0,0,15,3,3,15,9,9,15,12,0,0,15,12,0,15,0,0,0,0,0
94,04/04/2020,0,0,0,0,1,3525,87,43.52,43.52,40,38.46,50,15,3,3,3,15,6,0,0,15,6,0,15,0,0,0,0,15,0,0,15,0,0,0,15,6,0,15,12,9,0,0,15,0,0,15,3,3,15,9,9,15,12,0,0,15,12,0,15,0,0,0,0,0
95,05/04/2020,0,0,0,0,1,3876,93,43.52,43.52,40,38.46,50,15,3,3,3,15,6,0,0,15,6,0,15,0,0,0,0,15,0,0,15,0,0,0,15,6,0,15,12,9,0,0,15,0,0,15,3,3,15,9,9,15,12,0,0,15,12,0,15,0,0,0,0,0
96,06/04/2020,0,0,0,0,1,4110,96,43.52,43.52,40,38.46,50,15,3,3,3,15,6,0,0,15,6,0,15,0,0,0,0,15,0,0,15,0,0,0,15,6,0,15,15,9,0,0,15,0,0,15,3,3,15,9,9,15,12,0,0,15,12,0,15,0,0,0,0,0
97,07/04/2020,9.90863E+11,0,0,0,1,4485,98,45.37,45.37,41.11,39.74,50,16,6,6,6,16,6,0,0,16,6,0,16,0,0,0,0,16,0,0,16,0,0,0,16,6,0,16,15,9,0,0,16,0,0,16,3,3,16,9,9,16,12,0,0,16,12,0,16,0,0,0,0,0
98,08/04/2020,0,0,0,0,1,5020,105,45.37,45.37,41.11,39.74,50,16,6,6,6,16,6,0,0,16,6,0,16,0,0,0,0,16,0,0,16,0,0,0,16,6,0,16,15,9,0,0,16,0,0,16,3,3,16,9,9,16,12,0,0,16,12,0,16,0,0,0,0,0
99,09/04/2020,0,0,0,0,1,5614,113,45.37,45.37,41.11,39.74,50,16,6,6,6,16,6,0,0,16,6,0,16,0,0,0,0,16,0,0,16,0,0,0,16,6,0,16,15,9,0,0,16,0,0,16,3,3,16,9,9,16,12,0,0,16,12,0,16,0,0,0,0,0
100,10/04/2020,0,0,0,0,1,6250,125,45.37,45.37,41.11,39.74,50,16,6,6,6,16,6,0,0,16,6,0,16,0,0,0,0,16,0,0,16,0,0,0,16,6,0,16,15,9,0,0,16,0,0,16,3,3,16,9,9,16,12,0,0,16,12,0,16,0,0,0,0,0
101,11/04/2020,0,0,0,0,1,6951,138,45.37,45.37,41.11,39.74,50,16,6,6,6,16,6,0,0,16,6,0,16,0,0,0,0,16,0,0,16,0,0,0,16,6,0,16,15,9,0,0,16,0,0,16,3,3,16,9,9,16,12,0,0,16,12,0,16,0,0,0,0,0
102,12/04/2020,0,0,0,0,1,7473,147,45.37,45.37,41.11,39.74,50,16,6,6,6,16,6,0,0,16,6,0,16,0,0,0,0,16,0,0,16,0,0,0,16,6,0,16,16,9,0,0,16,0,0,16,3,3,16,9,9,16,12,0,0,16,12,0,16,0,0,0,0,0
103,13/04/2020,0,0,0,0,1,7773,156,45.37,45.37,41.11,39.74,50,17,6,6,6,17,6,0,0,17,6,0,17,0,0,0,0,17,0,0,17,0,0,0,17,6,0,17,15,12,0,0,17,0,0,17,3,3,17,9,9,17,12,0,0,17,12,0,17,0,0,0,0,0
104,14/04/2020,0,0,0,0,1,8277,170,45.37,45.37,41.11,39.74,50,17,6,6,6,17,6,0,0,17,9,0,17,0,0,0,0,17,0,0,17,0,0,0,17,6,0,17,15,12,0,0,17,0,0,17,3,3,17,9,9,17,15,0,0,17,15,0,17,0,0,0,0,0
105,15/04/2020,0,0,0,0,1,8835,186,45.37,45.37,41.11,39.74,50,17,6,6,6,17,6,0,0,17,9,0,17,0,0,0,0,17,0,0,17,0,0,0,17,6,0,17,15,12,0,0,17,0,0,17,3,3,17,9,9,17,15,0,0,17,15,0,17,0,0,0,0,0
106,16/04/2020,0,2458012369,0,0,1,9398,204,47.22,47.22,45.56,41.03,75,17,6,6,6,17,6,0,0,17,9,0,17,0,0,0,0,17,0,0,17,0,0,0,17,6,0,17,15,12,0,0,17,0,0,17,3,3,17,12,12,17,15,0,0,17,15,0,17,0,0,0,0,0
107,17/04/2020,0,0,0,0,1,9958,217,47.22,47.22,45.56,41.03,75,17,6,6,6,17,6,0,0,17,9,0,17,0,0,0,0,17,0,0,17,0,0,0,17,6,0,17,15,12,0,0,17,0,0,17,3,3,17,12,12,17,15,0,0,17,15,0,17,0,0,0,0,0
108,18/04/2020,0,0,0,0,1,10548,236,47.22,47.22,45.56,41.03,75,17,6,6,6,17,6,0,0,17,9,0,17,0,0,0,0,17,0,0,17,0,0,0,17,6,0,17,17,12,0,0,17,0,0,17,3,3,17,12,12,17,15,0,0,17,15,0,17,0,0,0,0,0
109,19/04/2020,0,0,0,0,1,10914,255,47.22,47.22,45.56,41.03,75,18,6,6,6,18,9,0,0,18,9,0,18,0,0,0,0,18,0,0,18,0,0,0,18,9,0,18,15,12,0,0,18,0,0,18,3,3,18,12,12,18,15,0,0,18,15,0,18,0,0,0,0,0
110,20/04/2020,0,0,16801000000,0,1,11258,275,47.22,47.22,45.56,41.03,75,18,6,6,6,18,9,0,0,18,9,0,18,0,0,0,0,18,0,0,18,0,0,0,18,9,0,18,15,12,0,0,18,0,0,18,3,3,18,12,12,18,15,0,0,18,15,0,18,0,0,0,0,0
111,21/04/2020,0,0,0,0,1,11641,303,47.22,47.22,45.56,41.03,75,18,6,6,6,18,9,0,0,18,9,0,18,0,0,0,0,18,0,0,18,0,0,0,18,9,0,18,15,12,3,0,18,0,0,18,6,6,18,12,12,18,15,0,0,18,15,0,18,0,0,0,0,0
112,22/04/2020,0,0,0,0,1,12037,323,47.22,47.22,45.56,41.03,75,18,6,6,6,18,9,0,0,18,9,0,18,0,0,0,0,18,0,0,18,0,0,0,18,9,0,18,15,12,3,0,18,0,0,18,6,6,18,12,12,18,15,0,0,18,15,0,18,0,0,0,0,0
113,23/04/2020,0,0,0,0,1,12469,351,47.22,47.22,45.56,41.03,75,18,6,6,6,18,9,0,0,18,9,0,18,0,0,0,0,18,0,0,18,0,0,0,18,9,0,18,15,12,3,0,18,0,0,18,6,6,18,12,12,18,15,0,0,18,15,0,18,0,0,0,0,0
114,24/04/2020,0,0,0,0,1,12854,360,47.22,47.22,45.56,41.03,75,18,6,6,6,18,9,0,0,18,9,0,18,0,0,0,0,18,0,0,18,0,0,0,18,9,0,18,18,12,3,0,18,0,0,18,6,6,18,12,12,18,15,0,0,18,15,0,18,0,0,0,0,0
115,25/04/2020,0,0,0,0,1,13186,379,47.22,47.22,45.56,41.03,75,19,9,9,9,19,9,0,0,19,9,0,19,0,0,0,0,19,0,0,19,3,0,0,19,9,0,19,18,12,3,0,19,0,0,19,6,6,19,12,12,19,15,0,0,19,15,0,19,0,0,0,0,0
116,26/04/2020,0,0,0,0,1,13405,395,47.22,47.22,45.56,41.03,75,19,9,9,9,19,9,0,0,19,9,0,19,0,0,0,0,19,0,0,19,3,0,0,19,9,0,19,18,12,3,0,19,0,0,19,6,6,19,12,12,19,15,0,0,19,15,0,19,0,0,0,0,0
117,27/04/2020,0,0,0,0,1,13576,417,47.22,47.22,45.56,41.03,75,19,9,9,9,19,9,0,0,19,9,0,19,0,0,0,0,19,0,0,19,3,0,0,19,9,0,19,18,12,3,0,19,0,0,19,6,6,19,12,12,19,15,0,0,19,15,0,19,0,0,0,0,0
118,28/04/2020,0,0,0,0,1,13860,436,47.22,47.22,45.56,41.03,75,19,9,9,9,19,9,0,0,19,9,0,19,0,0,0,0,19,0,0,19,3,0,0,19,9,0,19,18,12,3,0,19,0,0,19,6,6,19,12,12,19,15,0,0,19,15,0,19,0,0,0,0,0
119,29/04/2020,0,0,0,0,1,14076,454,47.22,47.22,45.56,41.03,75,19,9,9,9,19,9,0,0,19,9,0,19,0,0,0,0,19,0,0,19,3,0,0,19,9,0,19,18,12,3,0,19,0,0,19,6,6,19,12,12,19,15,0,0,19,15,0,19,0,0,0,0,0
120,30/04/2020,0,150000000,0,0,1,14284,481,47.22,47.22,45.56,41.03,75,19,9,9,9,19,9,0,0,19,9,0,19,0,0,0,0,19,0,0,19,3,0,0,19,9,0,19,19,12,3,0,19,0,0,19,6,6,19,12,12,19,15,0,0,19,15,0,19,0,0,0,0,0
121,01/05/2020,0,0,0,0,1,14558,510,47.22,47.22,45.56,41.03,75,20,9,9,9,20,9,0,0,20,9,0,20,0,0,0,0,20,0,0,20,3,0,0,20,9,0,20,18,15,3,0,20,0,0,20,6,6,20,12,12,20,15,0,0,20,15,0,20,0,0,0,0,0
122,02/05/2020,0,0,0,0,1,14861,536,47.22,47.22,45.56,41.03,75,20,9,9,9,20,9,0,0,20,12,0,20,0,0,0,0,20,0,0,20,3,0,0,20,9,0,20,18,15,3,0,20,0,0,20,6,6,20,12,12,20,18,0,0,20,18,0,20,0,0,0,0,0
123,03/05/2020,0,0,0,0,1,15061,560,47.22,47.22,45.56,41.03,75,20,9,9,9,20,9,0,0,20,12,0,20,0,0,0,0,20,0,0,20,3,0,0,20,9,0,20,18,15,3,0,20,0,0,20,6,6,20,12,12,20,18,0,0,20,18,0,20,0,0,0,0,0
124,04/05/2020,0,0,0,0,1,15229,582,47.22,47.22,45.56,41.03,75,20,9,9,9,20,9,0,0,20,12,0,20,0,0,0,0,20,0,0,20,3,0,0,20,9,0,20,18,15,3,0,20,3,0,20,6,6,20,15,15,20,18,0,0,20,18,0,20,0,0,0,0,0
125,05/05/2020,0,0,0,0,1,15354,593,47.22,47.22,45.56,41.03,75,20,9,9,9,20,9,0,0,20,12,0,20,0,0,0,0,20,0,0,20,3,0,0,20,9,0,20,18,15,3,0,20,3,0,20,6,6,20,15,15,20,18,0,0,20,18,0,20,0,0,0,0,0
126,06/05/2020,0,0,0,0,1,15455,605,47.22,47.22,45.56,41.03,75,20,9,9,9,20,9,0,0,20,12,0,20,0,0,0,0,20,0,0,20,3,0,0,20,9,0,20,20,15,3,0,20,3,0,20,6,6,20,15,15,20,18,0,0,20,18,0,20,0,0,0,0,0
127,07/05/2020,0,0,0,0,1,15553,617,47.22,47.22,45.56,41.03,75,21,9,9,9,21,12,0,0,21,12,0,21,0,0,0,0,21,0,0,21,3,0,0,21,12,0,21,18,15,3,0,21,3,0,21,6,6,21,15,15,21,18,0,0,21,18,0,21,0,0,0,0,0
128,08/05/2020,0,0,0,0,1,15640,634,47.22,47.22,45.56,41.03,75,21,9,9,9,21,12,0,0,21,12,0,21,0,0,0,0,21,0,0,21,3,0,0,21,12,0,21,18,15,3,0,21,3,0,21,6,6,21,15,15,21,18,0,0,21,18,0,21,0,0,0,0,0
129,09/05/2020,0,0,0,0,1,15755,654,47.22,47.22,45.56,41.03,75,21,9,9,9,21,12,0,0,21,12,0,21,0,0,0,0,21,0,0,21,3,0,0,21,12,0,21,18,15,6,0,21,3,0,21,9,9,21,15,15,21,18,0,0,21,18,0,21,0,0,0,0,0
130,10/05/2020,0,0,0,0,1,15824,666,47.22,47.22,45.56,41.03,75,21,9,9,9,21,12,0,0,21,12,0,21,0,0,0,0,21,0,0,21,3,0,0,21,12,0,21,18,15,6,0,21,3,0,21,9,9,21,15,15,21,18,0,0,21,18,0,21,0,0,0,0,0
131,11/05/2020,0,0,0,0,1,15861,685,47.22,47.22,45.56,41.03,75,21,9,9,9,21,12,0,0,21,12,0,21,0,0,0,0,21,0,0,21,3,0,0,21,12,0,21,18,15,6,0,21,3,0,21,9,9,21,15,15,21,18,0,0,21,18,0,21,0,0,0,0,0
132,12/05/2020,0,0,0,0,1,15948,707,47.22,47.22,45.56,41.03,75,21,9,9,9,21,12,0,0,21,12,0,21,0,0,0,0,21,0,0,21,3,0,0,21,12,0,21,21,15,6,0,21,3,0,21,9,9,21,15,15,21,18,0,0,21,18,0,21,0,0,0,0,0
133,13/05/2020,0,100000000,0,0,1,15998,726,47.22,47.22,45.56,41.03,75,22,12,12,12,22,12,0,0,22,12,0,22,0,0,0,0,22,0,0,22,6,0,0,22,12,0,22,21,15,6,0,22,3,0,22,9,9,22,15,15,22,18,0,0,22,18,0,22,0,0,0,0,0
134,14/05/2020,0,0,0,0,1,16096,742,40.74,40.74,41.67,36.54,75,22,12,12,12,22,12,0,0,22,12,0,22,0,0,0,0,22,0,0,22,6,0,0,22,12,0,22,21,15,6,0,22,3,0,22,9,9,22,15,15,22,18,0,0,22,18,0,22,0,0,0,0,0
135,15/05/2020,0,2700000000,0,0,1,16148,760,40.74,40.74,41.67,36.54,75,22,12,12,12,22,12,0,0,22,12,0,22,0,0,0,0,22,0,0,22,6,0,0,22,12,0,22,21,15,6,0,22,3,0,22,9,9,22,15,15,22,18,0,0,22,18,0,22,0,0,0,0,0
136,16/05/2020,0,0,0,0,1,16202,778,40.74,40.74,41.67,36.54,75,22,12,12,12,22,12,0,0,22,12,0,22,0,0,0,0,22,0,0,22,6,0,0,22,12,0,22,21,15,6,0,22,3,0,22,9,9,22,15,15,22,18,0,0,22,18,0,22,0,0,0,0,0
137,17/05/2020,0,0,0,0,1,16226,787,40.74,40.74,41.67,36.54,75,22,12,12,12,22,12,0,0,22,12,0,22,0,0,0,0,22,0,0,22,6,0,0,22,12,0,22,21,15,6,0,22,3,0,22,9,9,22,15,15,22,18,0,0,22,18,0,22,0,0,0,0,0
138,18/05/2020,0,0,0,0,1,16259,796,40.74,40.74,41.67,36.54,75,22,12,12,12,22,12,0,0,22,12,0,22,0,0,0,0,22,0,0,22,6,0,0,22,12,0,22,22,15,6,0,22,3,0,22,9,9,22,15,15,22,18,0,0,22,18,0,22,0,0,0,0,0
139,19/05/2020,491257000,0,0,0,1,16287,805,40.74,40.74,41.67,36.54,75,23,12,12,12,23,12,0,0,23,12,0,23,0,0,0,0,23,0,0,23,6,0,0,23,12,0,23,21,18,6,0,23,3,0,23,9,9,23,15,15,23,18,0,0,23,18,0,23,0,0,0,0,0
140,20/05/2020,0,0,0,0,1,16321,818,40.74,40.74,41.67,36.54,75,23,12,12,12,23,12,0,0,23,15,0,23,0,0,0,0,23,0,0,23,6,0,0,23,12,0,23,21,18,6,0,23,3,0,23,9,9,23,15,15,23,21,0,0,23,21,0,23,0,0,0,0,0
141,21/05/2020,0,0,0,0,1,16362,826,40.74,40.74,41.67,36.54,75,23,12,12,12,23,12,0,0,23,15,0,23,0,0,0,0,23,0,0,23,6,0,0,23,12,0,23,21,18,6,0,23,3,0,23,9,9,23,15,15,23,21,0,0,23,21,0,23,0,0,0,0,0
142,22/05/2020,0,0,0,0,1,16385,836,40.74,40.74,41.67,36.54,75,23,12,12,12,23,12,0,0,23,15,0,23,0,0,0,0,23,0,0,23,6,0,0,23,12,0,23,21,18,6,0,23,6,0,23,9,9,23,18,18,23,21,0,0,23,21,0,23,0,0,0,0,0
143,23/05/2020,0,0,0,0,1,16410,845,40.74,40.74,41.67,36.54,75,23,12,12,12,23,12,0,0,23,15,0,23,0,0,0,0,23,0,0,23,6,0,0,23,12,0,23,21,18,6,0,23,6,0,23,9,9,23,18,18,23,21,0,0,23,21,0,23,0,0,0,0,0
144,24/05/2020,0,0,0,0,1,16451,852,40.74,40.74,41.67,36.54,75,23,12,12,12,23,12,0,0,23,15,0,23,0,0,0,0,23,0,0,23,6,0,0,23,12,0,23,23,18,6,0,23,6,0,23,9,9,23,18,18,23,21,0,0,23,21,0,23,0,0,0,0,0
145,25/05/2020,0,0,0,0,1,16472,857,31.48,31.48,36.11,30.13,75,24,12,12,12,24,0,0,0,24,15,0,24,0,0,0,0,24,0,0,24,0,0,0,24,15,0,24,21,18,6,0,24,6,0,24,9,9,24,18,18,24,21,0,0,24,21,0,24,0,0,0,0,0
146,26/05/2020,0,0,0,0,1,16502,863,34.26,34.26,37.78,32.05,75,24,12,12,12,24,0,0,0,24,15,0,24,0,0,0,0,24,0,0,24,0,0,0,24,15,0,24,21,18,6,0,24,6,0,24,9,9,24,18,18,24,21,0,0,24,21,0,24,0,0,0,0,0
147,27/05/2020,0,0,0,0,1,16528,870,34.26,34.26,37.78,32.05,75,24,12,12,12,24,0,0,0,24,15,0,24,0,0,0,0,24,0,0,24,0,0,0,24,15,0,24,21,18,9,0,24,6,0,24,12,12,24,18,18,24,21,0,0,24,21,0,24,0,0,0,0,0
148,28/05/2020,0,0,0,0,1,16598,881,34.26,34.26,37.78,32.05,75,24,12,12,12,24,0,0,0,24,15,0,24,0,0,0,0,24,0,0,24,0,0,0,24,15,0,24,21,18,9,0,24,6,0,24,12,12,24,18,18,24,21,0,0,24,21,0,24,0,0,0,0,0
149,29/05/2020,0,0,0,0,1,16673,887,34.26,34.26,37.78,32.05,75,24,12,12,12,24,0,0,0,24,15,0,24,0,0,0,0,24,0,0,24,0,0,0,24,15,0,24,21,18,9,0,24,6,0,24,12,12,24,18,18,24,21,0,0,24,21,0,24,0,0,0,0,0
150,30/05/2020,0,0,0,0,1,16716,894,34.26,34.26,37.78,32.05,75,24,12,12,12,24,0,0,0,24,15,0,24,0,0,0,0,24,0,0,24,0,0,0,24,15,0,24,24,18,9,0,24,6,0,24,12,12,24,18,18,24,21,0,0,24,21,0,24,0,0,0,0,0
151,31/05/2020,0,0,0,0,1,16751,898,34.26,34.26,37.78,32.05,75,25,15,15,15,25,0,0,0,25,15,0,25,0,0,0,0,25,0,0,25,0,0,0,25,15,0,25,24,18,9,0,25,6,0,25,12,12,25,18,18,25,21,0,0,25,21,0,25,0,0,0,0,0
152,01/06/2020,0,0,0,0,1,16787,899,28.7,28.7,34.44,28.21,75,25,15,0,0,25,0,0,0,25,15,0,25,0,0,0,0,25,0,0,25,0,0,0,25,15,0,25,24,18,9,0,25,6,0,25,12,12,25,18,18,25,21,0,0,25,21,0,25,0,0,0,0,0
153,02/06/2020,0,0,0,0,1,16837,902,28.7,28.7,34.44,28.21,75,25,15,0,0,25,0,0,0,25,15,0,25,0,0,0,0,25,0,0,25,0,0,0,25,15,0,25,24,18,9,0,25,6,0,25,12,12,25,18,18,25,21,0,0,25,21,0,25,0,0,0,0,0
154,03/06/2020,0,0,0,0,1,16867,905,28.7,28.7,34.44,28.21,75,25,15,0,0,25,0,0,0,25,15,0,25,0,0,0,0,25,0,0,25,0,0,0,25,15,0,25,24,18,9,0,25,6,0,25,12,12,25,18,18,25,21,0,0,25,21,0,25,0,0,0,0,0
155,04/06/2020,0,0,0,0,1,16911,911,28.7,28.7,34.44,28.21,75,25,15,0,0,25,0,0,0,25,15,0,25,0,0,0,0,25,0,0,25,0,0,0,25,15,0,25,24,18,9,0,25,6,0,25,12,12,25,18,18,25,21,0,0,25,21,0,25,0,0,0,0,0
156,05/06/2020,0,0,0,300000000,1,16958,916,28.7,28.7,34.44,28.21,75,25,15,0,0,25,0,0,0,25,15,0,25,0,0,0,0,25,0,0,25,0,0,0,25,15,0,25,25,18,9,0,25,6,0,25,12,12,25,18,18,25,21,0,0,25,21,0,25,0,0,0,0,0
157,06/06/2020,0,0,0,0,1,17000,915,28.7,28.7,34.44,28.21,75,26,15,0,0,26,0,0,0,26,15,0,26,0,0,0,0,26,0,0,26,0,0,0,26,15,0,26,24,21,9,0,26,6,0,26,12,12,26,18,18,26,21,0,0,26,21,0,26,0,0,0,0,0
158,07/06/2020,0,7541400,0,0,1,17039,917,28.7,28.7,34.44,28.21,75,26,15,0,0,26,0,0,0,26,18,0,26,0,0,0,0,26,0,0,26,0,0,0,26,15,0,26,24,21,9,0,26,6,0,26,12,12,26,18,18,26,24,0,0,26,24,0,26,0,0,0,0,0
159,08/06/2020,0,0,0,0,1,17060,920,28.7,28.7,34.44,28.21,75,26,15,0,0,26,0,0,0,26,18,0,26,0,0,0,0,26,0,0,26,0,0,0,26,15,0,26,24,21,9,0,26,6,0,26,12,12,26,18,18,26,24,0,0,26,24,0,26,0,0,0,0,0
160,09/06/2020,0,0,0,0,1,17111,920,28.7,28.7,34.44,28.21,75,26,15,0,0,26,0,0,0,26,18,0,26,0,0,0,0,26,0,0,26,0,0,0,26,15,0,26,24,21,9,0,26,9,0,26,12,12,26,21,21,26,24,0,0,26,24,0,26,0,0,0,0,0
161,10/06/2020,0,0,0,0,1,17146,922,28.7,28.7,34.44,28.21,75,26,15,0,0,26,0,0,0,26,18,0,26,0,0,0,0,26,0,0,26,0,0,0,26,15,0,26,24,21,9,0,26,9,0,26,12,12,26,21,21,26,24,0,0,26,24,0,26,0,0,0,0,0
162,11/06/2020,0,0,0,0,1,17187,922,28.7,28.7,34.44,28.21,75,26,15,0,0,26,0,0,0,26,18,0,26,0,0,0,0,26,0,0,26,0,0,0,26,15,0,26,26,21,9,0,26,9,0,26,12,12,26,21,21,26,24,0,0,26,24,0,26,0,0,0,0,0
163,12/06/2020,0,0,0,0,1,17250,924,28.7,28.7,34.44,28.21,75,27,15,0,0,27,0,0,0,27,18,0,27,0,0,0,0,27,0,0,27,0,0,0,27,18,0,27,24,21,9,0,27,9,0,27,12,12,27,21,21,27,24,0,0,27,24,0,27,0,0,0,0,0
164,13/06/2020,0,0,0,0,1,17293,927,28.7,28.7,34.44,28.21,75,27,15,0,0,27,0,0,0,27,18,0,27,0,0,0,0,27,0,0,27,0,0,0,27,18,0,27,24,21,9,0,27,9,0,27,12,12,27,21,21,27,24,0,0,27,24,0,27,0,0,0,0,0
165,14/06/2020,0,0,0,0,1,17369,927,28.7,28.7,34.44,28.21,75,27,15,0,0,27,0,0,0,27,18,0,27,0,0,0,0,27,0,0,27,0,0,0,27,18,0,27,24,21,12,0,27,9,0,27,15,15,27,21,21,27,24,0,0,27,24,0,27,0,0,0,0,0
166,15/06/2020,0,0,0,0,1,17439,929,28.7,28.7,36.67,30.77,75,27,15,0,0,27,0,0,0,27,18,0,27,0,0,0,0,27,0,0,27,0,0,0,27,18,0,27,24,21,12,0,27,9,0,27,15,15,27,21,21,27,24,0,0,27,24,0,27,0,0,0,0,0
167,16/06/2020,0,0,0,0,1,17484,934,28.7,28.7,36.67,30.77,75,27,15,0,0,27,0,0,0,27,18,0,27,0,0,0,0,27,0,0,27,0,0,0,27,18,0,27,24,21,12,0,27,9,0,27,15,15,27,21,21,27,24,0,0,27,24,0,27,0,0,0,0,0
168,17/06/2020,0,0,0,0,1,17530,935,28.7,28.7,36.67,30.77,75,27,15,0,0,27,0,0,0,27,18,0,27,0,0,0,0,27,0,0,27,0,0,0,27,18,0,27,27,21,12,0,27,9,0,27,15,15,27,21,21,27,24,0,0,27,24,0,27,0,0,0,0,0
169,18/06/2020,0,0,0,0,1,17588,935,28.7,28.7,36.67,30.77,75,28,18,0,0,28,0,0,0,28,18,0,28,0,0,0,0,28,0,0,28,0,0,0,28,18,0,28,27,21,12,0,28,9,0,28,15,15,28,21,21,28,24,0,0,28,24,0,28,0,0,0,0,0
170,19/06/2020,0,0,0,0,1,17658,951,28.7,28.7,36.67,30.77,75,28,18,0,0,28,0,0,0,28,18,0,28,0,0,0,0,28,0,0,28,0,0,0,28,18,0,28,27,21,12,0,28,9,0,28,15,15,28,21,21,28,24,0,0,28,24,0,28,0,0,0,0,0
171,20/06/2020,0,0,0,0,1,17725,955,28.7,28.7,36.67,30.77,75,28,18,0,0,28,0,0,0,28,18,0,28,0,0,0,0,28,0,0,28,0,0,0,28,18,0,28,27,21,12,0,28,9,0,28,15,15,28,21,21,28,24,0,0,28,24,0,28,0,0,0,0,0
172,21/06/2020,0,0,0,0,1,17780,955,25.93,25.93,35,28.85,75,28,18,0,0,28,0,0,0,28,18,0,28,0,0,0,0,28,0,0,28,0,0,0,28,0,0,28,27,21,12,0,28,9,0,28,15,15,28,21,21,28,24,0,0,28,24,0,28,0,0,0,0,0
173,22/06/2020,0,0,0,0,1,17820,955,25.93,25.93,35,28.85,75,28,18,0,0,28,0,0,0,28,18,0,28,0,0,0,0,28,0,0,28,0,0,0,28,0,0,28,27,21,12,0,28,9,0,28,15,15,28,21,21,28,24,0,0,28,24,0,28,0,0,0,0,0
174,23/06/2020,0,0,0,0,1,17879,965,25.93,25.93,35,28.85,75,28,18,0,0,28,0,0,0,28,18,0,28,0,0,0,0,28,0,0,28,0,0,0,28,0,0,28,28,21,12,0,28,9,0,28,15,15,28,21,21,28,24,0,0,28,24,0,28,0,0,0,0,0
175,24/06/2020,0,0,0,0,1,17963,967,25.93,25.93,35,28.85,75,29,18,0,0,29,0,0,0,29,18,0,29,0,0,0,0,29,0,0,29,0,0,0,29,0,0,29,27,24,12,0,29,9,0,29,15,15,29,21,21,29,24,0,0,29,24,0,29,0,0,0,0,0
176,25/06/2020,0,0,0,0,1,18055,971,25.93,25.93,35,28.85,75,29,18,0,0,29,0,0,0,29,21,0,29,0,0,0,0,29,0,0,29,0,0,0,29,0,0,29,27,24,12,0,29,9,0,29,15,15,29,21,21,29,27,0,0,29,27,0,29,0,0,0,0,0
177,26/06/2020,0,0,0,0,1,18162,971,25.93,25.93,35,28.85,75,29,18,0,0,29,0,0,0,29,21,0,29,0,0,0,0,29,0,0,29,0,0,0,29,0,0,29,27,24,12,0,29,9,0,29,15,15,29,21,21,29,27,0,0,29,27,0,29,0,0,0,0,0
178,27/06/2020,0,0,0,0,1,18254,971,25.93,25.93,35,28.85,75,29,18,0,0,29,0,0,0,29,21,0,29,0,0,0,0,29,0,0,29,0,0,0,29,0,0,29,27,24,12,0,29,12,0,29,15,15,29,24,24,29,27,0,0,29,27,0,29,0,0,0,0,0
179,28/06/2020,0,0,0,0,1,18366,972,25.93,25.93,35,28.85,75,29,18,0,0,29,0,0,0,29,21,0,29,0,0,0,0,29,0,0,29,0,0,0,29,0,0,29,27,24,12,0,29,12,0,29,15,15,29,24,24,29,27,0,0,29,27,0,29,0,0,0,0,0
180,29/06/2020,0,0,0,0,1,18476,972,25.93,25.93,35,28.85,75,29,18,0,0,29,0,0,0,29,21,0,29,0,0,0,0,29,0,0,29,0,0,0,29,0,0,29,29,24,12,0,29,12,0,29,15,15,29,24,24,29,27,0,0,29,27,0,29,0,0,0,0,0
181,30/06/2020,0,0,0,0,1,18615,972,25.93,25.93,35,28.85,75,30,18,0,0,30,0,0,0,30,21,0,30,0,0,0,0,30,0,0,30,0,0,0,30,0,0,30,27,24,12,0,30,12,0,30,15,15,30,24,24,30,27,0,0,30,27,0,30,0,0,0,0,0
182,01/07/2020,0,465133140,0,0,1,18838,976,25.93,25.93,35,28.85,75,30,18,0,0,30,0,0,0,30,21,0,30,0,0,0,0,30,0,0,30,0,0,0,30,0,0,30,27,24,12,0,30,12,0,30,15,15,30,24,24,30,27,0,0,30,27,0,30,0,0,0,0,0
183,02/07/2020,0,0,0,0,1,19055,977,25.93,25.93,35,28.85,75,30,18,0,0,30,0,0,0,30,21,0,30,0,0,0,0,30,0,0,30,0,0,0,30,0,0,30,27,24,15,0,30,12,0,30,18,18,30,24,24,30,27,0,0,30,27,0,30,0,0,0,0,0
184,03/07/2020,0,0,0,0,1,19185,977,25.93,25.93,35,28.85,75,30,18,0,0,30,0,0,0,30,21,0,30,0,0,0,0,30,0,0,30,0,0,0,30,0,0,30,27,24,15,0,30,12,0,30,18,18,30,24,24,30,27,3,0,30,27,0,30,0,0,0,0,0
185,04/07/2020,0,0,0,0,1,19461,977,25.93,25.93,35,28.85,75,30,18,0,0,30,0,0,0,30,21,0,30,0,0,0,0,30,0,0,30,0,0,0,30,0,0,30,27,24,15,0,30,12,0,30,18,18,30,24,24,30,27,3,0,30,27,0,30,0,0,0,0,0
186,05/07/2020,0,0,0,0,1,19668,977,25.93,25.93,35,28.85,75,30,18,0,0,30,0,0,0,30,21,0,30,0,0,0,0,30,0,0,30,0,0,0,30,0,0,30,30,24,15,0,30,12,0,30,18,18,30,24,24,30,27,3,0,30,27,0,30,0,0,0,0,0
187,06/07/2020,0,0,0,0,1,19848,978,25.93,25.93,35,28.85,75,31,21,0,0,31,0,0,0,31,21,0,31,0,0,0,0,31,0,0,31,0,0,0,31,0,0,31,30,24,15,0,31,12,0,31,18,18,31,24,24,31,27,3,0,31,27,0,31,0,0,0,0,0
188,07/07/2020,0,0,0,0,1,20055,981,25.93,25.93,35,28.85,75,31,21,0,0,31,0,0,0,31,21,0,31,0,0,0,0,31,0,0,31,0,0,0,31,0,0,31,30,24,15,0,31,12,0,31,18,18,31,24,24,31,27,3,0,31,27,0,31,0,0,0,0,0
189,08/07/2020,0,7484026,0,0,1,20261,982,25.93,25.93,35,28.85,75,31,21,0,0,31,0,0,0,31,21,0,31,0,0,0,0,31,0,0,31,0,0,0,31,0,0,31,30,24,15,0,31,12,0,31,18,18,31,24,24,31,27,3,0,31,27,0,31,0,0,0,0,0
190,09/07/2020,0,0,0,0,1,20617,982,25.93,25.93,35,28.85,75,31,21,0,0,31,0,0,0,31,21,0,31,0,0,0,0,31,0,0,31,0,0,0,31,0,0,31,30,24,15,0,31,12,0,31,18,18,31,24,24,31,27,3,0,31,27,0,31,0,0,0,0,0
191,10/07/2020,0,0,0,106000000,1,21044,982,25.93,25.93,35,28.85,75,31,21,0,0,31,0,0,0,31,21,0,31,0,0,0,0,31,0,0,31,0,0,0,31,0,0,31,30,24,15,0,31,12,0,31,18,18,31,24,24,31,27,3,0,31,27,0,31,0,0,0,0,0
192,11/07/2020,0,0,0,0,1,21430,982,25.93,25.93,35,28.85,75,31,21,0,0,31,0,0,0,31,21,0,31,0,0,0,0,31,0,0,31,0,0,0,31,0,0,31,31,24,15,0,31,12,0,31,18,18,31,24,24,31,27,3,0,31,27,0,31,0,0,0,0,0
193,12/07/2020,0,0,0,0,1,21841,983,25.93,25.93,35,28.85,75,32,21,0,0,32,0,0,0,32,21,0,32,0,0,0,0,32,0,0,32,0,0,0,32,0,0,32,30,27,15,0,32,12,0,32,18,18,32,24,24,32,27,3,0,32,27,0,32,0,0,0,0,0
194,13/07/2020,0,0,0,0,1,22125,984,25.93,25.93,35,28.85,75,32,21,0,0,32,0,0,0,32,24,0,32,0,0,0,0,32,0,0,32,0,0,0,32,0,0,32,30,27,15,0,32,12,0,32,18,18,32,24,24,32,30,3,0,32,30,0,32,0,0,0,0,0
195,14/07/2020,0,0,0,0,1,22437,984,25.93,25.93,35,28.85,75,32,21,0,0,32,0,0,0,32,24,0,32,0,0,0,0,32,0,0,32,0,0,0,32,0,0,32,30,27,15,0,32,12,0,32,18,18,32,24,24,32,30,3,0,32,30,0,32,0,0,0,0,0
196,15/07/2020,0,0,0,0,1,23172,984,25.93,25.93,35,28.85,75,32,21,0,0,32,0,0,0,32,24,0,32,0,0,0,0,32,0,0,32,0,0,0,32,0,0,32,30,27,15,0,32,15,0,32,18,18,32,27,27,32,30,3,0,32,30,0,32,0,0,0,0,0
197,16/07/2020,0,0,0,0,1,23510,985,25.93,25.93,35,28.85,75,32,21,0,0,32,0,0,0,32,24,0,32,0,0,0,0,32,0,0,32,0,0,0,32,0,0,32,30,27,15,0,32,15,0,32,18,18,32,27,27,32,30,3,0,32,30,0,32,0,0,0,0,0
198,17/07/2020,0,0,0,0,1,24104,985,25.93,25.93,35,28.85,75,32,21,0,0,32,0,0,0,32,24,0,32,0,0,0,0,32,0,0,32,0,0,0,32,0,0,32,32,27,15,0,32,15,0,32,18,18,32,27,27,32,30,3,0,32,30,0,32,0,0,0,0,0
199,18/07/2020,0,0,0,0,1,24946,986,25.93,25.93,35,28.85,75,33,21,0,0,33,0,0,0,33,24,0,33,0,0,0,0,33,0,0,33,0,0,0,33,0,0,33,30,27,15,0,33,15,0,33,18,18,33,27,27,33,30,3,0,33,30,0,33,0,0,0,0,0
200,19/07/2020,0,0,0,0,1,25446,986,25.93,25.93,35,28.85,75,33,21,0,0,33,0,0,0,33,24,0,33,0,0,0,0,33,0,0,33,0,0,0,33,0,0,33,30,27,15,0,33,15,0,33,18,18,33,27,27,33,30,3,0,33,30,0,33,0,0,0,0,0
201,20/07/2020,0,0,0,0,1,25706,988,25.93,25.93,35,28.85,75,33,21,0,0,33,0,0,0,33,24,0,33,0,0,0,0,33,0,0,33,0,0,0,33,0,0,33,30,27,18,0,33,15,0,33,21,21,33,27,27,33,30,3,0,33,30,0,33,0,0,0,0,0
202,21/07/2020,0,0,0,0,1,26463,988,25.93,25.93,35,28.85,75,33,21,0,0,33,0,0,0,33,24,0,33,0,0,0,0,33,0,0,33,0,0,0,33,0,0,33,30,27,18,0,33,15,0,33,21,21,33,27,27,33,30,6,0,33,30,0,33,0,0,0,0,0
203,22/07/2020,0,0,0,0,1,27136,990,25.93,25.93,35,28.85,75,33,21,0,0,33,0,0,0,33,24,0,33,0,0,0,0,33,0,0,33,0,0,0,33,0,0,33,30,27,18,0,33,15,0,33,21,21,33,27,27,33,30,6,0,33,30,0,33,0,0,0,0,0
204,23/07/2020,0,0,0,0,1,28114,992,30.56,30.56,37.78,32.05,75,33,21,0,0,33,0,0,0,33,24,0,33,0,0,0,0,33,0,0,33,0,0,0,33,0,0,33,33,27,18,0,33,15,0,33,21,21,33,27,27,33,30,6,0,33,30,0,33,0,0,0,0,0
205,24/07/2020,0,0,0,0,1,28883,994,30.56,30.56,37.78,32.05,75,34,24,0,0,34,0,0,0,34,24,0,34,0,0,0,0,34,0,0,34,0,0,0,34,0,0,34,33,27,18,0,34,15,0,34,21,21,34,27,27,34,30,6,0,34,30,0,34,0,0,0,0,0
206,25/07/2020,0,0,0,0,1,29684,996,30.56,30.56,37.78,32.05,75,34,24,0,0,34,0,0,0,34,24,0,34,0,0,0,0,34,0,0,34,0,0,0,34,0,0,34,33,27,18,0,34,15,0,34,21,21,34,27,27,34,30,6,0,34,30,0,34,0,0,0,0,0
207,26/07/2020,0,0,0,0,1,30548,998,34.26,34.26,40,34.62,75,34,24,0,0,34,0,0,0,34,24,0,34,0,0,0,0,34,0,0,34,0,0,0,34,0,0,34,33,27,18,0,34,15,0,34,21,21,34,27,27,34,30,6,0,34,30,0,34,0,0,0,0,0
208,27/07/2020,0,0,0,0,1,31142,998,34.26,34.26,40,34.62,75,34,24,0,0,34,0,0,0,34,24,0,34,0,0,0,0,34,0,0,34,0,0,0,34,0,0,34,33,27,18,0,34,15,0,34,21,21,34,27,27,34,30,6,0,34,30,0,34,0,0,0,0,0
209,28/07/2020,0,0,0,0,1,32116,1001,34.26,34.26,40,34.62,75,34,24,0,0,34,0,0,0,34,24,0,34,0,0,0,0,34,0,0,34,0,0,0,34,0,0,34,33,27,18,0,34,15,0,34,21,21,34,27,27,34,30,6,0,34,30,0,34,0,0,0,0,0
210,29/07/2020,0,0,0,0,1,33382,1001,34.26,34.26,40,34.62,75,34,24,0,0,34,0,0,0,34,24,0,34,0,0,0,0,34,0,0,34,0,0,0,34,0,0,34,34,27,18,0,34,15,0,34,21,21,34,27,27,34,30,6,0,34,30,0,34,0,0,0,0,0
211,30/07/2020,0,0,0,0,1,35144,1007,34.26,34.26,40,34.62,75,35,24,0,0,35,0,0,0,35,24,0,35,0,0,0,0,35,0,0,35,0,0,0,35,0,0,35,33,30,18,0,35,15,0,35,21,21,35,27,27,35,30,6,0,35,30,0,35,0,0,0,0,0
212,31/07/2020,0,0,0,0,1,36234,1008,34.26,34.26,40,34.62,75,35,24,0,0,35,0,0,0,35,27,0,35,0,0,0,0,35,0,0,35,0,0,0,35,0,0,35,33,30,18,0,35,15,0,35,21,21,35,27,27,35,33,6,0,35,33,0,35,0,0,0,0,0
213,01/08/2020,0,0,0,0,1,37804,1012,34.26,34.26,40,34.62,75,35,24,0,0,35,0,0,0,35,27,0,35,0,0,0,0,35,0,0,35,0,0,0,35,0,0,35,33,30,18,0,35,15,0,35,21,21,35,27,27,35,33,6,0,35,33,0,35,0,0,0,0,0
214,02/08/2020,0,0,0,0,1,39116,1013,34.26,34.26,40,34.62,75,35,24,0,0,35,0,0,0,35,27,0,35,0,0,0,0,35,0,0,35,0,0,0,35,0,0,35,33,30,18,0,35,18,0,35,21,21,35,30,30,35,33,6,0,35,33,0,35,0,0,0,0,0
215,03/08/2020,0,0,0,0,1,40099,1018,34.26,34.26,40,34.62,75,35,24,0,0,35,0,0,0,35,27,0,35,0,0,0,0,35,0,0,35,0,0,0,35,0,0,35,33,30,18,0,35,18,0,35,21,21,35,30,30,35,33,6,0,35,33,0,35,0,0,0,0,0
216,04/08/2020,0,0,0,0,1,41347,1023,34.26,34.26,40,34.62,75,35,24,0,0,35,0,0,0,35,27,0,35,0,0,0,0,35,0,0,35,0,0,0,35,0,0,35,35,30,18,0,35,18,0,35,21,21,35,30,30,35,33,6,0,35,33,0,35,0,0,0,0,0
217,05/08/2020,0,0,0,0,1,42686,1028,34.26,34.26,40,34.62,75,36,24,0,0,36,0,0,0,36,27,0,36,0,0,0,0,36,0,0,36,0,0,0,36,0,0,36,33,30,18,0,36,18,0,36,21,21,36,30,30,36,33,6,0,36,33,0,36,0,0,0,0,0
218,06/08/2020,0,0,0,0,1,44167,1034,32.41,32.41,38.89,33.33,75,36,24,0,0,36,0,0,0,36,27,0,36,0,0,0,0,36,0,0,36,0,0,0,36,0,0,36,33,30,18,0,36,18,0,36,21,21,36,30,30,36,33,6,0,36,33,0,36,0,0,0,0,0
219,07/08/2020,10400000000,0,0,0,1,45764,1042,32.41,32.41,38.89,33.33,75,36,24,0,0,36,0,0,0,36,27,0,36,0,0,0,0,36,0,0,36,0,0,0,36,0,0,36,33,30,21,0,36,18,0,36,24,24,36,30,30,36,33,6,0,36,33,0,36,0,0,0,0,0
220,08/08/2020,0,0,0,0,1,47342,1042,32.41,32.41,38.89,33.33,75,36,24,0,0,36,0,0,0,36,27,0,36,0,0,0,0,36,0,0,36,0,0,0,36,0,0,36,33,30,21,0,36,18,0,36,24,24,36,30,30,36,33,9,0,36,33,0,36,0,0,0,0,0
221,09/08/2020,0,0,0,0,1,48782,1047,32.41,32.41,38.89,33.33,75,36,24,0,0,36,0,0,0,36,27,0,36,0,0,0,0,36,0,0,36,0,0,0,36,0,0,36,33,30,21,0,36,18,0,36,24,24,36,30,30,36,33,9,0,36,33,0,36,0,0,0,0,0
222,10/08/2020,0,0,0,0,1,49617,1052,32.41,32.41,38.89,33.33,75,36,24,0,0,36,0,0,0,36,27,0,36,0,0,0,0,36,0,0,36,3,0,0,36,3,0,36,36,30,21,0,36,18,0,36,24,24,36,30,30,36,33,9,0,36,33,0,36,0,0,0,0,0
223,11/08/2020,0,0,0,0,1,50302,1058,32.41,32.41,38.89,33.33,75,37,27,0,0,37,0,0,0,37,27,0,37,0,0,0,0,37,0,0,37,3,0,0,37,3,0,37,36,30,21,0,37,18,0,37,24,24,37,30,30,37,33,9,0,37,33,0,37,0,0,0,0,0
224,12/08/2020,0,0,0,0,1,51288,1066,32.41,32.41,38.89,33.33,75,37,27,0,0,37,0,0,0,37,27,0,37,0,0,0,0,37,0,0,37,3,0,0,37,3,0,37,36,30,21,0,37,18,0,37,24,24,37,30,30,37,33,9,0,37,33,0,37,0,0,0,0,0
225,13/08/2020,0,0,0,0,1,52471,1073,32.41,32.41,38.89,33.33,75,37,27,0,0,37,3,0,0,37,27,0,37,0,0,0,0,37,0,0,37,3,0,0,37,3,0,37,36,30,21,0,37,18,0,37,24,24,37,30,30,37,33,9,0,37,33,0,37,0,0,0,0,0
226,14/08/2020,0,0,0,0,1,53818,1080,32.41,32.41,38.89,33.33,75,37,27,0,0,37,3,0,0,37,27,0,37,0,0,0,0,37,0,0,37,3,0,0,37,3,0,37,36,30,21,0,37,18,0,37,24,24,37,30,30,37,33,9,0,37,33,0,37,0,0,0,0,0
227,15/08/2020,0,0,0,0,1,55051,1093,32.41,32.41,38.89,33.33,75,37,27,0,0,37,3,0,0,37,27,0,37,0,0,0,0,37,0,0,37,3,0,0,37,3,0,37,36,30,21,0,37,18,0,37,24,24,37,30,30,37,33,9,0,37,33,0,37,0,0,0,0,0
228,16/08/2020,0,0,0,0,1,56074,1103,32.41,32.41,38.89,33.33,75,37,27,0,0,37,3,0,0,37,27,0,37,0,0,0,0,37,0,0,37,3,0,0,37,3,0,37,37,30,21,0,37,18,0,37,24,24,37,30,30,37,33,9,0,37,33,0,37,0,0,0,0,0
229,17/08/2020,0,0,0,0,1,56717,1112,32.41,32.41,38.89,33.33,75,38,27,0,0,38,3,0,0,38,27,0,38,0,0,0,0,38,0,0,38,3,0,0,38,3,0,38,36,33,21,0,38,18,0,38,24,24,38,30,30,38,33,9,0,38,33,0,38,0,0,0,0,0
230,18/08/2020,0,0,0,0,1,57636,1135,32.41,32.41,38.89,33.33,75,38,27,0,0,38,3,0,0,38,30,0,38,0,0,0,0,38,0,0,38,3,0,0,38,3,0,38,36,33,21,0,38,18,0,38,24,24,38,30,30,38,36,9,0,38,36,0,38,0,0,0,0,0
231,19/08/2020,0,0,0,0,1,58728,1148,32.41,32.41,38.89,33.33,75,38,27,0,0,38,3,0,0,38,30,0,38,0,0,0,0,38,0,0,38,3,0,0,38,3,0,38,36,33,21,0,38,18,0,38,24,24,38,30,30,38,36,9,0,38,36,0,38,0,0,0,0,0
232,20/08/2020,0,0,0,0,1,59900,1157,32.41,32.41,38.89,33.33,75,38,27,0,0,38,3,0,0,38,30,0,38,0,0,0,0,38,0,0,38,3,0,0,38,3,0,38,36,33,21,0,38,21,0,38,24,24,38,33,33,38,36,9,0,38,36,0,38,0,0,0,0,0
233,21/08/2020,0,0,0,0,1,60949,1175,32.41,32.41,38.89,33.33,75,38,27,0,0,38,3,0,0,38,30,0,38,0,0,0,0,38,0,0,38,3,0,0,38,3,0,38,36,33,21,0,38,21,0,38,24,24,38,33,33,38,36,9,0,38,36,0,38,0,0,0,0,0
234,22/08/2020,0,0,0,0,1,61916,1179,32.41,32.41,38.89,33.33,75,38,27,0,0,38,3,0,0,38,30,0,38,0,0,0,0,38,0,0,38,3,0,0,38,3,0,38,38,33,21,0,38,21,0,38,24,24,38,33,33,38,36,9,0,38,36,0,38,0,0,0,0,0
235,23/08/2020,0,0,0,0,1,62658,1188,32.41,32.41,38.89,33.33,75,39,27,0,0,39,3,0,0,39,30,0,39,0,0,0,0,39,0,0,39,3,0,0,39,3,0,39,36,33,21,0,39,21,0,39,24,24,39,33,33,39,36,9,0,39,36,0,39,0,0,0,0,0
236,24/08/2020,0,0,0,0,1,63158,1201,32.41,32.41,38.89,33.33,75,39,27,0,0,39,3,0,0,39,30,0,39,0,0,0,0,39,0,0,39,3,0,0,39,3,0,39,36,33,21,0,39,21,0,39,24,24,39,33,33,39,36,9,0,39,36,0,39,0,0,0,0,0
237,25/08/2020,0,0,0,0,1,63888,1219,32.41,32.41,38.89,33.33,75,39,27,0,0,39,3,0,0,39,30,0,39,0,0,0,0,39,0,0,39,3,0,0,39,3,0,39,36,33,24,0,39,21,0,39,27,27,39,33,33,39,36,9,0,39,36,0,39,0,0,0,0,0
238,26/08/2020,0,0,0,0,1,64779,1230,32.41,32.41,38.89,33.33,75,39,27,0,0,39,3,0,0,39,30,0,39,0,0,0,0,39,0,0,39,3,0,0,39,3,0,39,36,33,24,0,39,21,0,39,27,27,39,33,33,39,36,12,0,39,36,0,39,0,0,0,0,0
239,27/08/2020,0,0,0,0,1,65653,1241,32.41,32.41,38.89,33.33,75,39,27,0,0,39,3,0,0,39,30,0,39,0,0,0,0,39,0,0,39,3,0,0,39,3,0,39,36,33,24,0,39,21,0,39,27,27,39,33,33,39,36,12,0,39,36,0,39,0,0,0,0,0
240,28/08/2020,0,0,0,0,1,66499,1251,32.41,32.41,38.89,33.33,75,39,27,0,0,39,3,0,0,39,30,0,39,0,0,0,0,39,0,0,39,6,0,0,39,6,0,39,39,33,24,0,39,21,0,39,27,27,39,33,33,39,36,12,0,39,36,0,39,0,0,0,0,0
241,29/08/2020,0,0,0,0,1,67353,1271,32.41,32.41,38.89,33.33,75,40,30,0,0,40,3,0,0,40,30,0,40,0,0,0,0,40,0,0,40,6,0,0,40,6,0,40,39,33,24,0,40,21,0,40,27,27,40,33,33,40,36,12,0,40,36,0,40,0,0,0,0,0
242,30/08/2020,0,0,0,0,1,67958,1285,32.41,32.41,38.89,33.33,75,40,30,0,0,40,3,0,0,40,30,0,40,0,0,0,0,40,0,0,40,6,0,0,40,6,0,40,39,33,24,0,40,21,0,40,27,27,40,33,33,40,36,12,0,40,36,0,40,0,0,0,0,0
243,31/08/2020,0,0,0,0,1,68396,1298,32.41,32.41,38.89,33.33,75,40,30,0,0,40,6,0,0,40,30,0,40,0,0,0,0,40,0,0,40,6,0,0,40,6,0,40,39,33,24,0,40,21,0,40,27,27,40,33,33,40,36,12,0,40,36,0,40,0,0,0,0,0
244,01/09/2020,0,0,0,0,1,69023,1313,32.41,32.41,38.89,33.33,75,40,30,0,0,40,6,0,0,40,30,0,40,0,0,0,0,40,0,0,40,6,0,0,40,6,0,40,39,33,24,0,40,21,0,40,27,27,40,33,33,40,36,12,0,40,36,0,40,0,0,0,0,0
245,02/09/2020,0,0,0,0,1,69619,1327,32.41,32.41,38.89,33.33,75,40,30,0,0,40,6,0,0,40,30,0,40,0,0,0,0,40,0,0,40,6,0,0,40,6,0,40,39,33,24,0,40,21,0,40,27,27,40,33,33,40,36,12,0,40,36,0,40,0,0,0,0,0
246,03/09/2020,0,0,0,0,1,70278,1334,32.41,32.41,38.89,33.33,75,40,30,0,0,40,6,0,0,40,30,0,40,0,0,0,0,40,0,0,40,6,0,0,40,6,0,40,40,33,24,0,40,21,0,40,27,27,40,33,33,40,36,12,0,40,36,0,40,0,0,0,0,0
247,04/09/2020,0,0,0,0,1,70866,1352,32.41,32.41,38.89,33.33,75,41,30,0,0,41,6,0,0,41,30,0,41,0,0,0,0,41,0,0,41,6,0,0,41,6,0,41,39,36,24,0,41,21,0,41,27,27,41,33,33,41,36,12,0,41,36,0,41,0,0,0,0,0
248,05/09/2020,0,0,0,0,1,71467,1361,32.41,32.41,38.89,33.33,75,41,30,0,0,41,6,0,0,41,33,0,41,0,0,0,0,41,0,0,41,6,0,0,41,6,0,41,39,36,24,0,41,21,0,41,27,27,41,33,33,41,39,12,0,41,39,0,41,0,0,0,0,0
249,06/09/2020,0,0,0,0,1,71918,1366,32.41,32.41,38.89,33.33,75,41,30,0,0,41,6,0,0,41,33,0,41,0,0,0,0,41,0,0,41,6,0,0,41,6,0,41,39,36,24,0,41,21,0,41,27,27,41,33,33,41,39,12,0,41,39,0,41,0,0,0,0,0
250,07/09/2020,0,0,0,0,1,72213,1377,32.41,32.41,38.89,33.33,75,41,30,0,0,41,6,0,0,41,33,0,41,0,0,0,0,41,0,0,41,6,0,0,41,6,0,41,39,36,24,0,41,24,0,41,27,27,41,36,36,41,39,12,0,41,39,0,41,0,0,0,0,0
251,08/09/2020,0,0,0,0,1,72724,1398,32.41,32.41,38.89,33.33,75,41,30,0,0,41,6,0,0,41,33,0,41,0,0,0,0,41,0,0,41,6,0,0,41,6,0,41,39,36,24,0,41,24,0,41,27,27,41,36,36,41,39,12,0,41,39,0,41,0,0,0,0,0
252,09/09/2020,0,0,0,0,1,73264,1412,32.41,32.41,38.89,33.33,75,41,30,0,0,41,6,0,0,41,33,0,41,0,0,0,0,41,0,0,41,6,0,0,41,6,0,41,41,36,24,0,41,24,0,41,27,27,41,36,36,41,39,12,0,41,39,0,41,0,0,0,0,0
253,10/09/2020,0,0,0,0,1,73916,1416,38.89,38.89,42.78,37.82,75,42,30,0,0,42,6,0,0,42,33,0,42,0,0,0,0,42,0,0,42,6,0,0,42,6,0,42,39,36,24,0,42,24,0,42,27,27,42,36,36,42,39,12,0,42,39,0,42,0,0,0,0,0
254,11/09/2020,0,0,0,0,1,74558,1428,38.89,38.89,42.78,37.82,75,42,30,0,0,42,6,0,0,42,33,0,42,0,0,0,0,42,0,0,42,6,0,0,42,6,0,42,39,36,24,0,42,24,0,42,27,27,42,36,36,42,39,12,0,42,39,0,42,0,0,0,0,0
255,12/09/2020,0,0,0,0,1,75206,1441,38.89,38.89,42.78,37.82,75,42,30,0,0,42,6,0,0,42,33,0,42,0,0,0,0,42,0,0,42,6,0,0,42,6,0,42,39,36,27,0,42,24,0,42,30,30,42,36,36,42,39,12,0,42,39,0,42,0,0,0,0,0
256,13/09/2020,0,0,0,0,1,75646,1448,38.89,38.89,42.78,37.82,75,42,30,0,0,42,6,0,0,42,33,0,42,0,0,0,0,42,0,0,42,6,0,0,42,6,0,42,39,36,27,0,42,24,0,42,30,30,42,36,36,42,39,15,0,42,39,0,42,0,0,0,0,0
257,14/09/2020,0,0,0,0,1,75914,1455,38.89,38.89,42.78,37.82,75,42,30,0,0,42,6,0,0,42,33,0,42,0,0,0,0,42,0,0,42,6,0,0,42,6,0,42,39,36,27,0,42,24,0,42,30,30,42,36,36,42,39,15,0,42,39,0,42,0,0,0,0,0
258,15/09/2020,0,0,0,0,1,76446,1463,38.89,38.89,42.78,37.82,75,42,30,0,0,42,6,0,0,42,33,0,42,0,0,0,0,42,0,0,42,9,0,0,42,9,0,42,42,36,27,0,42,24,0,42,30,30,42,36,36,42,39,15,0,42,39,0,42,0,0,0,0,0
259,16/09/2020,0,0,0,0,1,76997,1481,38.89,38.89,42.78,37.82,75,43,33,0,0,43,6,0,0,43,33,0,43,0,0,0,0,43,0,0,43,9,0,0,43,9,0,43,42,36,27,0,43,24,0,43,30,30,43,36,36,43,39,15,0,43,39,0,43,0,0,0,0,0
260,17/09/2020,0,0,0,0,1,77488,1490,38.89,38.89,42.78,37.82,75,43,33,0,0,43,6,0,0,43,33,0,43,0,0,0,0,43,0,0,43,9,0,0,43,9,0,43,42,36,27,0,43,24,0,43,30,30,43,36,36,43,39,15,0,43,39,0,43,0,0,0,0,0
261,18/09/2020,0,0,0,0,1,78061,1500,38.89,38.89,42.78,37.82,75,43,33,0,0,43,9,0,0,43,33,0,43,0,0,0,0,43,0,0,43,9,0,0,43,9,0,43,42,36,27,0,43,24,0,43,30,30,43,36,36,43,39,15,0,43,39,0,43,0,0,0,0,0
262,19/09/2020,0,0,0,0,1,78662,1504,38.89,38.89,42.78,37.82,75,43,33,0,0,43,9,0,0,43,33,0,43,0,0,0,0,43,0,0,43,9,0,0,43,9,0,43,42,36,27,0,43,24,0,43,30,30,43,36,36,43,39,15,0,43,39,0,43,0,0,0,0,0
263,20/09/2020,0,0,0,0,1,79142,1508,38.89,38.89,42.78,37.82,75,43,33,0,0,43,9,0,0,43,33,0,43,0,0,0,0,43,0,0,43,9,0,0,43,9,0,43,42,36,27,0,43,24,0,43,30,30,43,36,36,43,39,15,0,43,39,0,43,0,0,0,0,0
264,21/09/2020,0,0,0,0,1,79462,1518,38.89,38.89,42.78,37.82,75,43,33,0,0,43,9,0,0,43,33,0,43,0,0,0,0,43,0,0,43,9,0,0,43,9,0,43,43,36,27,0,43,24,0,43,30,30,43,36,36,43,39,15,0,43,39,0,43,0,0,0,0,0
265,22/09/2020,0,0,0,0,1,79773,1519,38.89,38.89,42.78,37.82,75,44,33,0,0,44,9,0,0,44,33,0,44,0,0,0,0,44,0,0,44,9,0,0,44,9,0,44,42,39,27,0,44,24,0,44,30,30,44,36,36,44,39,15,0,44,39,0,44,0,0,0,0,0
266,23/09/2020,0,0,0,0,1,80009,1525,38.89,38.89,42.78,37.82,75,44,33,0,0,44,9,0,0,44,36,0,44,0,0,0,0,44,0,0,44,9,0,0,44,9,0,44,42,39,27,0,44,24,0,44,30,30,44,36,36,44,42,15,0,44,42,0,44,0,0,0,0,0
267,24/09/2020,0,0,0,0,1,80490,1540,33.33,33.33,39.44,33.97,75,44,33,0,0,44,9,0,0,44,36,0,44,0,0,0,0,44,0,0,44,9,0,0,44,9,0,44,42,0,0,0,44,24,0,44,30,30,44,36,36,44,42,15,0,44,42,0,44,0,0,0,0,0
268,25/09/2020,0,0,0,0,1,81054,1544,33.33,33.33,39.44,33.97,75,44,33,0,0,44,9,0,0,44,36,0,44,0,0,0,0,44,0,0,44,9,0,0,44,9,0,44,42,0,0,0,44,27,0,44,30,30,44,39,39,44,42,15,0,44,42,0,44,0,0,0,0,0
269,26/09/2020,0,0,0,0,1,81703,1547,33.33,33.33,39.44,33.97,75,44,33,0,0,44,9,0,0,44,36,0,44,0,0,0,0,44,0,0,44,9,0,0,44,9,0,44,42,0,0,0,44,27,0,44,30,30,44,39,39,44,42,15,0,44,42,0,44,0,0,0,0,0
270,27/09/2020,0,0,0,0,1,82186,1549,33.33,33.33,39.44,33.97,75,44,33,0,0,44,9,0,0,44,36,0,44,0,0,0,0,44,0,0,44,9,0,0,44,9,0,44,44,0,0,0,44,27,0,44,30,30,44,39,39,44,42,15,0,44,42,0,44,0,0,0,0,0
271,28/09/2020,0,0,0,0,1,82484,1561,33.33,33.33,39.44,33.97,75,45,33,0,0,45,9,0,0,45,36,0,45,0,0,0,0,45,0,0,45,9,0,0,45,9,0,45,42,0,0,0,45,27,0,45,30,30,45,39,39,45,42,15,0,45,42,0,45,0,0,0,0,0
272,29/09/2020,0,0,0,0,1,83022,1568,33.33,33.33,39.44,33.97,75,45,33,0,0,45,9,0,0,45,36,0,45,0,0,0,0,45,0,0,45,9,0,0,45,9,0,45,42,0,0,0,45,27,0,45,30,30,45,39,39,45,42,15,0,45,42,0,45,0,0,0,0,0
273,30/09/2020,0,0,0,0,1,83591,1575,33.33,33.33,39.44,33.97,75,45,33,0,0,45,9,0,0,45,36,0,45,0,0,0,0,45,0,0,45,9,0,0,45,9,0,45,42,0,0,0,45,27,0,45,33,33,45,39,39,45,42,15,0,45,42,0,45,0,0,0,0,0
274,01/10/2020,0,0,0,7863849765,1,84244,1580,33.33,33.33,39.44,33.97,75,45,33,0,0,45,9,0,0,45,36,0,45,0,0,0,0,45,0,0,45,9,0,0,45,9,0,45,42,0,0,0,45,27,0,45,33,33,45,39,39,45,42,18,0,45,42,0,45,0,0,0,0,0
275,02/10/2020,0,0,0,0,1,84768,1591,33.33,33.33,39.44,33.97,75,45,33,0,0,45,9,0,0,45,36,0,45,0,0,0,0,45,0,0,45,9,0,0,45,9,0,45,42,0,0,0,45,27,0,45,33,33,45,39,39,45,42,18,0,45,42,0,45,0,0,0,0,0
276,03/10/2020,0,0,0,0,1,85345,1594,33.33,33.33,39.44,33.97,75,45,33,0,0,45,9,0,0,45,36,0,45,0,0,0,0,45,0,0,45,12,0,0,45,12,0,45,45,0,0,0,45,27,0,45,33,33,45,39,39,45,42,18,0,45,42,0,45,0,0,0,0,0
277,04/10/2020,0,0,0,0,1,85746,1598,33.33,33.33,39.44,33.97,75,46,36,0,0,46,9,0,0,46,36,0,46,0,0,0,0,46,0,0,46,12,0,0,46,12,0,46,45,0,0,0,46,27,0,46,33,33,46,39,39,46,42,18,0,46,42,0,46,0,0,0,0,0
278,05/10/2020,0,0,0,0,1,86027,1602,33.33,33.33,39.44,33.97,75,46,36,0,0,46,9,0,0,46,36,0,46,0,0,0,0,46,0,0,46,12,0,0,46,12,0,46,45,0,0,0,46,27,0,46,33,33,46,39,39,46,42,18,0,46,42,0,46,0,0,0,0,0
279,06/10/2020,0,0,0,0,1,86540,1609,33.33,33.33,39.44,33.97,75,46,36,0,0,46,12,0,0,46,36,0,46,0,0,0,0,46,0,0,46,12,0,0,46,12,0,46,45,0,0,0,46,27,0,46,33,33,46,39,39,46,42,18,0,46,42,0,46,0,0,0,0,0
280,07/10/2020,0,0,0,0,1,87039,1614,33.33,33.33,39.44,33.97,75,46,36,0,0,46,12,0,0,46,36,0,46,0,0,0,0,46,0,0,46,12,0,0,46,12,0,46,45,0,0,0,46,27,0,46,33,33,46,39,39,46,42,18,0,46,42,0,46,0,0,0,0,0
281,08/10/2020,0,0,0,0,1,87679,1617,33.33,33.33,39.44,33.97,75,46,36,0,0,46,12,0,0,46,36,0,46,0,0,0,0,46,0,0,46,12,0,0,46,12,0,46,45,0,0,0,46,27,0,46,33,33,46,39,39,46,42,18,0,46,42,0,46,0,0,0,0,0
282,09/10/2020,0,0,0,0,1,88267,1623,33.33,33.33,39.44,33.97,75,46,36,0,0,46,12,0,0,46,36,0,46,0,0,0,0,46,0,0,46,12,0,0,46,12,0,46,46,0,0,0,46,27,0,46,33,33,46,39,39,46,42,18,0,46,42,0,46,0,0,0,0,0
283,10/10/2020,0,0,0,0,1,88962,1626,33.33,33.33,39.44,33.97,75,47,36,0,0,47,12,0,0,47,36,0,47,0,0,0,0,47,0,0,47,12,0,0,47,12,0,47,45,0,0,0,47,27,0,47,33,33,47,39,39,47,42,18,0,47,42,0,47,0,0,0,0,0
284,11/10/2020,0,0,0,0,1,89400,1628,33.33,33.33,39.44,33.97,75,47,36,0,0,47,12,0,0,47,39,0,47,0,0,0,0,47,0,0,47,12,0,0,47,12,0,47,45,0,0,0,47,27,0,47,33,33,47,39,39,47,45,18,0,47,45,0,47,0,0,0,0,0
285,12/10/2020,0,0,0,0,1,89652,1631,33.33,33.33,39.44,33.97,75,47,36,0,0,47,12,0,0,47,39,0,47,0,0,0,0,47,0,0,47,12,0,0,47,12,0,47,45,0,0,0,47,27,0,47,33,33,47,39,39,47,45,18,0,47,45,0,47,0,0,0,0,0
286,13/10/2020,0,0,0,0,1,90153,1635,38.89,38.89,42.78,37.82,75,47,36,0,0,47,12,0,0,47,39,0,47,0,0,0,0,47,0,0,47,12,0,0,47,12,0,47,45,0,0,0,47,30,0,47,33,33,47,42,42,47,45,18,0,47,45,0,47,0,0,0,0,0
287,14/10/2020,0,0,0,0,1,90694,1646,38.89,38.89,42.78,37.82,75,47,36,0,0,47,12,0,0,47,39,0,47,0,0,0,0,47,0,0,47,12,0,0,47,12,0,47,45,0,0,0,47,30,0,47,33,33,47,42,42,47,45,18,0,47,45,0,47,0,0,0,0,0
288,15/10/2020,0,0,0,0,1,91402,1650,38.89,38.89,42.78,37.82,75,47,36,0,0,47,12,0,0,47,39,0,47,0,0,0,0,47,0,0,47,12,0,0,47,12,0,47,47,0,0,0,47,30,0,47,33,33,47,42,42,47,45,18,0,47,45,0,47,0,0,0,0,0
289,16/10/2020,0,0,0,0,1,92044,1664,38.89,38.89,42.78,37.82,75,48,36,0,0,48,12,0,0,48,39,0,48,0,0,0,0,48,0,0,48,12,0,0,48,12,0,48,45,0,0,0,48,30,0,48,33,33,48,42,42,48,45,18,0,48,45,0,48,0,0,0,0,0
290,17/10/2020,0,0,0,0,1,92670,1670,38.89,38.89,42.78,37.82,75,48,36,0,0,48,12,0,0,48,39,0,48,0,0,0,0,48,0,0,48,12,0,0,48,12,0,48,45,0,0,0,48,30,0,48,33,33,48,42,42,48,45,18,0,48,45,0,48,0,0,0,0,0
291,18/10/2020,0,0,0,0,1,93098,1672,38.89,38.89,42.78,37.82,75,48,36,0,0,48,12,0,0,48,39,0,48,0,0,0,0,48,0,0,48,12,0,0,48,12,0,48,45,0,0,0,48,30,0,48,36,36,48,42,42,48,45,18,0,48,45,0,48,0,0,0,0,0
292,19/10/2020,0,0,0,0,1,93408,1676,38.89,38.89,42.78,37.82,75,48,36,0,0,48,12,0,0,48,39,0,48,0,0,0,0,48,0,0,48,12,0,0,48,12,0,48,45,0,0,0,48,30,0,48,36,36,48,42,42,48,45,21,0,48,45,0,48,0,0,0,0,0
293,20/10/2020,0,0,0,0,1,93895,1679,38.89,38.89,42.78,37.82,75,48,36,0,0,48,12,0,0,48,39,0,48,0,0,0,0,48,0,0,48,12,0,0,48,12,0,48,45,0,0,0,48,30,0,48,36,36,48,42,42,48,45,21,0,48,45,0,48,0,0,0,0,0
294,21/10/2020,0,0,0,0,1,94515,1686,38.89,38.89,42.78,37.82,75,48,36,0,0,48,12,0,0,48,39,0,48,0,0,0,0,48,0,0,48,15,0,0,48,15,0,48,48,0,0,0,48,30,0,48,36,36,48,42,42,48,45,21,0,48,45,0,48,0,0,0,0,0
295,22/10/2020,0,0,0,0,1,95134,1697,38.89,38.89,42.78,37.82,75,49,39,0,0,49,12,0,0,49,39,0,49,0,0,0,0,49,0,0,49,15,0,0,49,15,0,49,48,0,0,0,49,30,0,49,36,36,49,42,42,49,45,21,0,49,45,0,49,0,0,0,0,0
296,23/10/2020,0,0,0,0,1,95868,1706,38.89,38.89,42.78,37.82,75,49,39,0,0,49,12,0,0,49,39,0,49,0,0,0,0,49,0,0,49,15,0,0,49,15,0,49,48,0,0,0,49,30,0,49,36,36,49,42,42,49,45,21,0,49,45,0,49,0,0,0,0,0
297,24/10/2020,0,0,0,0,1,96599,1710,38.89,38.89,42.78,37.82,75,49,39,0,0,49,15,0,0,49,39,0,49,0,0,0,0,49,0,0,49,15,0,0,49,15,0,49,48,0,0,0,49,30,0,49,36,36,49,42,42,49,45,21,0,49,45,0,49,0,0,0,0,0
298,25/10/2020,0,0,0,0,1,97095,1716,38.89,38.89,42.78,37.82,75,49,39,0,0,49,15,0,0,49,39,0,49,0,0,0,0,49,0,0,49,15,0,0,49,15,0,49,48,0,0,0,49,30,0,49,36,36,49,42,42,49,45,21,0,49,45,0,49,0,0,0,0,0
299,26/10/2020,0,0,0,0,1,97503,1721,38.89,38.89,42.78,37.82,75,49,39,0,0,49,15,0,0,49,39,0,49,0,0,0,0,49,0,0,49,15,0,0,49,15,0,49,48,0,0,0,49,30,0,49,36,36,49,42,42,49,45,21,0,49,45,0,49,0,0,0,0,0
300,27/10/2020,0,0,0,0,1,98146,1726,38.89,38.89,42.78,37.82,75,49,39,0,0,49,15,0,0,49,39,0,49,0,0,0,0,49,0,0,49,15,0,0,49,15,0,49,49,0,0,0,49,30,0,49,36,36,49,42,42,49,45,21,0,49,45,0,49,0,0,0,0,0
301,28/10/2020,0,0,0,0,1,98877,1731,38.89,38.89,42.78,37.82,75,50,39,0,0,50,15,0,0,50,39,0,50,0,0,0,0,50,0,0,50,15,0,0,50,15,0,50,48,0,0,0,50,30,0,50,36,36,50,42,42,50,45,21,0,50,45,0,50,0,0,0,0,0
302,29/10/2020,0,0,0,0,1,99674,1748,38.89,38.89,42.78,37.82,75,50,39,0,0,50,15,0,0,50,42,0,50,0,0,0,0,50,0,0,50,15,0,0,50,15,0,50,48,0,0,0,50,30,0,50,36,36,50,42,42,50,48,21,0,50,48,0,50,0,0,0,0,0
303,30/10/2020,0,0,0,0,1,100450,1756,38.89,38.89,42.78,37.82,75,50,39,0,0,50,15,0,0,50,42,0,50,0,0,0,0,50,0,0,50,15,0,0,50,15,0,50,48,0,0,0,50,30,0,50,36,36,50,42,42,50,48,21,0,50,48,0,50,0,0,0,0,0
304,31/10/2020,0,0,0,0,1,101327,1769,38.89,38.89,42.78,37.82,75,50,39,0,0,50,15,0,0,50,42,0,50,0,0,0,0,50,0,0,50,15,0,0,50,15,0,50,48,3,3,0,50,33,0,50,36,36,50,45,45,50,48,21,0,50,48,0,50,0,0,0,0,0
305,01/11/2020,0,0,0,0,1,101943,1776,38.89,38.89,42.78,37.82,75,50,39,0,0,50,15,0,0,50,42,0,50,0,0,0,0,50,0,0,50,15,0,0,50,15,0,50,48,3,3,0,50,33,0,50,36,36,50,45,45,50,48,21,0,50,48,0,50,0,0,0,0,0
306,02/11/2020,0,0,0,0,1,102431,1787,38.89,38.89,42.78,37.82,75,50,39,0,0,50,15,0,0,50,42,0,50,0,0,0,0,50,0,0,50,15,0,0,50,15,0,50,50,3,3,0,50,33,0,50,36,36,50,45,45,50,48,21,0,50,48,0,50,0,0,0,0,0
307,03/11/2020,0,0,0,0,1,103309,1794,38.89,38.89,42.78,37.82,75,51,39,0,0,51,15,0,0,51,42,0,51,0,0,0,0,51,0,0,51,15,0,0,51,15,0,51,48,3,3,0,51,33,0,51,36,36,51,45,45,51,48,21,0,51,48,0,51,0,0,0,0,0
308,04/11/2020,0,0,0,0,1,103928,1799,38.89,38.89,42.78,37.82,75,51,39,0,0,51,15,0,0,51,42,0,51,0,0,0,0,51,0,0,51,15,0,0,51,15,0,51,48,3,3,0,51,33,0,51,36,36,51,45,45,51,48,21,0,51,48,0,51,0,0,0,0,0
309,05/11/2020,0,0,0,0,1,104964,1806,38.89,38.89,42.78,37.82,75,51,39,0,0,51,15,0,0,51,42,0,51,0,0,0,0,51,0,0,51,15,0,0,51,15,0,51,48,3,3,0,51,33,0,51,39,39,51,45,45,51,48,21,0,51,48,0,51,0,0,0,0,0
310,06/11/2020,0,0,0,0,1,106136,1810,38.89,38.89,42.78,37.82,75,51,39,0,0,51,15,0,0,51,42,0,51,0,0,0,0,51,0,0,51,15,0,0,51,15,0,51,48,3,3,0,51,33,0,51,39,39,51,45,45,51,48,24,0,51,48,0,51,0,0,0,0,0
311,07/11/2020,0,0,0,0,1,107439,1815,38.89,38.89,42.78,37.82,75,51,39,0,0,51,15,0,0,51,42,0,51,0,0,0,0,51,0,0,51,15,0,0,51,15,0,51,48,3,3,0,51,33,0,51,39,39,51,45,45,51,48,24,0,51,48,0,51,0,0,0,0,0
312,08/11/2020,0,0,0,0,1,108394,1821,38.89,38.89,42.78,37.82,75,51,39,0,0,51,15,0,0,51,42,0,51,0,0,0,0,51,0,0,51,18,0,0,51,18,0,51,51,3,3,0,51,33,0,51,39,39,51,45,45,51,48,24,0,51,48,0,51,0,0,0,0,0
313,09/11/2020,0,0,0,0,1,109191,1834,38.89,38.89,42.78,37.82,75,52,42,0,0,52,15,0,0,52,42,0,52,0,0,0,0,52,0,0,52,18,0,0,52,18,0,52,51,3,3,0,52,33,0,52,39,39,52,45,45,52,48,24,0,52,48,0,52,0,0,0,0,0
314,10/11/2020,0,0,0,0,1,110487,1840,38.89,38.89,42.78,37.82,75,52,42,0,0,52,15,0,0,52,42,0,52,0,0,0,0,52,0,0,52,18,0,0,52,18,0,52,51,3,3,0,52,33,0,52,39,39,52,45,45,52,48,24,0,52,48,0,52,0,0,0,0,0
315,11/11/2020,0,0,0,0,1,112011,1847,38.89,38.89,42.78,37.82,75,52,42,0,0,52,18,0,0,52,42,0,52,0,0,0,0,52,0,0,52,18,0,0,52,18,0,52,51,3,3,0,52,33,0,52,39,39,52,45,45,52,48,24,0,52,48,0,52,0,0,0,0,0
316,12/11/2020,0,0,0,0,1,113655,1854,38.89,38.89,42.78,37.82,75,52,42,0,0,52,18,0,0,52,42,0,52,0,0,0,0,52,0,0,52,18,0,0,52,18,0,52,51,3,3,0,52,33,0,52,39,39,52,45,45,52,48,24,0,52,48,0,52,0,0,0,0,0
317,13/11/2020,0,0,0,0,1,115360,1864,38.89,38.89,42.78,37.82,75,52,42,0,0,52,18,0,0,52,42,0,52,0,0,0,0,52,0,0,52,18,0,0,52,18,0,52,51,3,3,0,52,33,0,52,39,39,52,45,45,52,48,24,0,52,48,0,52,0,0,0,0,0
318,14/11/2020,0,0,0,0,1,117113,1865,38.89,38.89,42.78,37.82,75,52,42,0,0,52,18,0,0,52,42,0,52,0,0,0,0,52,0,0,52,18,0,0,52,18,0,52,52,3,3,0,52,33,0,52,39,39,52,45,45,52,48,24,0,52,48,0,52,0,0,0,0,0
319,15/11/2020,0,0,0,0,1,118611,1874,38.89,38.89,42.78,37.82,75,53,42,0,0,53,18,0,0,53,42,0,53,0,0,0,0,53,0,0,53,18,0,0,53,18,0,53,51,3,3,0,53,33,0,53,39,39,53,45,45,53,48,24,0,53,48,0,53,0,0,0,0,0
320,16/11/2020,0,0,0,0,1,119557,1883,38.89,38.89,42.78,37.82,75,53,42,0,0,53,18,0,0,53,45,0,53,0,0,0,0,53,0,0,53,18,0,0,53,18,0,53,51,3,3,0,53,33,0,53,39,39,53,45,45,53,51,24,0,53,51,0,53,0,0,0,0,0
321,17/11/2020,0,0,0,0,3,121247,1895,38.89,38.89,48.33,48.08,50,53,42,0,0,53,18,0,0,53,45,0,53,0,0,0,0,53,0,0,53,18,0,0,53,18,0,53,51,3,3,0,53,33,0,53,39,0,53,45,45,53,51,24,0,53,51,0,53,0,0,0,0,0
322,18/11/2020,0,0,0,0,3,123477,1908,38.89,38.89,48.33,48.08,50,53,42,0,0,53,18,0,0,53,45,0,53,0,0,0,0,53,0,0,53,18,0,0,53,18,0,53,51,6,6,0,53,36,0,53,39,0,53,48,48,53,51,24,0,53,51,0,53,0,0,0,0,0
323,19/11/2020,0,0,0,0,3,125859,1920,38.89,38.89,48.33,48.08,50,53,42,0,0,53,18,0,0,53,45,0,53,0,0,0,0,53,0,0,53,18,0,0,53,18,0,53,51,6,6,0,53,36,0,53,39,0,53,48,48,53,51,24,0,53,51,0,53,0,0,0,0,0
324,20/11/2020,0,0,0,0,3,128285,1930,38.89,38.89,48.33,48.08,50,53,42,0,0,53,18,0,0,53,45,0,53,0,0,0,0,53,0,0,53,18,0,0,53,18,0,53,53,6,6,0,53,36,0,53,39,0,53,48,48,53,51,24,0,53,51,0,53,0,0,0,0,0
325,21/11/2020,0,0,0,0,3,130871,1932,38.89,38.89,48.33,48.08,50,54,42,0,0,54,18,0,0,54,45,0,54,0,0,0,0,54,0,0,54,18,0,0,54,18,0,54,51,6,6,0,54,36,0,54,39,0,54,48,48,54,51,24,0,54,51,0,54,0,0,0,0,0
326,22/11/2020,0,0,0,0,3,133034,1943,38.89,38.89,48.33,48.08,50,54,42,0,0,54,18,0,0,54,45,0,54,0,0,0,0,54,0,0,54,18,0,0,54,18,0,54,51,6,6,0,54,36,0,54,39,0,54,48,48,54,51,24,0,54,51,0,54,0,0,0,0,0
327,23/11/2020,0,0,0,0,3,134554,1949,38.89,38.89,48.33,48.08,50,54,42,0,0,54,18,0,0,54,45,0,54,0,0,0,0,54,0,0,54,18,0,0,54,18,0,54,51,6,6,0,54,36,0,54,42,0,54,48,48,54,51,24,0,54,51,0,54,0,0,0,0,0
328,24/11/2020,0,0,0,0,1,135786,1963,38.89,38.89,45,44.23,50,54,42,0,0,54,18,0,0,54,45,0,54,0,0,0,0,54,0,0,54,18,0,0,54,18,0,54,51,6,6,0,54,36,0,54,42,0,54,48,48,54,51,27,0,54,51,0,54,0,0,0,0,0
329,25/11/2020,0,0,0,0,1,137735,1983,38.89,38.89,45,44.23,50,54,42,0,0,54,18,0,0,54,45,0,54,0,0,0,0,54,0,0,54,18,0,0,54,18,0,54,51,6,6,0,54,36,0,54,42,0,54,48,48,54,51,27,0,54,51,0,54,0,0,0,0,0
330,26/11/2020,0,0,0,0,1,140225,1996,38.89,38.89,45,44.23,50,54,42,0,0,54,18,0,0,54,45,0,54,0,0,0,0,54,0,0,54,21,0,0,54,21,0,54,54,6,6,0,54,36,0,54,42,0,54,48,48,54,51,27,0,54,51,0,54,0,0,0,0,0
