 ,Date,ConfirmedCases,ConfirmedDeaths,StringencyIndex,StringencyIndexForDisplay,GovernmentResponseIndexForDisplay,ContainmentHealthIndexForDisplay,EconomicSupportIndexForDisplay,C1_School closing (0),C1_School closing (1),C1_School closing (2),C1_School closing (3),C2_Workplace closing (0),C2_Workplace closing (1),C2_Workplace closing (2),C2_Workplace closing (3),C3_Cancel public events (0),C3_Cancel public events (1),C3_Cancel public events (2),C4_Restrictions on gatherings (0),C4_Restrictions on gatherings (1),C4_Restrictions on gatherings (2),C4_Restrictions on gatherings (3),C4_Restrictions on gatherings (4),C5_Close public transport (0),C5_Close public transport (1),C5_Close public transport (2),C6_Stay at home requirements (0),C6_Stay at home requirements (1),C6_Stay at home requirements (2),C6_Stay at home requirements (3),C7_Restrictions on internal movement (0),C7_Restrictions on internal movement (1),C7_Restrictions on internal movement (2),C8_International travel controls (0),C8_International travel controls (1),C8_International travel controls (2),C8_International travel controls (3),C8_International travel controls (4),E1_Income support (0),E1_Income support (1),E1_Income support (2),E2_Debt/contract relief (0),E2_Debt/contract relief (1),E2_Debt/contract relief (2),H1_Public information campaigns (0),H1_Public information campaigns (1),H1_Public information campaigns (2),H2_Testing policy (0),H2_Testing policy (1),H2_Testing policy (2),H2_Testing policy (3),H3_Contact tracing (0),H3_Contact tracing (1),H3_Contact tracing (2),H6_Facial Coverings (0),H6_Facial Coverings (1),H6_Facial Coverings (2),H6_Facial Coverings (3),H6_Facial Coverings (4),H7_Vaccination policy (0),H7_Vaccination policy (1),H7_Vaccination policy (2),H7_Vaccination policy (3),H7_Vaccination policy (4),H7_Vaccination policy (5)
1,02/01/2020,0,0,0.0,0.0,0.0,0.0,0.0,0,0,0,0,0,0,0,0,0,0,0,0,0,0,0,0,0,0,0,0,0,0,0,0,0,0,0,0,0,0,0,0,0,0,0,0,0,0,0,0,0,0,0,0,0,0,0,0,0,0,0,0,0,0,0,0,0,0
2,03/01/2020,0,0,0.0,0.0,0.0,0.0,0.0,0,0,0,0,0,0,0,0,0,0,0,0,0,0,0,0,0,0,0,0,0,0,0,0,0,0,0,0,0,0,0,0,0,0,0,0,0,0,0,0,0,0,0,0,0,0,0,0,0,0,0,0,0,0,0,0,0,0
3,04/01/2020,0,0,0.0,0.0,0.0,0.0,0.0,0,0,0,0,0,0,0,0,0,0,0,0,0,0,0,0,0,0,0,0,0,0,0,0,0,0,0,0,0,0,0,0,0,0,0,0,0,0,0,0,0,0,0,0,0,0,0,0,0,0,0,0,0,0,0,0,0,0
4,05/01/2020,0,0,0.0,0.0,0.0,0.0,0.0,0,0,0,0,0,0,0,0,0,0,0,0,0,0,0,0,0,0,0,0,0,0,0,0,0,0,0,0,0,0,0,0,0,0,0,0,0,0,0,0,0,0,0,0,0,0,0,0,0,0,0,0,0,0,0,0,0,0
5,06/01/2020,0,0,0.0,0.0,0.0,0.0,0.0,0,0,0,0,0,0,0,0,0,0,0,0,0,0,0,0,0,0,0,0,0,0,0,0,0,0,0,0,0,0,0,0,0,0,0,0,0,0,0,0,0,0,0,0,0,0,0,0,0,0,0,0,0,0,0,0,0,0
6,07/01/2020,0,0,0.0,0.0,0.0,0.0,0.0,0,0,0,0,0,0,0,0,0,0,0,0,0,0,0,0,0,0,0,0,0,0,0,0,0,0,0,0,0,0,0,0,0,0,0,0,0,0,0,0,0,0,0,0,0,0,0,0,0,0,0,0,0,0,0,0,0,0
7,08/01/2020,0,0,0.0,0.0,0.0,0.0,0.0,1,0,0,0,1,0,0,0,1,0,0,1,0,0,0,0,1,0,0,1,0,0,0,1,0,0,1,0,0,0,0,1,0,0,1,0,0,1,0,0,1,0,0,0,1,0,0,1,0,0,0,0,1,0,0,0,0,0
8,09/01/2020,0,0,0.0,0.0,0.0,0.0,0.0,1,0,0,0,1,0,0,0,1,0,0,1,0,0,0,0,1,0,0,1,0,0,0,1,0,0,1,0,0,0,0,1,0,0,1,0,0,1,0,0,1,0,0,0,1,0,0,1,0,0,0,0,1,0,0,0,0,0
9,10/01/2020,0,0,0.0,0.0,0.0,0.0,0.0,1,0,0,0,1,0,0,0,1,0,0,1,0,0,0,0,1,0,0,1,0,0,0,1,0,0,1,0,0,0,0,1,0,0,1,0,0,1,0,0,1,0,0,0,1,0,0,1,0,0,0,0,1,0,0,0,0,0
10,11/01/2020,0,0,0.0,0.0,0.0,0.0,0.0,1,0,0,0,1,0,0,0,1,0,0,1,0,0,0,0,1,0,0,1,0,0,0,1,0,0,1,0,0,0,0,1,0,0,1,0,0,1,0,0,1,0,0,0,1,0,0,1,0,0,0,0,1,0,0,0,0,0
11,12/01/2020,0,0,0.0,0.0,0.0,0.0,0.0,1,0,0,0,1,0,0,0,1,0,0,1,0,0,0,0,1,0,0,1,0,0,0,1,0,0,1,0,0,0,0,1,0,0,1,0,0,1,0,0,1,0,0,0,1,0,0,1,0,0,0,0,1,0,0,0,0,0
12,13/01/2020,0,0,0.0,0.0,0.0,0.0,0.0,1,0,0,0,1,0,0,0,1,0,0,1,0,0,0,0,1,0,0,1,0,0,0,1,0,0,1,0,0,0,0,1,0,0,1,0,0,1,0,0,1,0,0,0,1,0,0,1,0,0,0,0,1,0,0,0,0,0
13,14/01/2020,0,0,0.0,0.0,0.0,0.0,0.0,2,0,0,0,2,0,0,0,2,0,0,2,0,0,0,0,2,0,0,2,0,0,0,2,0,0,2,0,0,0,0,2,0,0,2,0,0,2,0,0,2,0,0,0,2,0,0,2,0,0,0,0,2,0,0,0,0,0
14,15/01/2020,0,0,0.0,0.0,0.0,0.0,0.0,2,0,0,0,2,0,0,0,2,0,0,2,0,0,0,0,2,0,0,2,0,0,0,2,0,0,2,0,0,0,0,2,0,0,2,0,0,2,0,0,2,0,0,0,2,0,0,2,0,0,0,0,2,0,0,0,0,0
15,16/01/2020,0,0,0.0,0.0,0.0,0.0,0.0,2,0,0,0,2,0,0,0,2,0,0,2,0,0,0,0,2,0,0,2,0,0,0,2,0,0,2,0,0,0,0,2,0,0,2,0,0,2,0,0,2,0,0,0,2,0,0,2,0,0,0,0,2,0,0,0,0,0
16,17/01/2020,0,0,0.0,0.0,0.0,0.0,0.0,2,0,0,0,2,0,0,0,2,0,0,2,0,0,0,0,2,0,0,2,0,0,0,2,0,0,2,0,0,0,0,2,0,0,2,0,0,2,0,0,2,0,0,0,2,0,0,2,0,0,0,0,2,0,0,0,0,0
17,18/01/2020,0,0,0.0,0.0,0.0,0.0,0.0,2,0,0,0,2,0,0,0,2,0,0,2,0,0,0,0,2,0,0,2,0,0,0,2,0,0,2,0,0,0,0,2,0,0,2,0,0,2,0,0,2,0,0,0,2,0,0,2,0,0,0,0,2,0,0,0,0,0
18,19/01/2020,0,0,0.0,0.0,0.0,0.0,0.0,2,0,0,0,2,0,0,0,2,0,0,2,0,0,0,0,2,0,0,2,0,0,0,2,0,0,2,0,0,0,0,2,0,0,2,0,0,2,0,0,2,0,0,0,2,0,0,2,0,0,0,0,2,0,0,0,0,0
19,20/01/2020,0,0,5.56,5.56,5.56,6.41,0.0,3,0,0,0,3,0,0,0,3,0,0,3,0,0,0,0,3,0,0,3,0,0,0,3,0,0,3,0,0,0,0,3,0,0,3,0,0,3,0,0,3,0,0,0,3,0,0,3,0,0,0,0,3,0,0,0,0,0
20,21/01/2020,0,0,5.56,5.56,5.56,6.41,0.0,3,0,0,0,3,0,0,0,3,0,0,3,0,0,0,0,3,0,0,3,0,0,0,3,0,0,3,0,0,0,0,3,0,0,3,0,0,3,0,0,3,0,0,0,3,0,0,3,0,0,0,0,3,0,0,0,0,0
21,22/01/2020,0.0,0.0,5.56,5.56,5.56,6.41,0.0,3,0,0,0,3,0,0,0,3,0,0,3,0,0,0,0,3,0,0,3,0,0,0,3,0,0,3,0,0,0,0,3,0,0,3,0,0,3,0,0,3,0,0,0,3,0,0,3,0,0,0,0,3,0,0,0,0,0
22,23/01/2020,0.0,0.0,5.56,5.56,5.56,6.41,0.0,3,0,0,0,3,0,0,0,3,0,0,3,0,0,0,0,3,0,0,3,0,0,0,3,0,0,3,0,0,0,0,3,0,0,3,0,0,3,0,0,3,0,0,0,3,0,0,3,0,0,0,0,3,0,0,0,0,0
23,24/01/2020,0.0,0.0,5.56,5.56,5.56,6.41,0.0,3,0,0,0,3,0,0,0,3,0,0,3,0,0,0,0,3,0,0,3,0,0,0,3,0,0,3,0,0,0,0,3,0,0,3,0,0,3,0,0,3,0,0,0,3,0,0,3,0,0,0,0,3,0,0,0,0,0
24,25/01/2020,0.0,0.0,5.56,5.56,5.56,6.41,0.0,3,0,0,0,3,0,0,0,3,0,0,3,0,0,0,0,3,0,0,3,0,0,0,3,0,0,3,0,0,0,0,3,0,0,3,0,0,3,0,0,3,0,0,0,3,0,0,3,0,0,0,0,3,0,0,0,0,0
25,26/01/2020,0.0,0.0,5.56,5.56,5.56,6.41,0.0,4,0,0,0,4,0,0,0,4,0,0,4,0,0,0,0,4,0,0,4,0,0,0,4,0,0,4,0,0,0,0,4,0,0,4,0,0,4,0,0,4,0,0,0,4,0,0,4,0,0,0,0,4,0,0,0,0,0
26,27/01/2020,0.0,0.0,5.56,5.56,5.56,6.41,0.0,4,0,0,0,4,0,0,0,4,0,0,4,0,0,0,0,4,0,0,4,0,0,0,4,0,0,4,0,0,0,0,4,0,0,4,0,0,4,0,0,4,0,0,0,4,0,0,4,0,0,0,0,4,0,0,0,0,0
27,28/01/2020,0.0,0.0,5.56,5.56,5.56,6.41,0.0,4,0,0,0,4,0,0,0,4,0,0,4,0,0,0,0,4,0,0,4,0,0,0,4,0,0,4,0,0,0,0,4,0,0,4,0,0,4,0,0,4,0,0,0,4,0,0,4,0,0,0,0,4,0,0,0,0,0
28,29/01/2020,0.0,0.0,5.56,5.56,5.56,6.41,0.0,4,0,0,0,4,0,0,0,4,0,0,4,0,0,0,0,4,0,0,4,0,0,0,4,0,0,4,0,0,0,0,4,0,0,4,0,0,4,0,0,4,0,0,0,4,0,0,4,0,0,0,0,4,0,0,0,0,0
29,30/01/2020,0.0,0.0,5.56,5.56,5.56,6.41,0.0,4,0,0,0,4,0,0,0,4,0,0,4,0,0,0,0,4,0,0,4,0,0,0,4,0,0,4,0,0,0,0,4,0,0,4,0,0,4,0,0,4,0,0,0,4,0,0,4,0,0,0,0,4,0,0,0,0,0
30,31/01/2020,2.0,0.0,8.33,8.33,13.89,16.03,0.0,4,0,0,0,4,0,0,0,4,0,0,4,0,0,0,0,4,0,0,4,0,0,0,4,0,0,4,0,0,0,0,4,0,0,4,0,0,4,0,0,4,0,0,0,4,0,0,4,0,0,0,0,4,0,0,0,0,0
31,01/02/2020,2.0,0.0,8.33,8.33,13.89,16.03,0.0,5,0,0,0,5,0,0,0,5,0,0,5,0,0,0,0,5,0,0,5,0,0,0,5,0,0,5,0,0,0,0,5,0,0,5,0,0,5,0,0,5,0,0,0,5,0,0,5,0,0,0,0,5,0,0,0,0,0
32,02/02/2020,2.0,0.0,11.11,11.11,15.56,17.95,0.0,5,0,0,0,5,0,0,0,5,0,0,5,0,0,0,0,5,0,0,5,0,0,0,5,0,0,5,0,0,0,0,5,0,0,5,0,0,5,0,0,5,0,0,0,5,0,0,5,0,0,0,0,5,0,0,0,0,0
33,03/02/2020,8.0,0.0,11.11,11.11,15.56,17.95,0.0,5,0,0,0,5,0,0,0,5,0,0,5,0,0,0,0,5,0,0,5,0,0,0,5,0,0,5,0,0,0,0,5,0,0,5,0,0,5,0,0,5,0,0,0,5,0,0,5,0,0,0,0,5,0,0,0,0,0
34,04/02/2020,8.0,0.0,11.11,11.11,15.56,17.95,0.0,5,0,0,0,5,0,0,0,5,0,0,5,0,0,0,0,5,0,0,5,0,0,0,5,0,0,5,0,0,0,0,5,0,0,5,0,0,5,0,0,5,0,0,0,5,0,0,5,0,0,0,0,5,0,0,0,0,0
35,05/02/2020,9.0,0.0,11.11,11.11,15.56,17.95,0.0,5,0,0,0,5,0,0,0,5,0,0,5,0,0,0,0,5,0,0,5,0,0,0,5,0,0,5,0,0,0,0,5,0,0,5,0,0,5,0,0,5,0,0,0,5,0,0,5,0,0,0,0,5,0,0,0,0,0
36,06/02/2020,9.0,0.0,11.11,11.11,15.56,17.95,0.0,5,0,0,0,5,0,0,0,5,0,0,5,0,0,0,0,5,0,0,5,0,0,0,5,0,0,5,0,0,0,0,5,0,0,5,0,0,5,0,0,5,0,0,0,5,0,0,5,0,0,0,0,5,0,0,0,0,0
37,07/02/2020,9.0,0.0,11.11,11.11,15.56,17.95,0.0,6,0,0,0,6,0,0,0,6,0,0,6,0,0,0,0,6,0,0,6,0,0,0,6,0,0,6,0,0,0,0,6,0,0,6,0,0,6,3,0,6,3,0,0,6,0,0,6,0,0,0,0,6,0,0,0,0,0
38,08/02/2020,13.0,0.0,11.11,11.11,15.56,17.95,0.0,6,0,0,0,6,0,0,0,6,0,0,6,0,0,0,0,6,0,0,6,0,0,0,6,0,0,6,0,0,0,0,6,0,0,6,0,0,6,3,0,6,3,0,0,6,0,0,6,0,0,0,0,6,0,0,0,0,0
39,09/02/2020,14.0,0.0,11.11,11.11,15.56,17.95,0.0,6,0,0,0,6,0,0,0,6,0,0,6,0,0,0,0,6,0,0,6,0,0,0,6,0,0,6,0,0,0,0,6,0,0,6,0,0,6,3,0,6,3,0,0,6,0,0,6,0,0,0,0,6,0,0,0,0,0
40,10/02/2020,14.0,0.0,11.11,11.11,15.56,17.95,0.0,6,0,0,0,6,0,0,0,6,0,0,6,0,0,0,0,6,0,0,6,0,0,0,6,0,0,6,0,0,0,0,6,0,0,6,0,0,6,3,0,6,3,0,0,6,0,0,6,0,0,0,0,6,0,0,0,0,0
41,11/02/2020,15.0,0.0,11.11,11.11,15.56,17.95,0.0,6,0,0,0,6,0,0,0,6,0,0,6,0,0,0,0,6,0,0,6,0,0,0,6,0,0,6,0,0,0,0,6,0,0,6,0,0,6,3,0,6,3,0,0,6,0,0,6,0,0,0,0,6,0,0,0,0,0
42,12/02/2020,16.0,0.0,11.11,11.11,15.56,17.95,0.0,6,0,0,0,6,0,0,0,6,0,0,6,0,0,0,0,6,0,0,6,0,0,0,6,0,0,6,0,0,0,0,6,0,0,6,0,0,6,3,0,6,3,0,0,6,0,0,6,0,0,0,0,6,0,0,0,0,0
43,13/02/2020,17.0,0.0,11.11,11.11,15.56,17.95,0.0,7,0,0,0,7,0,0,0,7,0,0,7,0,0,0,0,7,0,0,7,0,0,0,7,0,0,7,0,0,0,0,7,0,0,7,0,0,7,3,0,7,3,0,0,7,0,0,7,0,0,0,0,7,0,0,0,0,0
44,14/02/2020,18.0,0.0,11.11,11.11,15.56,17.95,0.0,7,0,0,0,7,0,0,0,7,0,0,7,0,0,0,0,7,0,0,7,0,0,0,7,0,0,7,0,0,0,0,7,0,0,7,0,0,7,3,0,7,3,0,0,7,0,0,7,0,0,0,0,7,0,0,0,0,0
45,15/02/2020,18.0,0.0,11.11,11.11,15.56,17.95,0.0,7,0,0,0,7,0,0,0,7,0,0,7,0,0,0,0,7,0,0,7,0,0,0,7,0,0,7,0,0,0,0,7,0,0,7,0,0,7,3,0,7,3,0,0,7,0,0,7,0,0,0,0,7,0,0,0,0,0
46,16/02/2020,18.0,0.0,11.11,11.11,15.56,17.95,0.0,7,0,0,0,7,0,0,0,7,0,0,7,0,0,0,0,7,0,0,7,0,0,0,7,0,0,7,0,0,0,0,7,0,0,7,0,0,7,3,0,7,3,0,0,7,0,0,7,0,0,0,0,7,0,0,0,0,0
47,17/02/2020,19.0,0.0,11.11,11.11,15.56,17.95,0.0,7,0,0,0,7,0,0,0,7,0,0,7,0,0,0,0,7,0,0,7,0,0,0,7,0,0,7,0,0,0,0,7,0,0,7,0,0,7,3,0,7,3,0,0,7,0,0,7,0,0,0,0,7,0,0,0,0,0
48,18/02/2020,19.0,0.0,11.11,11.11,15.56,17.95,0.0,7,0,0,0,7,0,0,0,7,0,0,7,0,0,0,0,7,0,0,7,0,0,0,7,0,0,7,0,0,0,0,7,0,0,7,0,0,7,3,3,7,3,0,0,7,3,3,7,0,0,0,0,7,0,0,0,0,0
49,19/02/2020,20.0,0.0,11.11,11.11,15.56,17.95,0.0,8,0,0,0,8,0,0,0,8,0,0,8,0,0,0,0,8,0,0,8,0,0,0,8,0,0,8,0,0,0,0,8,0,0,8,0,0,8,3,3,8,3,0,0,8,3,3,8,0,0,0,0,8,0,0,0,0,0
50,20/02/2020,22.0,0.0,11.11,11.11,15.56,17.95,0.0,8,0,0,0,8,0,0,0,8,0,0,8,0,0,0,0,8,0,0,8,0,0,0,8,0,0,8,0,0,0,0,8,0,0,8,0,0,8,3,3,8,3,0,0,8,3,3,8,0,0,0,0,8,0,0,0,0,0
51,21/02/2020,23.0,0.0,11.11,11.11,15.56,17.95,0.0,8,0,0,0,8,0,0,0,8,0,0,8,0,0,0,0,8,0,0,8,0,0,0,8,0,0,8,0,0,0,0,8,0,0,8,0,0,8,3,3,8,3,0,0,8,3,3,8,0,0,0,0,8,0,0,0,0,0
52,22/02/2020,23.0,0.0,11.11,11.11,15.56,17.95,0.0,8,0,0,0,8,0,0,0,8,0,0,8,0,0,0,0,8,0,0,8,0,0,0,8,0,0,8,0,0,0,0,8,0,0,8,0,0,8,3,3,8,3,0,0,8,3,3,8,0,0,0,0,8,0,0,0,0,0
53,23/02/2020,28.0,0.0,11.11,11.11,15.56,17.95,0.0,8,0,0,0,8,0,0,0,8,0,0,8,0,0,0,0,8,0,0,8,0,0,0,8,0,0,8,0,0,0,0,8,0,0,8,0,0,8,3,3,8,3,0,0,8,3,3,8,0,0,0,0,8,0,0,0,0,0
54,24/02/2020,30.0,0.0,11.11,11.11,15.56,17.95,0.0,8,0,0,0,8,0,0,0,8,0,0,8,0,0,0,0,8,0,0,8,0,0,0,8,0,0,8,0,0,0,0,8,0,0,8,0,0,8,3,3,8,3,0,0,8,3,3,8,0,0,0,0,8,0,0,0,0,0
55,25/02/2020,34.0,0.0,11.11,11.11,15.56,17.95,0.0,9,0,0,0,9,0,0,0,9,0,0,9,0,0,0,0,9,0,0,9,0,0,0,9,0,0,9,0,0,0,0,9,0,0,9,0,0,9,6,3,9,6,0,0,9,3,3,9,0,0,0,0,9,0,0,0,0,0
56,26/02/2020,37.0,0.0,11.11,11.11,15.56,17.95,0.0,9,0,0,0,9,0,0,0,9,0,0,9,0,0,0,0,9,0,0,9,0,0,0,9,0,0,9,0,0,0,0,9,0,0,9,0,0,9,6,3,9,6,0,0,9,3,3,9,0,0,0,0,9,0,0,0,0,0
57,27/02/2020,44.0,0.0,11.11,11.11,15.56,17.95,0.0,9,0,0,0,9,0,0,0,9,0,0,9,0,0,0,0,9,0,0,9,0,0,0,9,0,0,9,0,0,0,0,9,0,0,9,0,0,9,6,3,9,6,0,0,9,3,3,9,0,0,0,0,9,0,0,0,0,0
58,28/02/2020,56.0,0.0,11.11,11.11,15.56,17.95,0.0,9,0,0,0,9,0,0,0,9,0,0,9,0,0,0,0,9,0,0,9,0,0,0,9,0,0,9,0,0,0,0,9,0,0,9,0,0,9,6,3,9,6,0,0,9,3,3,9,0,0,0,0,9,0,0,0,0,0
59,29/02/2020,61.0,0.0,11.11,11.11,15.56,17.95,0.0,9,0,0,0,9,0,0,0,9,0,0,9,0,0,0,0,9,0,0,9,0,0,0,9,0,0,9,0,0,0,0,9,0,0,9,0,0,9,6,3,9,6,0,0,9,3,3,9,0,0,0,0,9,0,0,0,0,0
60,01/03/2020,94.0,0.0,11.11,11.11,15.56,17.95,0.0,9,0,0,0,9,0,0,0,9,0,0,9,0,0,0,0,9,0,0,9,0,0,0,9,0,0,9,0,0,0,0,9,0,0,9,0,0,9,6,3,9,6,0,0,9,3,3,9,0,0,0,0,9,0,0,0,0,0
61,02/03/2020,134.0,0.0,11.11,11.11,15.56,17.95,0.0,10,0,0,0,10,0,0,0,10,0,0,10,0,0,0,0,10,0,0,10,0,0,0,10,0,0,10,0,0,0,0,10,0,0,10,0,0,10,6,3,10,6,0,0,10,3,3,10,0,0,0,0,10,0,0,0,0,0
62,03/03/2020,189.0,0.0,11.11,11.11,15.56,17.95,0.0,10,0,0,0,10,0,0,0,10,0,0,10,0,0,0,0,10,0,0,10,0,0,0,10,0,0,10,0,0,0,0,10,0,0,10,0,0,10,6,3,10,6,0,0,10,3,3,10,0,0,0,0,10,0,0,0,0,0
63,04/03/2020,245.0,0.0,11.11,11.11,15.56,17.95,0.0,10,0,0,0,10,0,0,0,10,0,0,10,0,0,0,0,10,0,0,10,0,0,0,10,0,0,10,0,0,0,0,10,0,0,10,0,0,10,6,3,10,6,0,0,10,3,3,10,0,0,0,0,10,0,0,0,0,0
64,05/03/2020,294.0,0.0,11.11,11.11,15.56,17.95,0.0,10,0,0,0,10,0,0,0,10,0,0,10,0,0,0,0,10,0,0,10,0,0,0,10,0,0,10,0,0,0,0,10,0,0,10,0,0,10,6,3,10,6,0,0,10,3,3,10,0,0,0,0,10,0,0,0,0,0
65,06/03/2020,373.0,1.0,11.11,11.11,15.56,17.95,0.0,10,0,0,0,10,0,0,0,10,0,0,10,0,0,0,0,10,0,0,10,0,0,0,10,0,0,10,0,0,0,0,10,0,0,10,0,0,10,6,3,10,6,0,0,10,3,3,10,0,0,0,0,10,0,0,0,0,0
66,07/03/2020,428.0,2.0,11.11,11.11,15.56,17.95,0.0,10,0,0,0,10,0,0,0,10,0,0,10,0,0,0,0,10,0,0,10,0,0,0,10,0,0,10,0,0,0,0,10,0,0,10,0,0,10,6,6,10,6,0,0,10,6,6,10,0,0,0,0,10,0,0,0,0,0
67,08/03/2020,482.0,2.0,11.11,11.11,15.56,17.95,0.0,11,0,0,0,11,0,0,0,11,0,0,11,0,0,0,0,11,0,0,11,0,0,0,11,0,0,11,0,0,0,0,11,0,0,11,0,0,11,6,6,11,6,0,0,11,6,6,11,0,0,0,0,11,0,0,0,0,0
68,09/03/2020,629.0,3.0,11.11,11.11,15.56,17.95,0.0,11,0,0,0,11,0,0,0,11,0,0,11,0,0,0,0,11,0,0,11,0,0,0,11,0,0,11,0,0,0,0,11,0,0,11,0,0,11,6,6,11,6,0,0,11,6,6,11,0,0,0,0,11,0,0,0,0,0
69,10/03/2020,887.0,7.0,11.11,11.11,15.56,17.95,0.0,11,0,0,0,11,0,0,0,11,0,0,11,0,0,0,0,11,0,0,11,0,0,0,11,0,0,11,0,0,0,0,11,0,0,11,0,0,11,6,6,11,6,0,0,11,6,6,11,0,0,0,0,11,0,0,0,0,0
70,11/03/2020,1298.0,7.0,11.11,11.11,15.56,17.95,0.0,11,0,0,0,11,0,0,0,11,0,0,11,0,0,0,0,11,0,0,11,0,0,0,11,0,0,11,0,0,0,0,11,0,0,11,0,0,11,6,6,11,6,0,0,11,6,6,11,0,0,0,0,11,0,0,0,0,0
71,12/03/2020,1787.0,9.0,11.11,11.11,8.89,10.26,0.0,11,0,0,0,11,0,0,0,11,0,0,11,0,0,0,0,11,0,0,11,0,0,0,11,0,0,11,0,0,0,0,11,0,0,11,0,0,11,6,6,11,6,0,0,11,0,0,11,0,0,0,0,11,0,0,0,0,0
72,13/03/2020,2266.0,10.0,12.96,12.96,10.0,11.54,0.0,11,0,0,0,11,0,0,0,11,0,0,11,0,0,0,0,11,0,0,11,0,0,0,11,0,0,11,0,0,0,0,11,0,0,11,0,0,11,6,6,11,6,0,0,11,0,0,11,0,0,0,0,11,0,0,0,0,0
73,14/03/2020,2630.0,29.0,12.96,12.96,10.0,11.54,0.0,12,0,0,0,12,0,0,0,12,0,0,12,0,0,0,0,12,0,0,12,0,0,0,12,0,0,12,0,0,0,0,12,0,0,12,0,0,12,9,6,12,9,0,0,12,0,0,12,0,0,0,0,12,0,0,0,0,0
74,15/03/2020,3072.0,43.0,12.96,12.96,10.0,11.54,0.0,12,0,0,0,12,0,0,0,12,0,0,12,0,0,0,0,12,0,0,12,0,0,0,12,0,0,12,0,0,0,0,12,0,0,12,0,0,12,9,6,12,9,0,0,12,0,0,12,0,0,0,0,12,0,0,0,0,0
75,16/03/2020,3684.0,65.0,16.67,16.67,12.22,14.1,0.0,12,0,0,0,12,0,0,0,12,0,0,12,0,0,0,0,12,0,0,12,0,0,0,12,0,0,12,0,0,0,0,12,0,0,12,0,0,12,9,6,12,9,0,0,12,0,0,12,0,0,0,0,12,0,0,0,0,0
76,17/03/2020,4452.0,82.0,22.22,22.22,18.89,17.95,25.0,12,0,0,0,12,0,0,0,12,0,0,12,0,0,0,0,12,0,0,12,0,0,0,12,0,0,12,0,0,0,0,12,0,0,12,0,0,12,9,6,12,9,0,0,12,0,0,12,0,0,0,0,12,0,0,0,0,0
77,18/03/2020,5451.0,116.0,31.48,31.48,24.44,24.36,25.0,12,0,0,0,12,0,0,0,12,0,0,12,0,0,0,0,12,0,0,12,0,0,0,12,0,0,12,0,0,0,0,12,0,0,12,0,0,12,9,6,12,9,0,0,12,0,0,12,0,0,0,0,12,0,0,0,0,0
78,19/03/2020,6506.0,162.0,31.48,31.48,27.78,24.36,50.0,12,0,0,0,12,0,0,0,12,0,0,12,0,0,0,0,12,0,0,12,0,0,0,12,0,0,12,0,0,0,0,12,0,0,12,0,0,12,9,6,12,9,0,0,12,0,0,12,0,0,0,0,12,0,0,0,0,0
79,20/03/2020,7760.0,194.0,37.04,37.04,36.11,28.21,87.5,13,0,0,0,13,0,0,0,13,0,0,13,0,0,0,0,13,0,0,13,0,0,0,13,0,0,13,0,0,0,0,13,0,0,13,0,0,13,9,6,13,9,0,0,13,0,0,13,0,0,0,0,13,0,0,0,0,0
80,21/03/2020,8957.0,252.0,47.22,47.22,42.22,35.26,87.5,13,0,0,0,13,0,0,0,13,0,0,13,0,0,0,0,13,0,0,13,0,0,0,13,0,0,13,0,0,0,0,13,0,0,13,0,0,13,9,6,13,9,0,0,13,0,0,13,0,0,0,0,13,0,0,0,0,0
81,22/03/2020,10333.0,288.0,62.04,62.04,51.11,45.51,87.5,13,0,0,0,13,0,0,0,13,0,0,13,0,0,0,0,13,0,0,13,0,0,0,13,0,0,13,0,0,0,0,13,0,0,13,0,0,13,9,6,13,9,0,0,13,0,0,13,0,0,0,0,13,0,0,0,0,0
82,23/03/2020,12668.0,364.0,78.24,78.24,60.83,56.73,87.5,13,0,0,0,13,0,0,0,13,0,0,13,0,0,0,0,13,0,0,13,0,0,0,13,0,0,13,0,0,0,0,13,0,0,13,0,0,13,9,6,13,9,0,0,13,0,0,13,0,0,0,0,13,0,0,0,0,0
83,24/03/2020,15039.0,512.0,79.63,79.63,61.67,57.69,87.5,13,0,0,0,13,0,0,0,13,0,0,13,0,0,0,0,13,0,0,13,0,0,0,13,0,0,13,0,0,0,0,13,0,0,13,0,0,13,9,6,13,9,0,0,13,0,0,13,0,0,0,0,13,0,0,0,0,0
84,25/03/2020,17732.0,703.0,79.63,79.63,61.67,57.69,87.5,13,0,0,0,13,0,0,0,13,0,0,13,0,0,0,0,13,0,0,13,0,0,0,13,0,0,13,0,0,0,0,13,0,0,13,0,0,13,9,9,13,9,0,0,13,0,0,13,0,0,0,0,13,0,0,0,0,0
85,26/03/2020,20816.0,884.0,79.63,79.63,63.33,57.69,100.0,14,0,0,0,14,0,0,0,14,0,0,14,0,0,0,0,14,0,0,14,0,0,0,14,0,0,14,0,0,0,0,14,0,0,14,0,0,14,9,9,14,9,0,0,14,0,0,14,0,0,0,0,14,0,0,0,0,0
86,27/03/2020,24017.0,1172.0,79.63,79.63,63.33,57.69,100.0,14,0,0,0,14,0,0,0,14,0,0,14,0,0,0,0,14,0,0,14,0,0,0,14,0,0,14,0,0,0,0,14,0,0,14,0,0,14,9,9,14,9,0,0,14,0,0,14,0,0,0,0,14,0,0,0,0,0
87,28/03/2020,26839.0,1464.0,79.63,79.63,63.33,57.69,100.0,14,0,0,0,14,0,0,0,14,0,0,14,0,0,0,0,14,0,0,14,0,0,0,14,0,0,14,0,0,0,0,14,0,0,14,0,0,14,9,9,14,9,0,0,14,0,0,14,0,0,0,0,14,0,0,0,0,0
88,29/03/2020,29696.0,1676.0,79.63,79.63,63.33,57.69,100.0,14,0,0,0,14,0,0,0,14,0,0,14,0,0,0,0,14,0,0,14,0,0,0,14,0,0,14,0,0,0,0,14,0,0,14,0,0,14,9,9,14,9,0,0,14,0,0,14,0,0,0,0,14,0,0,0,0,0
89,30/03/2020,33969.0,2050.0,79.63,79.63,63.33,57.69,100.0,14,0,0,0,14,0,0,0,14,0,0,14,0,0,0,0,14,0,0,14,0,0,0,14,0,0,14,0,0,0,0,14,0,0,14,0,0,14,9,9,14,9,0,0,14,0,0,14,0,0,0,0,14,0,0,0,0,0
90,31/03/2020,38484.0,2453.0,79.63,79.63,63.33,57.69,100.0,14,0,0,0,14,0,0,0,14,0,0,14,0,0,0,0,14,0,0,14,3,0,0,14,0,0,14,0,0,0,0,14,0,0,14,0,0,14,9,9,14,9,0,0,14,0,0,14,0,0,0,0,14,0,0,0,0,0
91,01/04/2020,43398.0,3125.0,79.63,79.63,63.33,57.69,100.0,15,0,0,0,15,0,0,0,15,0,0,15,0,0,0,0,15,0,0,15,3,0,0,15,0,0,15,0,0,0,0,15,0,0,15,0,0,15,12,9,15,12,0,0,15,0,0,15,0,0,0,0,15,0,0,0,0,0
92,02/04/2020,48263.0,3782.0,79.63,79.63,63.33,57.69,100.0,15,0,0,0,15,0,0,0,15,0,0,15,0,0,0,0,15,0,0,15,3,0,0,15,0,0,15,0,0,0,0,15,0,0,15,0,0,15,12,9,15,12,0,0,15,0,0,15,0,0,0,0,15,0,0,0,0,0
93,03/04/2020,53178.0,4518.0,79.63,79.63,63.33,57.69,100.0,15,0,0,0,15,3,0,0,15,0,0,15,0,0,0,0,15,0,0,15,3,0,0,15,0,0,15,0,0,0,0,15,0,0,15,0,0,15,12,9,15,12,0,0,15,0,0,15,0,0,0,0,15,0,0,0,0,0
94,04/04/2020,57198.0,5274.0,79.63,79.63,63.33,57.69,100.0,15,0,0,0,15,3,0,0,15,3,0,15,0,0,0,0,15,0,0,15,3,0,0,15,0,0,15,0,0,0,0,15,0,0,15,3,0,15,12,9,15,12,0,0,15,0,0,15,0,0,0,0,15,0,0,0,0,0
95,05/04/2020,60792.0,5873.0,79.63,79.63,63.33,57.69,100.0,15,3,3,3,15,3,0,0,15,3,0,15,0,0,0,0,15,0,0,15,3,0,0,15,0,0,15,0,0,0,0,15,0,0,15,3,0,15,12,9,15,12,0,0,15,0,0,15,0,0,0,0,15,0,0,0,0,0
96,06/04/2020,66067.0,6440.0,79.63,79.63,63.33,57.69,100.0,15,3,3,3,15,3,0,0,15,3,0,15,0,0,0,0,15,0,0,15,3,0,0,15,0,0,15,0,0,0,0,15,0,0,15,3,3,15,12,9,15,12,0,0,15,0,0,15,0,0,0,0,15,0,0,0,0,0
97,07/04/2020,71517.0,7545.0,79.63,79.63,63.33,57.69,100.0,16,3,3,3,16,3,0,0,16,3,0,16,0,0,0,0,16,3,0,16,3,0,0,16,0,0,16,0,0,0,0,16,3,3,16,3,3,16,12,9,16,12,0,0,16,0,0,16,0,0,0,0,16,0,0,0,0,0
98,08/04/2020,76646.0,8575.0,79.63,79.63,63.33,57.69,100.0,16,3,3,3,16,3,3,3,16,3,3,16,0,0,0,0,16,3,0,16,3,0,0,16,0,0,16,0,0,0,0,16,3,3,16,3,3,16,12,9,16,12,0,0,16,0,0,16,0,0,0,0,16,0,0,0,0,0
99,09/04/2020,81498.0,9691.0,79.63,79.63,63.33,57.69,100.0,16,3,3,3,16,3,3,3,16,3,3,16,0,0,0,0,16,3,0,16,3,3,0,16,3,3,16,0,0,0,0,16,3,3,16,3,3,16,12,9,16,12,0,0,16,0,0,16,0,0,0,0,16,0,0,0,0,0
100,10/04/2020,85813.0,10813.0,79.63,79.63,63.33,57.69,100.0,16,3,3,3,16,3,3,3,16,3,3,16,3,3,3,3,16,3,0,16,3,3,0,16,3,3,16,0,0,0,0,16,3,3,16,3,3,16,12,9,16,12,0,0,16,0,0,16,0,0,0,0,16,0,0,0,0,0
101,11/04/2020,89390.0,11656.0,79.63,79.63,63.33,57.69,100.0,16,3,3,3,16,3,3,3,16,3,3,16,3,3,3,3,16,3,0,16,3,3,0,16,3,3,16,0,0,0,0,16,3,3,16,3,3,16,12,9,16,12,0,0,16,0,0,16,0,0,0,0,16,0,0,0,0,0
102,12/04/2020,92885.0,12313.0,79.63,79.63,63.33,57.69,100.0,16,3,3,3,16,3,3,3,16,3,3,16,3,3,3,3,16,3,0,16,3,3,0,16,3,3,16,0,0,0,0,16,3,3,16,3,3,16,12,12,16,12,0,0,16,0,0,16,0,0,0,0,16,0,0,0,0,0
103,13/04/2020,97068.0,13037.0,79.63,79.63,63.33,57.69,100.0,17,3,3,3,17,3,3,3,17,3,3,17,3,3,3,3,17,3,0,17,3,3,0,17,3,3,17,0,0,0,0,17,3,3,17,3,3,17,12,12,17,12,0,0,17,0,0,17,0,0,0,0,17,0,0,0,0,0
104,14/04/2020,101393.0,14113.0,79.63,79.63,63.33,57.69,100.0,17,3,3,3,17,3,3,3,17,3,3,17,3,3,3,3,17,3,0,17,3,3,0,17,3,3,17,0,0,0,0,17,3,3,17,3,3,17,12,12,17,12,0,0,17,0,0,17,0,0,0,0,17,0,0,0,0,0
105,15/04/2020,106458.0,14993.0,79.63,79.63,63.33,57.69,100.0,17,3,3,3,17,3,3,3,17,3,3,17,3,3,3,3,17,3,0,17,3,3,0,17,3,3,17,0,0,0,0,17,3,3,17,3,3,17,12,12,17,12,0,0,17,0,0,17,0,0,0,0,17,0,0,0,0,0
106,16/04/2020,111756.0,16029.0,79.63,79.63,63.33,57.69,100.0,17,3,3,3,17,3,3,3,17,3,3,17,3,3,3,3,17,3,0,17,3,3,0,17,3,3,17,0,0,0,0,17,3,3,17,3,3,17,12,12,17,12,0,0,17,0,0,17,0,0,0,0,17,0,0,0,0,0
107,17/04/2020,116721.0,16942.0,79.63,79.63,63.33,57.69,100.0,17,3,3,3,17,3,3,3,17,3,3,17,3,3,3,3,17,3,0,17,3,3,0,17,3,3,17,0,0,0,0,17,3,3,17,3,3,17,12,12,17,12,0,0,17,0,0,17,0,0,0,0,17,0,0,0,0,0
108,18/04/2020,121437.0,18047.0,79.63,79.63,63.33,57.69,100.0,17,3,3,3,17,3,3,3,17,3,3,17,3,3,3,3,17,3,0,17,6,3,0,17,3,3,17,0,0,0,0,17,3,3,17,3,3,17,12,12,17,12,0,0,17,0,0,17,0,0,0,0,17,0,0,0,0,0
109,19/04/2020,125289.0,18479.0,79.63,79.63,63.33,57.69,100.0,18,3,3,3,18,3,3,3,18,3,3,18,3,3,3,3,18,3,0,18,6,3,0,18,3,3,18,0,0,0,0,18,3,3,18,3,3,18,15,12,18,15,0,0,18,0,0,18,0,0,0,0,18,0,0,0,0,0
110,20/04/2020,130147.0,19049.0,79.63,79.63,63.33,57.69,100.0,18,3,3,3,18,3,3,3,18,3,3,18,3,3,3,3,18,3,0,18,6,3,0,18,3,3,18,0,0,0,0,18,3,3,18,3,3,18,15,12,18,15,0,0,18,0,0,18,0,0,0,0,18,0,0,0,0,0
111,21/04/2020,134907.0,20273.0,79.63,79.63,63.33,57.69,100.0,18,3,3,3,18,6,3,3,18,3,3,18,3,3,3,3,18,3,0,18,6,3,0,18,3,3,18,0,0,0,0,18,3,3,18,3,3,18,15,12,18,15,0,0,18,0,0,18,0,0,0,0,18,0,0,0,0,0
112,22/04/2020,140397.0,21120.0,79.63,79.63,63.33,57.69,100.0,18,3,3,3,18,6,3,3,18,6,3,18,3,3,3,3,18,3,0,18,6,3,0,18,3,3,18,0,0,0,0,18,3,3,18,6,3,18,15,12,18,15,0,0,18,0,0,18,0,0,0,0,18,0,0,0,0,0
113,23/04/2020,145540.0,21802.0,79.63,79.63,63.33,57.69,100.0,18,6,6,6,18,6,3,3,18,6,3,18,3,3,3,3,18,3,0,18,6,3,0,18,3,3,18,0,0,0,0,18,3,3,18,6,3,18,15,12,18,15,0,0,18,0,0,18,0,0,0,0,18,0,0,0,0,0
114,24/04/2020,150513.0,22812.0,79.63,79.63,63.33,57.69,100.0,18,6,6,6,18,6,3,3,18,6,3,18,3,3,3,3,18,3,0,18,6,3,0,18,3,3,18,0,0,0,0,18,3,3,18,6,6,18,15,12,18,15,0,0,18,0,0,18,0,0,0,0,18,0,0,0,0,0
115,25/04/2020,154261.0,23627.0,79.63,79.63,63.33,57.69,100.0,19,6,6,6,19,6,3,3,19,6,3,19,3,3,3,3,19,6,0,19,6,3,0,19,3,3,19,0,0,0,0,19,6,6,19,6,6,19,15,12,19,15,0,0,19,0,0,19,0,0,0,0,19,0,0,0,0,0
116,26/04/2020,157729.0,23991.0,79.63,79.63,63.33,57.69,100.0,19,6,6,6,19,6,6,6,19,6,6,19,3,3,3,3,19,6,0,19,6,3,0,19,3,3,19,0,0,0,0,19,6,6,19,6,6,19,15,12,19,15,0,0,19,0,0,19,0,0,0,0,19,0,0,0,0,0
117,27/04/2020,162431.0,24311.0,79.63,79.63,63.33,57.69,100.0,19,6,6,6,19,6,6,6,19,6,6,19,3,3,3,3,19,6,0,19,6,6,0,19,6,6,19,0,0,0,0,19,6,6,19,6,6,19,15,12,19,15,0,0,19,0,0,19,0,0,0,0,19,0,0,0,0,0
118,28/04/2020,167152.0,25280.0,79.63,79.63,64.17,58.65,100.0,19,6,6,6,19,6,6,6,19,6,6,19,6,6,6,6,19,6,0,19,6,6,0,19,6,6,19,0,0,0,0,19,6,6,19,6,6,19,15,12,19,15,0,0,19,0,0,19,0,0,0,0,19,0,0,0,0,0
119,29/04/2020,172587.0,26049.0,79.63,79.63,64.17,58.65,100.0,19,6,6,6,19,6,6,6,19,6,6,19,6,6,6,6,19,6,0,19,6,6,0,19,6,6,19,0,0,0,0,19,6,6,19,6,6,19,15,12,19,15,0,0,19,0,0,19,0,0,0,0,19,0,0,0,0,0
120,30/04/2020,177543.0,26683.0,79.63,79.63,64.17,58.65,100.0,19,6,6,6,19,6,6,6,19,6,6,19,6,6,6,6,19,6,0,19,6,6,0,19,6,6,19,0,0,0,0,19,6,6,19,6,6,19,15,15,19,15,0,0,19,0,0,19,0,0,0,0,19,0,0,0,0,0
121,01/05/2020,182270.0,27381.0,79.63,79.63,64.17,58.65,100.0,20,6,6,6,20,6,6,6,20,6,6,20,6,6,6,6,20,6,0,20,6,6,0,20,6,6,20,0,0,0,0,20,6,6,20,6,6,20,15,15,20,15,0,0,20,0,0,20,0,0,0,0,20,0,0,0,0,0
122,02/05/2020,185491.0,27965.0,79.63,79.63,64.17,58.65,100.0,20,6,6,6,20,6,6,6,20,6,6,20,6,6,6,6,20,6,0,20,6,6,0,20,6,6,20,0,0,0,0,20,6,6,20,6,6,20,15,15,20,15,0,0,20,0,0,20,0,0,0,0,20,0,0,0,0,0
123,03/05/2020,188465.0,28218.0,79.63,79.63,64.17,58.65,100.0,20,6,6,6,20,6,6,6,20,6,6,20,6,6,6,6,20,6,0,20,6,6,0,20,6,6,20,0,0,0,0,20,6,6,20,6,6,20,15,15,20,15,0,0,20,0,0,20,0,0,0,0,20,0,0,0,0,0
124,04/05/2020,191843.0,28490.0,79.63,79.63,64.17,58.65,100.0,20,6,6,6,20,6,6,6,20,6,6,20,6,6,6,6,20,6,0,20,6,6,0,20,6,6,20,0,0,0,0,20,6,6,20,6,6,20,15,15,20,15,0,0,20,0,0,20,0,0,0,0,20,0,0,0,0,0
125,05/05/2020,195527.0,29216.0,79.63,79.63,64.17,58.65,100.0,20,6,6,6,20,6,6,6,20,6,6,20,6,6,6,6,20,6,0,20,6,6,0,20,6,6,20,0,0,0,0,20,6,6,20,6,6,20,15,15,20,15,0,0,20,0,0,20,0,0,0,0,20,0,0,0,0,0
126,06/05/2020,199358.0,29863.0,79.63,79.63,64.17,58.65,100.0,20,6,6,6,20,6,6,6,20,6,6,20,6,6,6,6,20,6,0,20,9,6,0,20,6,6,20,0,0,0,0,20,6,6,20,6,6,20,15,15,20,15,0,0,20,0,0,20,0,0,0,0,20,0,0,0,0,0
127,07/05/2020,203125.0,30321.0,79.63,79.63,64.17,58.65,100.0,21,6,6,6,21,6,6,6,21,6,6,21,6,6,6,6,21,6,0,21,9,6,0,21,6,6,21,0,0,0,0,21,6,6,21,6,6,21,18,15,21,18,0,0,21,0,0,21,0,0,0,0,21,0,0,0,0,0
128,08/05/2020,206174.0,30900.0,79.63,79.63,64.17,58.65,100.0,21,6,6,6,21,6,6,6,21,6,6,21,6,6,6,6,21,6,0,21,9,6,0,21,6,6,21,0,0,0,0,21,6,6,21,6,6,21,18,15,21,18,0,0,21,0,0,21,0,0,0,0,21,0,0,0,0,0
129,09/05/2020,208324.0,31175.0,79.63,79.63,64.17,58.65,100.0,21,6,6,6,21,9,6,6,21,6,6,21,6,6,6,6,21,6,0,21,9,6,0,21,6,6,21,0,0,0,0,21,6,6,21,6,6,21,18,15,21,18,0,0,21,0,0,21,0,0,0,0,21,0,0,0,0,0
130,10/05/2020,210645.0,31392.0,79.63,79.63,64.17,58.65,100.0,21,6,6,6,21,9,6,6,21,9,6,21,6,6,6,6,21,6,0,21,9,6,0,21,6,6,21,0,0,0,0,21,6,6,21,9,6,21,18,15,21,18,0,0,21,0,0,21,0,0,0,0,21,0,0,0,0,0
131,11/05/2020,214228.0,31579.0,77.78,77.78,63.06,57.37,100.0,21,9,9,9,21,9,6,6,21,9,6,21,6,6,6,6,21,6,0,21,9,6,0,21,6,6,21,0,0,0,0,21,6,6,21,9,6,21,18,15,21,18,0,0,21,0,0,21,0,0,0,0,21,0,0,0,0,0
132,12/05/2020,217617.0,32193.0,77.78,77.78,63.06,57.37,100.0,21,9,9,9,21,9,6,6,21,9,6,21,6,6,6,6,21,6,0,21,9,6,0,21,6,6,21,0,0,0,0,21,6,6,21,9,9,21,18,15,21,18,0,0,21,0,0,21,0,0,0,0,21,0,0,0,0,0
133,13/05/2020,220915.0,32640.0,71.3,71.3,59.17,52.88,100.0,22,9,9,9,22,9,6,6,22,9,6,22,6,6,6,6,22,9,0,22,9,0,0,22,6,6,22,0,0,0,0,22,9,9,22,9,9,22,18,15,22,18,0,0,22,0,0,22,0,0,0,0,22,0,0,0,0,0
134,14/05/2020,223524.0,32992.0,71.3,71.3,59.17,52.88,100.0,22,9,9,9,22,9,9,9,22,9,9,22,6,6,6,6,22,9,0,22,9,0,0,22,6,6,22,0,0,0,0,22,9,9,22,9,9,22,18,15,22,18,0,0,22,0,0,22,0,0,0,0,22,0,0,0,0,0
135,15/05/2020,226041.0,33342.0,71.3,71.3,59.17,52.88,100.0,22,9,9,9,22,9,9,9,22,9,9,22,6,6,6,6,22,9,0,22,9,0,0,22,9,9,22,0,0,0,0,22,9,9,22,9,9,22,18,15,22,18,0,0,22,0,0,22,0,0,0,0,22,0,0,0,0,0
136,16/05/2020,228106.0,33753.0,71.3,71.3,59.17,52.88,100.0,22,9,9,9,22,9,9,9,22,9,9,22,9,9,9,9,22,9,0,22,9,0,0,22,9,9,22,0,0,0,0,22,9,9,22,9,9,22,18,15,22,18,0,0,22,0,0,22,3,0,0,0,22,0,0,0,0,0
137,17/05/2020,229932.0,33820.0,71.3,71.3,59.17,52.88,100.0,22,9,9,9,22,9,9,9,22,9,9,22,9,9,9,9,22,9,0,22,9,0,0,22,9,9,22,0,0,0,0,22,9,9,22,9,9,22,18,15,22,18,0,0,22,0,0,22,3,0,0,0,22,0,0,0,0,0
138,18/05/2020,232506.0,33966.0,71.3,71.3,61.39,55.45,100.0,22,9,9,9,22,9,9,9,22,9,9,22,9,9,9,9,22,9,0,22,9,0,0,22,9,9,22,0,0,0,0,22,9,9,22,9,9,22,18,18,22,18,0,0,22,0,0,22,3,0,0,0,22,0,0,0,0,0
139,19/05/2020,235547.0,34466.0,71.3,71.3,61.39,55.45,100.0,23,9,9,9,23,9,9,9,23,9,9,23,9,9,9,9,23,9,0,23,9,0,0,23,9,9,23,0,0,0,0,23,9,9,23,9,9,23,18,18,23,18,0,0,23,0,0,23,3,0,0,0,23,0,0,0,0,0
140,20/05/2020,238253.0,34794.0,71.3,71.3,61.39,55.45,100.0,23,9,9,9,23,9,9,9,23,9,9,23,9,9,9,9,23,9,0,23,9,0,0,23,9,9,23,0,0,0,0,23,9,9,23,9,9,23,18,18,23,18,0,0,23,0,0,23,3,0,0,0,23,0,0,0,0,0
141,21/05/2020,240795.0,35067.0,71.3,71.3,61.39,55.45,100.0,23,9,9,9,23,9,9,9,23,9,9,23,9,9,9,9,23,9,0,23,9,0,0,23,9,9,23,0,0,0,0,23,9,9,23,9,9,23,18,18,23,18,0,0,23,0,0,23,3,0,0,0,23,0,0,0,0,0
142,22/05/2020,242825.0,35358.0,71.3,71.3,61.39,55.45,100.0,23,9,9,9,23,9,9,9,23,9,9,23,9,9,9,9,23,9,0,23,9,0,0,23,9,9,23,0,0,0,0,23,9,9,23,9,9,23,18,18,23,18,0,0,23,0,0,23,3,0,0,0,23,0,0,0,0,0
143,23/05/2020,244332.0,35578.0,71.3,71.3,61.39,55.45,100.0,23,9,9,9,23,9,9,9,23,9,9,23,9,9,9,9,23,9,0,23,9,0,0,23,9,9,23,0,0,0,0,23,9,9,23,9,9,23,18,18,23,18,0,0,23,0,0,23,3,0,0,0,23,0,0,0,0,0
144,24/05/2020,245680.0,35957.0,71.3,71.3,61.39,55.45,100.0,23,9,9,9,23,9,9,9,23,9,9,23,9,9,9,9,23,9,0,23,12,0,0,23,9,9,23,0,0,0,0,23,9,9,23,9,9,23,18,18,23,18,0,0,23,0,0,23,3,0,0,0,23,0,0,0,0,0
145,25/05/2020,247287.0,36061.0,71.3,71.3,61.39,55.45,100.0,24,9,9,9,24,9,9,9,24,9,9,24,9,9,9,9,24,9,0,24,12,0,0,24,9,9,24,0,0,0,0,24,9,9,24,9,9,24,21,18,24,21,0,0,24,0,0,24,3,0,0,0,24,0,0,0,0,0
146,26/05/2020,248937.0,36192.0,71.3,71.3,61.39,55.45,100.0,24,9,9,9,24,9,9,9,24,9,9,24,9,9,9,9,24,9,0,24,12,0,0,24,9,9,24,0,0,0,0,24,9,9,24,9,9,24,21,18,24,21,0,0,24,0,0,24,3,0,0,0,24,0,0,0,0,0
147,27/05/2020,250739.0,36614.0,71.3,71.3,64.72,59.29,100.0,24,9,9,9,24,12,9,9,24,9,9,24,9,9,9,9,24,9,0,24,12,0,0,24,9,9,24,0,0,0,0,24,9,9,24,9,9,24,21,18,24,21,0,0,24,0,0,24,3,0,0,0,24,0,0,0,0,0
148,28/05/2020,252473.0,36957.0,71.3,71.3,64.72,59.29,100.0,24,9,9,9,24,12,9,9,24,12,9,24,9,9,9,9,24,9,0,24,12,0,0,24,9,9,24,0,0,0,0,24,9,9,24,12,9,24,21,18,24,21,0,0,24,0,0,24,3,0,0,0,24,0,0,0,0,0
149,29/05/2020,253977.0,37231.0,69.44,69.44,63.61,58.01,100.0,24,12,12,12,24,12,9,0,24,12,9,24,9,9,9,9,24,9,0,24,12,0,0,24,9,9,24,0,0,0,0,24,9,9,24,12,9,24,21,18,24,21,0,0,24,0,0,24,3,0,0,0,24,0,0,0,0,0
150,30/05/2020,255076.0,37385.0,69.44,69.44,63.61,58.01,100.0,24,12,12,12,24,12,9,0,24,12,9,24,9,9,9,9,24,9,0,24,12,0,0,24,9,9,24,0,0,0,0,24,9,9,24,12,12,24,21,18,24,21,0,0,24,0,0,24,3,0,0,0,24,0,0,0,0,0
151,31/05/2020,256145.0,37445.0,69.44,69.44,63.61,58.01,100.0,25,12,12,12,25,12,9,0,25,12,9,25,9,9,9,9,25,12,0,25,12,0,0,25,9,9,25,0,0,0,0,25,12,12,25,12,12,25,21,18,25,21,0,0,25,0,0,25,3,0,0,0,25,0,0,0,0,0
152,01/06/2020,257579.0,37531.0,67.59,67.59,65.83,60.58,100.0,25,12,12,12,25,12,12,0,25,12,12,25,9,9,9,9,25,12,0,25,12,0,0,25,9,9,25,0,0,0,0,25,12,12,25,12,12,25,21,18,25,21,0,0,25,0,0,25,3,0,0,0,25,0,0,0,0,0
153,02/06/2020,259046.0,37780.0,67.59,67.59,65.83,60.58,100.0,25,12,12,12,25,12,12,0,25,12,12,25,9,9,9,9,25,12,0,25,12,0,0,25,12,12,25,0,0,0,0,25,12,12,25,12,12,25,21,18,25,21,0,0,25,0,0,25,3,0,0,0,25,0,0,0,0,0
154,03/06/2020,260388.0,38034.0,67.59,67.59,65.83,60.58,100.0,25,12,12,12,25,12,12,0,25,12,12,25,12,12,12,12,25,12,0,25,12,0,0,25,12,12,25,0,0,0,0,25,12,12,25,12,12,25,21,18,25,21,0,0,25,0,0,25,6,0,0,0,25,0,0,0,0,0
155,04/06/2020,261622.0,38164.0,67.59,67.59,65.83,60.58,100.0,25,12,12,12,25,12,12,0,25,12,12,25,12,12,12,12,25,12,0,25,12,0,0,25,12,12,25,0,0,0,0,25,12,12,25,12,12,25,21,18,25,21,0,0,25,0,0,25,6,0,0,0,25,0,0,0,0,0
156,05/06/2020,262727.0,38422.0,67.59,67.59,65.83,60.58,100.0,25,12,12,12,25,12,12,0,25,12,12,25,12,12,12,12,25,12,0,25,12,0,0,25,12,12,25,0,0,0,0,25,12,12,25,12,12,25,21,21,25,21,3,0,25,0,0,25,6,0,0,0,25,0,0,0,0,0
157,06/06/2020,263518.0,38565.0,67.59,67.59,65.83,60.58,100.0,26,12,12,12,26,12,12,0,26,12,12,26,12,12,12,12,26,12,0,26,12,0,0,26,12,12,26,0,0,0,0,26,12,12,26,12,12,26,21,21,26,21,3,0,26,0,0,26,6,0,0,0,26,0,0,0,0,0
158,07/06/2020,264235.0,38619.0,67.59,67.59,65.83,60.58,100.0,26,12,12,12,26,12,12,0,26,12,12,26,12,12,12,12,26,12,0,26,12,0,0,26,12,12,26,0,0,0,0,26,12,12,26,12,12,26,21,21,26,21,3,0,26,0,0,26,6,0,0,0,26,0,0,0,0,0
159,08/06/2020,265321.0,38666.0,73.15,73.15,69.17,64.42,100.0,26,12,12,12,26,12,12,0,26,12,12,26,12,12,12,12,26,12,0,26,12,0,0,26,12,12,26,0,0,0,0,26,12,12,26,12,12,26,21,21,26,21,3,0,26,0,0,26,6,0,0,0,26,0,0,0,0,0
160,09/06/2020,266474.0,38861.0,73.15,73.15,69.17,64.42,100.0,26,12,12,12,26,12,12,0,26,12,12,26,12,12,12,12,26,12,0,26,12,0,0,26,12,12,26,0,0,0,0,26,12,12,26,12,12,26,21,21,26,21,3,0,26,0,0,26,6,0,0,0,26,0,0,0,0,0
161,10/06/2020,267656.0,39025.0,73.15,73.15,69.17,64.42,100.0,26,12,12,12,26,12,12,0,26,12,12,26,12,12,12,12,26,12,0,26,12,0,0,26,12,12,26,0,0,0,0,26,12,12,26,12,12,26,21,21,26,21,3,0,26,0,0,26,6,0,0,0,26,0,0,0,0,0
162,11/06/2020,268657.0,39101.0,73.15,73.15,69.17,64.42,100.0,26,12,12,12,26,12,12,0,26,12,12,26,12,12,12,12,26,12,0,26,15,0,0,26,12,12,26,0,0,0,0,26,12,12,26,12,12,26,21,21,26,21,3,0,26,0,0,26,6,0,0,0,26,0,0,0,0,0
163,12/06/2020,269710.0,39232.0,73.15,73.15,69.17,64.42,100.0,27,12,12,12,27,12,12,0,27,12,12,27,12,12,12,12,27,12,0,27,15,0,0,27,12,12,27,0,0,0,0,27,12,12,27,12,12,27,24,21,27,24,3,0,27,0,0,27,6,0,0,0,27,0,0,0,0,0
164,13/06/2020,270597.0,39339.0,73.15,73.15,69.17,64.42,100.0,27,12,12,12,27,12,12,0,27,12,12,27,12,12,12,12,27,12,0,27,15,0,0,27,12,12,27,0,0,0,0,27,12,12,27,12,12,27,24,21,27,24,3,0,27,0,0,27,6,0,0,0,27,0,0,0,0,0
165,14/06/2020,271404.0,39366.0,73.15,73.15,69.17,64.42,100.0,27,12,12,12,27,15,12,0,27,12,12,27,12,12,12,12,27,12,0,27,15,0,0,27,12,12,27,0,0,0,0,27,12,12,27,12,12,27,24,21,27,24,3,0,27,3,0,27,6,0,0,0,27,0,0,0,0,0
166,15/06/2020,272430.0,39395.0,71.3,71.3,68.06,63.14,100.0,27,12,12,12,27,15,12,0,27,15,12,27,12,12,12,12,27,12,0,27,15,0,0,27,12,12,27,0,0,0,0,27,12,12,27,15,12,27,24,21,27,24,3,0,27,3,0,27,6,0,0,0,27,0,0,0,0,0
167,16/06/2020,273507.0,39515.0,71.3,71.3,68.06,63.14,100.0,27,15,15,15,27,15,12,0,27,15,12,27,12,12,12,12,27,12,0,27,15,0,0,27,12,12,27,0,0,0,0,27,12,12,27,15,12,27,24,21,27,24,3,0,27,3,0,27,6,0,0,0,27,0,0,0,0,0
168,17/06/2020,274504.0,39625.0,71.3,71.3,68.06,63.14,100.0,27,15,15,15,27,15,12,0,27,15,12,27,12,12,12,12,27,12,0,27,15,0,0,27,12,12,27,0,0,0,0,27,12,12,27,15,15,27,24,21,27,24,3,0,27,3,0,27,6,0,0,0,27,0,0,0,0,0
169,18/06/2020,275524.0,39692.0,71.3,71.3,68.06,63.14,100.0,28,15,15,15,28,15,12,0,28,15,12,28,12,12,12,12,28,15,0,28,15,0,0,28,12,12,28,0,0,0,0,28,15,15,28,15,15,28,24,21,28,24,3,0,28,3,0,28,6,0,0,0,28,0,0,0,0,0
170,19/06/2020,276504.0,39776.0,71.3,71.3,68.06,63.14,100.0,28,15,15,15,28,15,15,0,28,15,15,28,12,12,12,12,28,15,0,28,15,0,0,28,12,12,28,0,0,0,0,28,15,15,28,15,15,28,24,21,28,24,3,0,28,3,3,28,6,0,0,0,28,0,0,0,0,0
171,20/06/2020,277170.0,39847.0,71.3,71.3,68.06,63.14,100.0,28,15,15,15,28,15,15,0,28,15,15,28,12,12,12,12,28,15,0,28,15,0,0,28,15,15,28,0,0,0,0,28,15,15,28,15,15,28,24,21,28,24,3,0,28,3,3,28,6,0,0,0,28,0,0,0,0,0
172,21/06/2020,277792.0,39878.0,71.3,71.3,68.06,63.14,100.0,28,15,15,15,28,15,15,0,28,15,15,28,15,15,15,15,28,15,0,28,15,0,0,28,15,15,28,0,0,0,0,28,15,15,28,15,15,28,24,21,28,24,3,0,28,3,3,28,9,0,0,0,28,0,0,0,0,0
173,22/06/2020,278684.0,39892.0,71.3,71.3,69.72,65.06,100.0,28,15,15,15,28,15,15,0,28,15,15,28,15,15,15,15,28,15,0,28,15,0,0,28,15,15,28,0,0,0,0,28,15,15,28,15,15,28,24,21,28,24,3,0,28,3,3,28,9,0,0,0,28,0,0,0,0,0
174,23/06/2020,279566.0,39986.0,71.3,71.3,69.72,65.06,100.0,28,15,15,15,28,15,15,0,28,15,15,28,15,15,15,15,28,15,0,28,15,0,0,28,15,15,28,0,0,0,0,28,15,15,28,15,15,28,24,24,28,24,6,0,28,3,3,28,9,0,0,0,28,0,0,0,0,0
175,24/06/2020,280340.0,40073.0,71.3,71.3,69.72,65.06,100.0,29,15,15,15,29,15,15,0,29,15,15,29,15,15,15,15,29,15,0,29,15,0,0,29,15,15,29,0,0,0,0,29,15,15,29,15,15,29,24,24,29,24,6,0,29,3,3,29,9,0,0,0,29,0,0,0,0,0
176,25/06/2020,281037.0,40172.0,71.3,71.3,69.72,65.06,100.0,29,15,15,15,29,15,15,0,29,15,15,29,15,15,15,15,29,15,0,29,15,0,0,29,15,15,29,0,0,0,0,29,15,15,29,15,15,29,24,24,29,24,6,0,29,3,3,29,9,0,0,0,29,0,0,0,0,0
177,26/06/2020,281675.0,40249.0,71.3,71.3,69.72,65.06,100.0,29,15,15,15,29,15,15,0,29,15,15,29,15,15,15,15,29,15,0,29,15,0,0,29,15,15,29,3,3,0,0,29,15,15,29,15,15,29,24,24,29,24,6,0,29,3,3,29,9,0,0,0,29,0,0,0,0,0
178,27/06/2020,282308.0,40289.0,71.3,71.3,69.72,65.06,100.0,29,15,15,15,29,15,15,0,29,15,15,29,15,15,15,15,29,15,0,29,15,0,0,29,15,15,29,3,3,0,0,29,15,15,29,15,15,29,24,24,29,24,6,0,29,3,3,29,9,0,0,0,29,0,0,0,0,0
179,28/06/2020,282703.0,40320.0,71.3,71.3,69.72,65.06,100.0,29,15,15,15,29,15,15,0,29,15,15,29,15,15,15,15,29,15,0,29,15,0,0,29,15,15,29,3,3,0,0,29,15,15,29,15,15,29,24,24,29,24,6,0,29,3,3,29,9,0,0,0,29,0,0,0,0,0
180,29/06/2020,283307.0,40341.0,71.3,71.3,69.72,65.06,100.0,29,15,15,15,29,15,15,0,29,15,15,29,15,15,15,15,29,15,0,29,18,0,0,29,15,15,29,3,3,0,0,29,15,15,29,15,15,29,24,24,29,24,6,0,29,3,3,29,9,0,0,0,29,0,0,0,0,0
181,30/06/2020,283710.0,40394.0,71.3,71.3,69.72,65.06,100.0,30,15,15,15,30,15,15,0,30,15,15,30,15,15,15,15,30,15,0,30,18,0,0,30,15,15,30,3,3,0,0,30,15,15,30,15,15,30,27,24,30,27,6,0,30,3,3,30,9,0,0,0,30,0,0,0,0,0
182,01/07/2020,283770.0,40491.0,71.3,71.3,69.72,65.06,100.0,30,15,15,15,30,15,15,0,30,15,15,30,15,15,15,15,30,15,0,30,18,0,0,30,15,15,30,3,3,0,0,30,15,15,30,15,15,30,27,24,30,27,6,0,30,3,3,30,9,0,0,0,30,0,0,0,0,0
183,02/07/2020,283774.0,40532.0,71.3,71.3,69.72,65.06,100.0,30,15,15,15,30,18,15,0,30,15,15,30,15,15,15,15,30,15,0,30,18,0,0,30,15,15,30,3,3,0,0,30,15,15,30,15,15,30,27,24,30,27,6,0,30,6,3,30,9,0,0,0,30,0,0,0,0,0
184,03/07/2020,284276.0,40581.0,71.3,71.3,69.72,65.06,100.0,30,15,15,15,30,18,15,0,30,18,15,30,15,15,15,15,30,15,0,30,18,0,0,30,15,15,30,3,3,0,0,30,15,15,30,18,15,30,27,24,30,27,6,0,30,6,3,30,9,0,0,0,30,0,0,0,0,0
185,04/07/2020,284900.0,40613.0,69.91,69.91,68.89,64.1,100.0,30,18,18,18,30,18,15,0,30,18,15,30,15,15,15,15,30,15,0,30,18,0,0,30,15,15,30,3,3,0,0,30,15,15,30,18,15,30,27,24,30,27,6,0,30,6,3,30,9,0,0,0,30,0,0,0,0,0
186,05/07/2020,285416.0,40632.0,69.91,69.91,68.89,64.1,100.0,30,18,18,18,30,18,15,0,30,18,15,30,15,15,15,15,30,15,0,30,18,0,0,30,15,15,30,3,3,0,0,30,15,15,30,18,18,30,27,24,30,27,6,0,30,6,3,30,9,0,0,0,30,0,0,0,0,0
187,06/07/2020,285768.0,40643.0,64.35,64.35,65.56,60.26,100.0,31,18,18,18,31,18,15,0,31,18,15,31,15,15,15,15,31,18,0,31,18,0,0,31,15,0,31,3,3,0,0,31,18,18,31,18,18,31,27,24,31,27,6,0,31,6,3,31,9,0,0,0,31,0,0,0,0,0
188,07/07/2020,286349.0,40697.0,64.35,64.35,65.56,60.26,100.0,31,18,18,18,31,18,18,0,31,18,18,31,15,15,15,15,31,18,0,31,18,0,0,31,15,0,31,3,3,0,0,31,18,18,31,18,18,31,27,24,31,27,6,0,31,6,6,31,9,0,0,0,31,0,0,0,0,0
189,08/07/2020,286979.0,40754.0,64.35,64.35,65.56,60.26,100.0,31,18,18,18,31,18,18,0,31,18,18,31,15,15,15,15,31,18,0,31,18,0,0,31,18,0,31,3,3,0,0,31,18,18,31,18,18,31,27,24,31,27,6,0,31,6,6,31,9,0,0,0,31,0,0,0,0,0
190,09/07/2020,287621.0,40785.0,64.35,64.35,65.56,60.26,100.0,31,18,18,18,31,18,18,0,31,18,18,31,18,18,18,18,31,18,0,31,18,0,0,31,18,0,31,3,3,0,0,31,18,18,31,18,18,31,27,24,31,27,6,0,31,6,6,31,12,0,0,0,31,0,0,0,0,0
191,10/07/2020,288133.0,40819.0,64.35,64.35,65.56,60.26,100.0,31,18,18,18,31,18,18,0,31,18,18,31,18,18,18,18,31,18,0,31,18,0,0,31,18,0,31,3,3,0,0,31,18,18,31,18,18,31,27,24,31,27,6,0,31,6,6,31,12,3,0,0,31,0,0,0,0,0
192,11/07/2020,288953.0,40836.0,64.35,64.35,65.56,60.26,100.0,31,18,18,18,31,18,18,0,31,18,18,31,18,18,18,18,31,18,0,31,18,0,0,31,18,0,31,3,3,0,0,31,18,18,31,18,18,31,27,27,31,27,9,0,31,6,6,31,12,3,0,0,31,0,0,0,0,0
193,12/07/2020,289603.0,40845.0,64.35,64.35,65.56,60.26,100.0,32,18,18,18,32,18,18,0,32,18,18,32,18,18,18,18,32,18,0,32,18,0,0,32,18,0,32,3,3,0,0,32,18,18,32,18,18,32,27,27,32,27,9,0,32,6,6,32,12,3,0,0,32,0,0,0,0,0
194,13/07/2020,290133.0,40855.0,64.35,64.35,65.56,60.26,100.0,32,18,18,18,32,18,18,0,32,18,18,32,18,18,18,18,32,18,0,32,18,0,0,32,18,0,32,3,3,0,0,32,18,18,32,18,18,32,27,27,32,27,9,0,32,6,6,32,12,3,0,0,32,0,0,0,0,0
195,14/07/2020,291373.0,40899.0,64.35,64.35,65.56,60.26,100.0,32,18,18,18,32,18,18,0,32,18,18,32,18,18,18,18,32,18,0,32,18,0,0,32,18,0,32,6,6,0,0,32,18,18,32,18,18,32,27,27,32,27,9,0,32,6,6,32,12,3,0,0,32,0,0,0,0,0
196,15/07/2020,291911.0,40925.0,64.35,64.35,65.56,60.26,100.0,32,18,18,18,32,18,18,0,32,18,18,32,18,18,18,18,32,18,0,32,18,0,0,32,18,0,32,6,6,0,0,32,18,18,32,18,18,32,27,27,32,27,9,0,32,6,6,32,12,3,0,0,32,0,0,0,0,0
197,16/07/2020,292552.0,40949.0,64.35,64.35,65.56,60.26,100.0,32,18,18,18,32,18,18,0,32,18,18,32,18,18,18,18,32,18,0,32,18,0,0,32,18,0,32,6,6,0,0,32,18,18,32,18,18,32,27,27,32,27,9,0,32,6,6,32,12,3,0,0,32,0,0,0,0,0
198,17/07/2020,293239.0,40975.0,64.35,64.35,65.56,60.26,100.0,32,18,18,18,32,18,18,0,32,18,18,32,18,18,18,18,32,18,0,32,21,0,0,32,18,0,32,6,6,0,0,32,18,18,32,18,18,32,27,27,32,27,9,0,32,6,6,32,12,3,0,0,32,0,0,0,0,0
199,18/07/2020,294066.0,40984.0,64.35,64.35,65.56,60.26,100.0,33,18,18,18,33,18,18,0,33,18,18,33,18,18,18,18,33,18,0,33,21,0,0,33,18,0,33,6,6,0,0,33,18,18,33,18,18,33,30,27,33,30,9,0,33,6,6,33,12,3,0,0,33,0,0,0,0,0
200,19/07/2020,294792.0,40995.0,64.35,64.35,65.56,60.26,100.0,33,18,18,18,33,18,18,0,33,18,18,33,18,18,18,18,33,18,0,33,21,0,0,33,18,0,33,6,6,0,0,33,18,18,33,18,18,33,30,27,33,30,9,0,33,6,6,33,12,3,0,0,33,0,0,0,0,0
201,20/07/2020,295372.0,41005.0,64.35,64.35,65.56,60.26,100.0,33,18,18,18,33,21,18,0,33,18,18,33,18,18,18,18,33,18,0,33,21,0,0,33,18,0,33,6,6,0,0,33,18,18,33,18,18,33,30,27,33,30,9,0,33,9,6,33,12,3,0,0,33,0,0,0,0,0
202,21/07/2020,295817.0,41030.0,64.35,64.35,65.56,60.26,100.0,33,18,18,18,33,21,18,0,33,21,18,33,18,18,18,18,33,18,0,33,21,0,0,33,18,0,33,6,6,0,0,33,18,18,33,21,18,33,30,27,33,30,9,0,33,9,6,33,12,3,0,0,33,0,0,0,0,0
203,22/07/2020,296377.0,41047.0,64.35,64.35,65.56,60.26,100.0,33,21,21,21,33,21,18,0,33,21,18,33,18,18,18,18,33,18,0,33,21,0,0,33,18,0,33,6,6,0,0,33,18,18,33,21,18,33,30,27,33,30,9,0,33,9,6,33,12,3,0,0,33,0,0,0,0,0
204,23/07/2020,297146.0,41056.0,64.35,64.35,65.56,60.26,100.0,33,21,21,21,33,21,18,0,33,21,18,33,18,18,18,18,33,18,0,33,21,0,0,33,18,0,33,6,6,0,0,33,18,18,33,21,21,33,30,27,33,30,9,0,33,9,6,33,12,3,0,0,33,0,0,0,0,0
205,24/07/2020,297914.0,41088.0,64.35,64.35,65.56,60.26,100.0,34,21,21,21,34,21,18,0,34,21,18,34,18,18,18,18,34,21,0,34,21,0,0,34,18,0,34,6,6,0,0,34,21,21,34,21,21,34,30,27,34,30,9,0,34,9,6,34,12,3,0,0,34,0,0,0,0,0
206,25/07/2020,298681.0,41103.0,64.35,64.35,65.56,60.26,100.0,34,21,21,21,34,21,21,0,34,21,21,34,18,18,18,18,34,21,0,34,21,0,0,34,18,0,34,6,6,0,0,34,21,21,34,21,21,34,30,27,34,30,9,0,34,9,9,34,12,3,0,0,34,0,0,0,0,0
207,26/07/2020,299426.0,41111.0,64.35,64.35,65.56,60.26,100.0,34,21,21,21,34,21,21,0,34,21,21,34,18,18,18,18,34,21,0,34,21,0,0,34,21,0,34,6,6,0,0,34,21,21,34,21,21,34,30,27,34,30,9,0,34,9,9,34,12,3,0,0,34,0,0,0,0,0
208,27/07/2020,300111.0,41114.0,64.35,64.35,65.56,60.26,100.0,34,21,21,21,34,21,21,0,34,21,21,34,21,21,21,21,34,21,0,34,21,0,0,34,21,0,34,6,6,0,0,34,21,21,34,21,21,34,30,27,34,30,9,0,34,9,9,34,15,3,0,0,34,0,0,0,0,0
209,28/07/2020,300658.0,41135.0,64.35,64.35,65.56,60.26,100.0,34,21,21,21,34,21,21,0,34,21,21,34,21,21,21,21,34,21,0,34,21,0,0,34,21,0,34,6,6,0,0,34,21,21,34,21,21,34,30,27,34,30,9,0,34,9,9,34,15,6,0,0,34,0,0,0,0,0
210,29/07/2020,301455.0,41169.0,64.35,64.35,65.56,60.26,100.0,34,21,21,21,34,21,21,0,34,21,21,34,21,21,21,21,34,21,0,34,21,0,0,34,21,0,34,6,6,0,0,34,21,21,34,21,21,34,30,30,34,30,12,0,34,9,9,34,15,6,0,0,34,0,0,0,0,0
211,30/07/2020,302301.0,41169.0,64.35,64.35,65.56,60.26,100.0,35,21,21,21,35,21,21,0,35,21,21,35,21,21,21,21,35,21,0,35,21,0,0,35,21,0,35,6,6,0,0,35,21,21,35,21,21,35,30,30,35,30,12,0,35,9,9,35,15,6,0,0,35,0,0,0,0,0
212,31/07/2020,303181.0,41189.0,64.35,64.35,65.56,60.26,100.0,35,21,21,21,35,21,21,0,35,21,21,35,21,21,21,21,35,21,0,35,21,0,0,35,21,0,35,6,6,0,0,35,21,21,35,21,21,35,30,30,35,30,12,0,35,9,9,35,15,6,0,0,35,0,0,0,0,0
213,01/08/2020,303942.0,41202.0,69.91,69.91,68.89,64.1,100.0,35,21,21,21,35,21,21,0,35,21,21,35,21,21,21,21,35,21,0,35,21,0,0,35,21,0,35,9,9,0,0,35,21,21,35,21,21,35,30,30,35,30,12,0,35,9,9,35,15,6,0,0,35,0,0,0,0,0
214,02/08/2020,304685.0,41207.0,69.91,69.91,68.89,64.1,100.0,35,21,21,21,35,21,21,0,35,21,21,35,21,21,21,21,35,21,0,35,21,0,0,35,21,0,35,9,9,0,0,35,21,21,35,21,21,35,30,30,35,30,12,0,35,9,9,35,15,6,0,0,35,0,0,0,0,0
215,03/08/2020,305623.0,41208.0,69.91,69.91,68.89,64.1,100.0,35,21,21,21,35,21,21,0,35,21,21,35,21,21,21,21,35,21,0,35,21,0,0,35,21,0,35,9,9,0,0,35,21,21,35,21,21,35,30,30,35,30,12,0,35,9,9,35,15,6,0,0,35,0,0,0,0,0
216,04/08/2020,306293.0,41226.0,69.91,69.91,68.89,64.1,100.0,35,21,21,21,35,21,21,0,35,21,21,35,21,21,21,21,35,21,0,35,24,0,0,35,21,0,35,9,9,0,0,35,21,21,35,21,21,35,30,30,35,30,12,0,35,9,9,35,15,6,0,0,35,0,0,0,0,0
217,05/08/2020,307184.0,41240.0,69.91,69.91,68.89,64.1,100.0,36,21,21,21,36,21,21,0,36,21,21,36,21,21,21,21,36,21,0,36,24,0,0,36,21,0,36,9,9,0,0,36,21,21,36,21,21,36,33,30,36,33,12,0,36,9,9,36,15,6,0,0,36,0,0,0,0,0
218,06/08/2020,308134.0,41258.0,69.91,69.91,68.89,64.1,100.0,36,21,21,21,36,21,21,0,36,21,21,36,21,21,21,21,36,21,0,36,24,0,0,36,21,0,36,9,9,0,0,36,21,21,36,21,21,36,33,30,36,33,12,0,36,9,9,36,15,6,0,0,36,0,0,0,0,0
219,07/08/2020,309005.0,41270.0,69.91,69.91,68.89,64.1,100.0,36,21,21,21,36,24,21,0,36,21,21,36,21,21,21,21,36,21,0,36,24,0,0,36,21,0,36,9,9,0,0,36,21,21,36,21,21,36,33,30,36,33,12,0,36,12,9,36,15,6,0,0,36,0,0,0,0,0
220,08/08/2020,309763.0,41273.0,69.91,69.91,68.89,64.1,100.0,36,21,21,21,36,24,21,0,36,24,21,36,21,21,21,21,36,21,0,36,24,0,0,36,21,0,36,9,9,0,0,36,21,21,36,24,21,36,33,30,36,33,12,0,36,12,9,36,15,6,0,0,36,0,0,0,0,0
221,09/08/2020,310825.0,41278.0,69.91,69.91,68.89,64.1,100.0,36,24,24,24,36,24,21,0,36,24,21,36,21,21,21,21,36,21,0,36,24,0,0,36,21,0,36,9,9,0,0,36,21,21,36,24,21,36,33,30,36,33,12,0,36,12,9,36,15,6,0,0,36,0,0,0,0,0
222,10/08/2020,311641.0,41296.0,69.91,69.91,68.89,64.1,100.0,36,24,24,24,36,24,21,0,36,24,21,36,21,21,21,21,36,21,0,36,24,0,0,36,21,0,36,9,9,0,0,36,21,21,36,24,24,36,33,30,36,33,12,0,36,12,9,36,15,6,0,0,36,0,0,0,0,0
223,11/08/2020,312789.0,41309.0,69.91,69.91,68.89,64.1,100.0,37,24,24,24,37,24,21,0,37,24,21,37,21,21,21,21,37,24,0,37,24,0,0,37,21,0,37,9,9,0,0,37,24,24,37,24,24,37,33,30,37,33,12,0,37,12,9,37,15,6,0,0,37,0,0,0,0,0
224,12/08/2020,313798.0,41329.0,69.91,69.91,68.89,64.1,100.0,37,24,24,24,37,24,24,0,37,24,24,37,21,21,21,21,37,24,0,37,24,0,0,37,21,0,37,9,9,0,0,37,24,24,37,24,24,37,33,30,37,33,12,0,37,12,12,37,15,6,0,0,37,0,0,0,0,0
225,13/08/2020,314927.0,41347.0,66.2,66.2,66.67,61.54,100.0,37,24,24,0,37,24,24,0,37,24,24,37,21,21,21,21,37,24,0,37,24,0,0,37,24,0,37,9,9,0,0,37,24,24,37,24,24,37,33,30,37,33,12,0,37,12,12,37,15,6,0,0,37,0,0,0,0,0
226,14/08/2020,316367.0,41358.0,66.2,66.2,66.67,61.54,100.0,37,24,24,0,37,24,24,0,37,24,24,37,24,24,24,24,37,24,0,37,24,0,0,37,24,0,37,9,9,0,0,37,24,24,37,24,24,37,33,30,37,33,12,0,37,12,12,37,18,6,0,0,37,0,0,0,0,0
227,15/08/2020,317379.0,41361.0,66.2,66.2,66.67,61.54,100.0,37,24,24,0,37,24,24,0,37,24,24,37,24,24,24,24,37,24,0,37,24,0,0,37,24,0,37,9,9,0,0,37,24,24,37,24,24,37,33,30,37,33,12,0,37,12,12,37,18,9,0,0,37,0,0,0,0,0
228,16/08/2020,318484.0,41366.0,66.2,66.2,66.67,61.54,100.0,37,24,24,0,37,24,24,0,37,24,24,37,24,24,24,24,37,24,0,37,24,0,0,37,24,0,37,9,9,0,0,37,24,24,37,24,24,37,33,33,37,33,15,0,37,12,12,37,18,9,0,0,37,0,0,0,0,0
229,17/08/2020,319197.0,41369.0,66.2,66.2,66.67,61.54,100.0,38,24,24,0,38,24,24,0,38,24,24,38,24,24,24,24,38,24,0,38,24,0,0,38,24,0,38,9,9,0,0,38,24,24,38,24,24,38,33,33,38,33,15,0,38,12,12,38,18,9,0,0,38,0,0,0,0,0
230,18/08/2020,320286.0,41381.0,66.2,66.2,66.67,61.54,100.0,38,24,24,0,38,24,24,0,38,24,24,38,24,24,24,24,38,24,0,38,24,0,0,38,24,0,38,9,9,0,0,38,24,24,38,24,24,38,33,33,38,33,15,0,38,12,12,38,18,9,0,0,38,0,0,0,0,0
231,19/08/2020,321098.0,41397.0,66.2,66.2,66.67,61.54,100.0,38,24,24,0,38,24,24,0,38,24,24,38,24,24,24,24,38,24,0,38,24,0,0,38,24,3,38,12,12,0,0,38,24,24,38,24,24,38,33,33,38,33,15,0,38,12,12,38,18,9,0,0,38,0,0,0,0,0
232,20/08/2020,322280.0,41403.0,66.2,66.2,66.67,61.54,100.0,38,24,24,0,38,24,24,0,38,24,24,38,24,24,24,24,38,24,0,38,24,0,0,38,24,3,38,12,12,0,0,38,24,24,38,24,24,38,33,33,38,33,15,0,38,12,12,38,18,9,0,0,38,0,0,0,0,0
233,21/08/2020,323313.0,41405.0,66.2,66.2,66.67,61.54,100.0,38,24,24,0,38,24,24,0,38,24,24,38,24,24,24,24,38,24,0,38,24,0,0,38,24,3,38,12,12,0,0,38,24,24,38,24,24,38,33,33,38,33,15,0,38,12,12,38,18,9,0,0,38,0,0,0,0,0
234,22/08/2020,324601.0,41423.0,66.2,66.2,66.67,61.54,100.0,38,24,24,0,38,24,24,0,38,24,24,38,24,24,24,24,38,24,0,38,27,0,0,38,24,3,38,12,12,0,0,38,24,24,38,24,24,38,33,33,38,33,15,0,38,12,12,38,18,9,0,0,38,0,0,0,0,0
235,23/08/2020,325642.0,41429.0,66.2,66.2,66.67,61.54,100.0,39,24,24,0,39,24,24,0,39,24,24,39,24,24,24,24,39,24,0,39,27,0,0,39,24,3,39,12,12,0,0,39,24,24,39,24,24,39,36,33,39,36,15,0,39,12,12,39,18,9,0,0,39,0,0,0,0,0
236,24/08/2020,326614.0,41433.0,66.2,66.2,66.67,61.54,100.0,39,24,24,0,39,24,24,0,39,24,24,39,24,24,24,24,39,24,0,39,27,0,0,39,24,3,39,12,12,0,0,39,24,24,39,24,24,39,36,33,39,36,15,0,39,12,12,39,18,9,0,0,39,0,0,0,0,0
237,25/08/2020,327798.0,41449.0,66.2,66.2,66.67,61.54,100.0,39,24,24,0,39,27,24,0,39,24,24,39,24,24,24,24,39,24,0,39,27,0,0,39,24,3,39,12,12,0,0,39,24,24,39,24,24,39,36,33,39,36,15,0,39,15,12,39,18,9,0,0,39,0,0,0,0,0
238,26/08/2020,328846.0,41465.0,66.2,66.2,66.67,61.54,100.0,39,24,24,0,39,27,24,0,39,27,24,39,24,24,24,24,39,24,0,39,27,0,0,39,24,3,39,12,12,0,0,39,24,24,39,27,24,39,36,33,39,36,15,0,39,15,12,39,18,9,0,0,39,0,0,0,0,0
239,27/08/2020,330368.0,41477.0,66.2,66.2,66.67,61.54,100.0,39,27,27,0,39,27,24,0,39,27,24,39,24,24,24,24,39,24,0,39,27,0,0,39,24,3,39,12,12,0,0,39,24,24,39,27,24,39,36,33,39,36,15,0,39,15,12,39,18,9,0,0,39,0,0,0,0,0
240,28/08/2020,331644.0,41486.0,66.2,66.2,66.67,61.54,100.0,39,27,27,0,39,27,24,0,39,27,24,39,24,24,24,24,39,24,0,39,27,0,0,39,24,3,39,12,12,0,0,39,24,24,39,27,27,39,36,33,39,36,15,0,39,15,12,39,18,9,0,0,39,0,0,0,0,0
241,29/08/2020,332752.0,41498.0,66.2,66.2,66.67,61.54,100.0,40,27,27,0,40,27,24,0,40,27,24,40,24,24,24,24,40,27,0,40,27,0,0,40,24,3,40,12,12,0,0,40,27,27,40,27,27,40,36,33,40,36,15,0,40,15,12,40,18,9,0,0,40,0,0,0,0,0
242,30/08/2020,334467.0,41499.0,66.2,66.2,63.33,57.69,100.0,40,27,27,0,40,27,27,0,40,27,27,40,24,24,24,24,40,27,0,40,27,0,0,40,24,3,40,12,12,0,0,40,27,27,40,27,27,40,36,33,40,36,15,0,40,15,0,40,18,9,0,0,40,0,0,0,0,0
243,31/08/2020,335873.0,41501.0,66.2,66.2,63.33,57.69,100.0,40,27,27,0,40,27,27,0,40,27,27,40,24,24,24,24,40,27,0,40,27,0,0,40,27,3,40,12,12,0,0,40,27,27,40,27,27,40,36,33,40,36,15,0,40,15,0,40,18,9,0,0,40,0,0,0,0,0
244,01/09/2020,337168.0,41504.0,64.35,64.35,62.22,56.41,100.0,40,27,0,0,40,27,27,0,40,27,27,40,27,27,27,27,40,27,0,40,27,0,0,40,27,3,40,12,12,0,0,40,27,27,40,27,27,40,36,33,40,36,15,0,40,15,0,40,21,9,0,0,40,0,0,0,0,0
245,02/09/2020,338676.0,41514.0,64.35,64.35,62.22,56.41,100.0,40,27,0,0,40,27,27,0,40,27,27,40,27,27,27,27,40,27,0,40,27,0,0,40,27,3,40,12,12,0,0,40,27,27,40,27,27,40,36,33,40,36,15,0,40,15,0,40,21,12,0,0,40,0,0,0,0,0
246,03/09/2020,340411.0,41527.0,64.35,64.35,62.22,56.41,100.0,40,27,0,0,40,27,27,0,40,27,27,40,27,27,27,27,40,27,0,40,27,0,0,40,27,3,40,12,12,0,0,40,27,27,40,27,27,40,36,36,40,36,18,0,40,15,0,40,21,12,0,0,40,0,0,0,0,0
247,04/09/2020,342351.0,41537.0,64.35,64.35,62.22,56.41,100.0,41,27,0,0,41,27,27,0,41,27,27,41,27,27,27,27,41,27,0,41,27,0,0,41,27,3,41,12,12,0,0,41,27,27,41,27,27,41,36,36,41,36,18,0,41,15,0,41,21,12,0,0,41,0,0,0,0,0
248,05/09/2020,344164.0,41549.0,64.35,64.35,62.22,56.41,100.0,41,27,0,0,41,27,27,0,41,27,27,41,27,27,27,27,41,27,0,41,27,0,0,41,27,3,41,12,12,0,0,41,27,27,41,27,27,41,36,36,41,36,18,0,41,15,0,41,21,12,0,0,41,0,0,0,0,0
249,06/09/2020,347152.0,41551.0,64.35,64.35,62.22,56.41,100.0,41,27,0,0,41,27,27,0,41,27,27,41,27,27,27,27,41,27,0,41,27,0,0,41,27,6,41,15,15,0,0,41,27,27,41,27,27,41,36,36,41,36,18,0,41,15,0,41,21,12,0,0,41,0,0,0,0,0
250,07/09/2020,350100.0,41554.0,64.35,64.35,62.22,56.41,100.0,41,27,0,0,41,27,27,0,41,27,27,41,27,27,27,27,41,27,0,41,27,0,0,41,27,6,41,15,15,0,0,41,27,27,41,27,27,41,36,36,41,36,18,0,41,15,0,41,21,12,0,0,41,0,0,0,0,0
251,08/09/2020,352560.0,41586.0,64.35,64.35,62.22,56.41,100.0,41,27,0,0,41,27,27,0,41,27,27,41,27,27,27,27,41,27,0,41,27,0,0,41,27,6,41,15,15,0,0,41,27,27,41,27,27,41,36,36,41,36,18,0,41,15,0,41,21,12,0,0,41,0,0,0,0,0
252,09/09/2020,355219.0,41594.0,64.35,64.35,62.22,56.41,100.0,41,27,0,0,41,27,27,0,41,27,27,41,27,27,27,27,41,27,0,41,30,0,0,41,27,6,41,15,15,0,0,41,27,27,41,27,27,41,36,36,41,36,18,0,41,15,0,41,21,12,0,0,41,0,0,0,0,0
253,10/09/2020,358138.0,41608.0,64.35,64.35,62.22,56.41,100.0,42,27,0,0,42,27,27,0,42,27,27,42,27,27,27,27,42,27,0,42,30,0,0,42,27,6,42,15,15,0,0,42,27,27,42,27,27,42,39,36,42,39,18,0,42,15,0,42,21,12,0,0,42,0,0,0,0,0
254,11/09/2020,361677.0,41614.0,64.35,64.35,62.22,56.41,100.0,42,27,0,0,42,27,27,0,42,27,27,42,27,27,27,27,42,27,0,42,30,0,0,42,27,6,42,15,15,0,0,42,27,27,42,27,27,42,39,36,42,39,18,0,42,15,0,42,21,12,0,0,42,0,0,0,0,0
255,12/09/2020,365174.0,41623.0,64.35,64.35,62.22,56.41,100.0,42,27,0,0,42,30,27,0,42,27,27,42,27,27,27,27,42,27,0,42,30,0,0,42,27,6,42,15,15,0,0,42,27,27,42,27,27,42,39,36,42,39,18,0,42,18,0,42,21,12,0,0,42,0,0,0,0,0
256,13/09/2020,368504.0,41628.0,64.35,64.35,62.22,56.41,100.0,42,27,0,0,42,30,27,0,42,30,27,42,27,27,27,27,42,27,0,42,30,0,0,42,27,6,42,15,15,0,0,42,27,27,42,30,27,42,39,36,42,39,18,0,42,18,0,42,21,12,0,0,42,0,0,0,0,0
257,14/09/2020,371125.0,41637.0,65.74,65.74,63.89,58.33,100.0,42,30,0,0,42,30,27,0,42,30,27,42,27,27,27,27,42,27,0,42,30,0,0,42,27,6,42,15,15,0,0,42,27,27,42,30,27,42,39,36,42,39,18,0,42,18,0,42,21,12,0,0,42,0,0,0,0,0
258,15/09/2020,374228.0,41664.0,65.74,65.74,63.89,58.33,100.0,42,30,0,0,42,30,27,0,42,30,27,42,27,27,27,27,42,27,0,42,30,0,0,42,27,6,42,15,15,0,0,42,27,27,42,30,30,42,39,36,42,39,18,0,42,18,0,42,21,12,0,0,42,0,0,0,0,0
259,16/09/2020,378219.0,41684.0,65.74,65.74,63.89,58.33,100.0,43,30,0,0,43,30,27,0,43,30,27,43,27,27,27,27,43,30,0,43,30,0,0,43,27,6,43,15,15,0,0,43,30,30,43,30,30,43,39,36,43,39,18,0,43,18,0,43,21,12,0,0,43,0,0,0,0,0
260,17/09/2020,381614.0,41705.0,65.74,65.74,63.89,58.33,100.0,43,30,0,0,43,30,30,0,43,30,30,43,27,27,27,27,43,30,0,43,30,0,0,43,27,6,43,15,15,0,0,43,30,30,43,30,30,43,39,36,43,39,18,0,43,18,0,43,21,12,0,0,43,0,0,0,0,0
261,18/09/2020,385936.0,41732.0,65.74,65.74,63.89,58.33,100.0,43,30,0,0,43,30,30,0,43,30,30,43,27,27,27,27,43,30,0,43,30,0,0,43,30,6,43,15,15,0,0,43,30,30,43,30,30,43,39,36,43,39,18,0,43,18,0,43,21,12,0,0,43,0,0,0,0,0
262,19/09/2020,390358.0,41759.0,65.74,65.74,63.89,58.33,100.0,43,30,0,0,43,30,30,0,43,30,30,43,30,30,30,30,43,30,0,43,30,0,0,43,30,6,43,15,15,0,0,43,30,30,43,30,30,43,39,36,43,39,18,0,43,18,0,43,24,12,0,0,43,0,0,0,0,0
263,20/09/2020,394257.0,41777.0,65.74,65.74,63.89,58.33,100.0,43,30,0,0,43,30,30,0,43,30,30,43,30,30,30,30,43,30,0,43,30,0,0,43,30,6,43,15,15,0,0,43,30,30,43,30,30,43,39,36,43,39,18,0,43,18,0,43,24,15,0,0,43,0,0,0,0,0
264,21/09/2020,398625.0,41788.0,65.74,65.74,63.89,58.33,100.0,43,30,0,0,43,30,30,0,43,30,30,43,30,30,30,30,43,30,0,43,30,0,0,43,30,6,43,15,15,0,0,43,30,30,43,30,30,43,39,39,43,39,21,0,43,18,0,43,24,15,0,0,43,0,0,0,0,0
265,22/09/2020,403551.0,41825.0,65.74,65.74,63.89,58.33,100.0,44,30,0,0,44,30,30,0,44,30,30,44,30,30,30,30,44,30,0,44,30,0,0,44,30,6,44,15,15,0,0,44,30,30,44,30,30,44,39,39,44,39,21,0,44,18,0,44,24,15,0,0,44,0,0,0,0,0
266,23/09/2020,409729.0,41862.0,65.74,65.74,63.89,58.33,100.0,44,30,0,0,44,30,30,0,44,30,30,44,30,30,30,30,44,30,0,44,30,0,0,44,30,6,44,15,15,0,0,44,30,30,44,30,30,44,39,39,44,39,21,0,44,18,0,44,24,15,0,0,44,0,0,0,0,0
267,24/09/2020,416363.0,41902.0,67.59,67.59,65.0,59.62,100.0,44,30,0,0,44,30,30,0,44,30,30,44,30,30,30,30,44,30,0,44,30,0,0,44,30,9,44,18,18,0,0,44,30,30,44,30,30,44,39,39,44,39,21,0,44,18,0,44,24,15,0,0,44,0,0,0,0,0
268,25/09/2020,423236.0,41936.0,67.59,67.59,65.0,59.62,100.0,44,30,0,0,44,30,30,0,44,30,30,44,30,30,30,30,44,30,0,44,30,0,0,44,30,9,44,18,18,0,0,44,30,30,44,30,30,44,39,39,44,39,21,0,44,18,0,44,24,15,0,0,44,0,0,0,0,0
269,26/09/2020,429277.0,41971.0,67.59,67.59,65.0,59.62,100.0,44,30,0,0,44,30,30,0,44,30,30,44,30,30,30,30,44,30,0,44,30,0,0,44,30,9,44,18,18,0,0,44,30,30,44,30,30,44,39,39,44,39,21,0,44,18,0,44,24,15,0,0,44,0,0,0,0,0
270,27/09/2020,434969.0,41988.0,67.59,67.59,65.0,59.62,100.0,44,30,0,0,44,30,30,0,44,30,30,44,30,30,30,30,44,30,0,44,33,0,0,44,30,9,44,18,18,0,0,44,30,30,44,30,30,44,39,39,44,39,21,0,44,18,0,44,24,15,0,0,44,0,0,0,0,0
271,28/09/2020,439013.0,42001.0,67.59,67.59,65.0,59.62,100.0,45,30,0,0,45,30,30,0,45,30,30,45,30,30,30,30,45,30,0,45,33,0,0,45,30,9,45,18,18,0,0,45,30,30,45,30,30,45,42,39,45,42,21,0,45,18,0,45,24,15,0,0,45,0,0,0,0,0
272,29/09/2020,446156.0,42072.0,67.59,67.59,65.0,59.62,100.0,45,30,0,0,45,30,30,0,45,30,30,45,30,30,30,30,45,30,0,45,33,0,0,45,30,9,45,18,18,0,0,45,30,30,45,30,30,45,42,39,45,42,21,0,45,18,0,45,24,15,0,0,45,0,0,0,0,0
273,30/09/2020,453264.0,42143.0,67.59,67.59,65.0,59.62,100.0,45,30,0,0,45,33,30,0,45,30,30,45,30,30,30,30,45,30,0,45,33,0,0,45,30,9,45,18,18,0,0,45,30,30,45,30,30,45,42,39,45,42,21,0,45,21,0,45,24,15,0,0,45,0,0,0,0,0
274,01/10/2020,460178.0,42202.0,67.59,67.59,65.0,59.62,100.0,45,30,0,0,45,33,30,0,45,33,30,45,30,30,30,30,45,30,0,45,33,0,0,45,30,9,45,18,18,0,0,45,30,30,45,33,30,45,42,39,45,42,21,0,45,21,0,45,24,15,0,0,45,0,0,0,0,0
275,02/10/2020,467146.0,42268.0,67.59,67.59,65.0,59.62,100.0,45,33,0,0,45,33,30,0,45,33,30,45,30,30,30,30,45,30,0,45,33,0,0,45,30,9,45,18,18,0,0,45,30,30,45,33,30,45,42,39,45,42,21,0,45,21,0,45,24,15,0,0,45,0,0,0,0,0
276,03/10/2020,480017.0,42317.0,67.59,67.59,65.0,59.62,100.0,45,33,0,0,45,33,30,0,45,33,30,45,30,30,30,30,45,30,0,45,33,0,0,45,30,9,45,18,18,0,0,45,30,30,45,33,33,45,42,39,45,42,21,0,45,21,0,45,24,15,0,0,45,0,0,0,0,0
277,04/10/2020,502978.0,42350.0,67.59,67.59,65.0,59.62,100.0,46,33,0,0,46,33,30,0,46,33,30,46,30,30,30,30,46,33,0,46,33,0,0,46,30,9,46,18,18,0,0,46,33,33,46,33,33,46,42,39,46,42,21,0,46,21,0,46,24,15,0,0,46,0,0,0,0,0
278,05/10/2020,515571.0,42369.0,67.59,67.59,65.0,59.62,100.0,46,33,0,0,46,33,33,0,46,33,33,46,30,30,30,30,46,33,0,46,33,0,0,46,30,9,46,18,18,0,0,46,33,33,46,33,33,46,42,39,46,42,21,0,46,21,0,46,24,15,0,0,46,0,0,0,0,0
279,06/10/2020,530113.0,42445.0,67.59,67.59,65.0,59.62,100.0,46,33,0,0,46,33,33,0,46,33,33,46,30,30,30,30,46,33,0,46,33,0,0,46,33,9,46,18,18,0,0,46,33,33,46,33,33,46,42,39,46,42,21,0,46,21,0,46,24,15,0,0,46,0,0,0,0,0
280,07/10/2020,544275.0,42515.0,67.59,67.59,65.0,59.62,100.0,46,33,0,0,46,33,33,0,46,33,33,46,33,33,33,33,46,33,0,46,33,0,0,46,33,9,46,18,18,0,0,46,33,33,46,33,33,46,42,39,46,42,21,0,46,21,0,46,27,15,0,0,46,0,0,0,0,0
281,08/10/2020,561815.0,42592.0,67.59,67.59,65.0,59.62,100.0,46,33,0,0,46,33,33,0,46,33,33,46,33,33,33,33,46,33,0,46,33,0,0,46,33,9,46,18,18,0,0,46,33,33,46,33,33,46,42,39,46,42,21,0,46,21,0,46,27,18,0,0,46,0,0,0,0,0
282,09/10/2020,575679.0,42679.0,67.59,67.59,65.0,59.62,100.0,46,33,0,0,46,33,33,0,46,33,33,46,33,33,33,33,46,33,0,46,33,0,0,46,33,9,46,18,18,0,0,46,33,33,46,33,33,46,42,42,46,42,24,0,46,21,0,46,27,18,0,0,46,0,0,0,0,0
283,10/10/2020,590844.0,42760.0,67.59,67.59,65.0,59.62,100.0,47,33,0,0,47,33,33,0,47,33,33,47,33,33,33,33,47,33,0,47,33,0,0,47,33,9,47,18,18,0,0,47,33,33,47,33,33,47,42,42,47,42,24,0,47,21,0,47,27,18,0,0,47,0,0,0,0,0
284,11/10/2020,603716.0,42825.0,67.59,67.59,65.0,59.62,100.0,47,33,0,0,47,33,33,0,47,33,33,47,33,33,33,33,47,33,0,47,33,0,0,47,33,9,47,18,18,0,0,47,33,33,47,33,33,47,42,42,47,42,24,0,47,21,0,47,27,18,0,0,47,0,0,0,0,0
285,12/10/2020,617688.0,42875.0,60.19,60.19,60.56,54.49,100.0,47,33,0,0,47,33,33,0,47,33,33,47,33,33,33,33,47,33,0,47,33,0,0,47,33,0,47,21,21,0,0,47,33,33,47,33,33,47,42,42,47,42,24,0,47,21,0,47,27,18,0,0,47,0,0,0,0,0
286,13/10/2020,634920.0,43018.0,60.19,60.19,60.56,54.49,100.0,47,33,0,0,47,33,33,0,47,33,33,47,33,33,33,33,47,33,0,47,33,0,0,47,33,0,47,21,21,0,0,47,33,33,47,33,33,47,42,42,47,42,24,0,47,21,0,47,27,18,0,0,47,0,0,0,0,0
287,14/10/2020,654644.0,43155.0,60.19,60.19,60.56,54.49,100.0,47,33,0,0,47,33,33,0,47,33,33,47,33,33,33,33,47,33,0,47,33,0,0,47,33,0,47,21,21,0,0,47,33,33,47,33,33,47,42,42,47,42,24,0,47,21,0,47,27,18,0,0,47,0,0,0,0,0
288,15/10/2020,673622.0,43293.0,60.19,60.19,60.56,54.49,100.0,47,33,0,0,47,33,33,0,47,33,33,47,33,33,33,33,47,33,0,47,36,0,0,47,33,0,47,21,21,0,0,47,33,33,47,33,33,47,42,42,47,42,24,0,47,21,0,47,27,18,0,0,47,0,0,0,0,0
289,16/10/2020,689257.0,43429.0,60.19,60.19,60.56,54.49,100.0,48,33,0,0,48,33,33,0,48,33,33,48,33,33,33,33,48,33,0,48,36,0,0,48,33,0,48,21,21,0,0,48,33,33,48,33,33,48,45,42,48,45,24,0,48,21,0,48,27,18,0,0,48,0,0,0,0,0
290,17/10/2020,705428.0,43579.0,60.19,60.19,60.56,54.49,100.0,48,33,0,0,48,33,33,0,48,33,33,48,33,33,33,33,48,33,0,48,36,0,0,48,33,0,48,21,21,0,0,48,33,33,48,33,33,48,45,42,48,45,24,0,48,21,0,48,27,18,0,0,48,0,0,0,0,0
291,18/10/2020,722409.0,43646.0,60.19,60.19,60.56,54.49,100.0,48,33,0,0,48,36,33,0,48,33,33,48,33,33,33,33,48,33,0,48,36,0,0,48,33,0,48,21,21,0,0,48,33,33,48,33,33,48,45,42,48,45,24,0,48,24,0,48,27,18,0,0,48,0,0,0,0,0
292,19/10/2020,741212.0,43726.0,65.74,65.74,63.89,58.33,100.0,48,33,0,0,48,36,33,0,48,36,33,48,33,33,33,33,48,33,0,48,36,0,0,48,33,0,48,21,21,0,0,48,33,33,48,36,33,48,45,42,48,45,24,0,48,24,0,48,27,18,0,0,48,0,0,0,0,0
293,20/10/2020,762542.0,43967.0,65.74,65.74,63.89,58.33,100.0,48,36,0,0,48,36,33,0,48,36,33,48,33,33,33,33,48,33,0,48,36,0,0,48,33,0,48,21,21,0,0,48,33,33,48,36,33,48,45,42,48,45,24,0,48,24,0,48,27,18,0,0,48,0,0,0,0,0
294,21/10/2020,789229.0,44158.0,65.74,65.74,63.89,58.33,100.0,48,36,0,0,48,36,33,0,48,36,33,48,33,33,33,33,48,33,0,48,36,0,0,48,33,0,48,21,21,0,0,48,33,33,48,36,36,48,45,42,48,45,24,0,48,24,0,48,27,18,0,0,48,0,0,0,0,0
295,22/10/2020,810467.0,44347.0,67.59,67.59,65.0,59.62,100.0,49,36,0,0,49,36,33,0,49,36,33,49,33,33,33,33,49,36,0,49,36,0,0,49,33,0,49,21,21,0,0,49,36,36,49,36,36,49,45,42,49,45,24,0,49,24,0,49,27,18,0,0,49,0,0,0,0,0
296,23/10/2020,830998.0,44571.0,75.0,75.0,69.44,64.74,100.0,49,36,0,0,49,36,36,0,49,36,36,49,33,33,33,33,49,36,0,49,36,0,0,49,33,12,49,21,21,0,0,49,36,36,49,36,36,49,45,42,49,45,24,0,49,24,0,49,27,18,0,0,49,0,0,0,0,0
297,24/10/2020,854010.0,44745.0,75.0,75.0,69.44,64.74,100.0,49,36,0,0,49,36,36,0,49,36,36,49,33,33,33,33,49,36,0,49,36,0,0,49,36,12,49,21,21,0,0,49,36,36,49,36,36,49,45,42,49,45,24,0,49,24,0,49,27,18,0,0,49,0,0,0,0,0
298,25/10/2020,873800.0,44896.0,75.0,75.0,69.44,64.74,100.0,49,36,0,0,49,36,36,0,49,36,36,49,36,36,36,36,49,36,0,49,36,0,0,49,36,12,49,21,21,0,0,49,36,36,49,36,36,49,45,42,49,45,24,0,49,24,0,49,30,18,0,0,49,0,0,0,0,0
299,26/10/2020,894690.0,44998.0,75.0,75.0,69.44,64.74,100.0,49,36,0,0,49,36,36,0,49,36,36,49,36,36,36,36,49,36,0,49,36,0,0,49,36,12,49,21,21,0,0,49,36,36,49,36,36,49,45,42,49,45,24,0,49,24,0,49,30,21,0,0,49,0,0,0,0,0
300,27/10/2020,917575.0,45365.0,75.0,75.0,69.44,64.74,100.0,49,36,0,0,49,36,36,0,49,36,36,49,36,36,36,36,49,36,0,49,36,0,0,49,36,12,49,21,21,0,0,49,36,36,49,36,36,49,45,45,49,45,27,0,49,24,0,49,30,21,0,0,49,0,0,0,0,0
301,28/10/2020,942275.0,45675.0,75.0,75.0,69.44,64.74,100.0,50,36,0,0,50,36,36,0,50,36,36,50,36,36,36,36,50,36,0,50,36,0,0,50,36,12,50,21,21,0,0,50,36,36,50,36,36,50,45,45,50,45,27,0,50,24,0,50,30,21,0,0,50,0,0,0,0,0
302,29/10/2020,965340.0,45955.0,75.0,75.0,69.44,64.74,100.0,50,36,0,0,50,36,36,0,50,36,36,50,36,36,36,36,50,36,0,50,36,0,0,50,36,12,50,21,21,0,0,50,36,36,50,36,36,50,45,45,50,45,27,0,50,24,0,50,30,21,0,0,50,0,0,0,0,0
303,30/10/2020,989745.0,46229.0,75.0,75.0,69.44,64.74,100.0,50,36,0,0,50,36,36,0,50,36,36,50,36,36,36,36,50,36,0,50,36,0,0,50,36,0,50,24,24,0,0,50,36,36,50,36,36,50,45,45,50,45,27,0,50,24,0,50,30,21,0,0,50,0,0,0,0,0
304,31/10/2020,1011660.0,46555.0,75.0,75.0,69.44,64.74,100.0,50,36,0,0,50,36,36,0,50,36,36,50,36,36,36,36,50,36,0,50,36,0,0,50,36,0,50,24,24,0,0,50,36,36,50,36,36,50,45,45,50,45,27,0,50,24,0,50,30,21,0,0,50,0,0,0,0,0
305,01/11/2020,1034914.0,46717.0,75.0,75.0,69.44,64.74,100.0,50,36,0,0,50,36,36,0,50,36,36,50,36,36,36,36,50,36,0,50,36,0,0,50,36,0,50,24,24,0,0,50,36,36,50,36,36,50,45,45,50,45,27,0,50,24,0,50,30,21,0,0,50,0,0,0,0,0
306,02/11/2020,1053864.0,46853.0,75.0,75.0,69.44,64.74,100.0,50,36,0,0,50,36,36,0,50,36,36,50,36,36,36,36,50,36,0,50,39,0,0,50,36,0,50,24,24,0,0,50,36,36,50,36,36,50,45,45,50,45,27,0,50,24,0,50,30,21,0,0,50,0,0,0,0,0
307,03/11/2020,1073882.0,47250.0,75.0,75.0,69.44,64.74,100.0,51,36,0,0,51,36,36,0,51,36,36,51,36,36,36,36,51,36,0,51,39,0,0,51,36,0,51,24,24,0,0,51,36,36,51,36,36,51,48,45,51,48,27,0,51,24,0,51,30,21,0,0,51,0,0,0,0,0
308,04/11/2020,1099059.0,47742.0,75.0,75.0,69.44,64.74,100.0,51,36,0,0,51,36,36,0,51,36,36,51,36,36,36,36,51,36,0,51,39,0,0,51,36,0,51,24,24,0,0,51,36,36,51,36,36,51,48,45,51,48,27,0,51,24,0,51,30,21,0,0,51,0,0,0,0,0
309,05/11/2020,1123197.0,48120.0,75.0,75.0,69.44,64.74,100.0,51,36,0,0,51,39,36,0,51,36,36,51,36,36,36,36,51,36,0,51,39,0,0,51,36,0,51,24,24,0,0,51,36,36,51,36,36,51,48,45,51,48,27,0,51,27,0,51,30,21,0,0,51,0,0,0,0,0
310,06/11/2020,1146484.0,48475.0,75.0,75.0,69.44,64.74,100.0,51,36,3,3,51,39,36,0,51,39,36,51,36,36,36,36,51,36,0,51,39,0,0,51,36,0,51,24,24,0,0,51,36,36,51,39,36,51,48,45,51,48,27,0,51,27,0,51,30,21,0,0,51,0,0,0,0,0
311,07/11/2020,1171441.0,48888.0,75.0,75.0,69.44,64.74,100.0,51,39,3,3,51,39,36,0,51,39,36,51,36,36,36,36,51,36,0,51,39,0,0,51,36,0,51,24,24,0,0,51,36,36,51,39,36,51,48,45,51,48,27,0,51,27,0,51,30,21,0,0,51,0,0,0,0,0
312,08/11/2020,1192013.0,49044.0,75.0,75.0,69.44,64.74,100.0,51,39,3,3,51,39,36,0,51,39,36,51,36,36,36,36,51,36,0,51,39,0,0,51,36,0,51,24,24,0,0,51,36,36,51,39,39,51,48,45,51,48,27,0,51,27,0,51,30,21,0,0,51,0,0,0,0,0
313,09/11/2020,1213363.0,49238.0,69.44,69.44,66.11,60.9,100.0,52,39,0,0,52,39,36,0,52,39,36,52,36,36,36,36,52,39,0,52,39,0,0,52,36,0,52,24,24,0,0,52,39,39,52,39,39,52,48,45,52,48,27,0,52,27,0,52,30,21,0,0,52,0,0,0,0,0
314,10/11/2020,1233775.0,49770.0,67.59,67.59,65.0,59.62,100.0,52,39,0,0,52,39,39,0,52,39,39,52,36,36,36,36,52,39,0,52,39,0,0,52,36,0,52,24,24,0,0,52,39,39,52,39,39,52,48,45,52,48,27,0,52,27,0,52,30,21,0,0,52,0,0,0,0,0
315,11/11/2020,1256725.0,50365.0,67.59,67.59,65.0,59.62,100.0,52,39,0,0,52,39,39,0,52,39,39,52,36,36,36,36,52,39,0,52,39,0,0,52,39,0,52,24,24,0,0,52,39,39,52,39,39,52,48,45,52,48,27,0,52,27,0,52,30,21,0,0,52,0,0,0,0,0
316,12/11/2020,1290195.0,50928.0,67.59,67.59,65.0,59.62,100.0,52,39,0,0,52,39,39,0,52,39,39,52,39,39,39,39,52,39,0,52,39,0,0,52,39,0,52,24,24,0,0,52,39,39,52,39,39,52,48,45,52,48,27,0,52,27,0,52,33,21,0,0,52,0,0,0,0,0
317,13/11/2020,1317496.0,51304.0,67.59,67.59,65.0,59.62,100.0,52,39,0,0,52,39,39,0,52,39,39,52,39,39,39,39,52,39,0,52,39,0,0,52,39,0,52,24,24,0,0,52,39,39,52,39,39,52,48,45,52,48,27,0,52,27,0,52,33,24,0,0,52,0,0,0,0,0
318,14/11/2020,1344356.0,51766.0,67.59,67.59,65.0,59.62,100.0,52,39,0,0,52,39,39,0,52,39,39,52,39,39,39,39,52,39,0,52,39,0,0,52,39,0,52,24,24,0,0,52,39,39,52,39,39,52,48,48,52,48,30,0,52,27,0,52,33,24,0,0,52,0,0,0,0,0
319,15/11/2020,1369318.0,51934.0,67.59,67.59,65.0,59.62,100.0,53,39,0,0,53,39,39,0,53,39,39,53,39,39,39,39,53,39,0,53,39,0,0,53,39,0,53,24,24,0,0,53,39,39,53,39,39,53,48,48,53,48,30,0,53,27,0,53,33,24,0,0,53,0,0,0,0,0
320,16/11/2020,1390681.0,52147.0,67.59,67.59,65.0,59.62,100.0,53,39,0,0,53,39,39,0,53,39,39,53,39,39,39,39,53,39,0,53,39,0,0,53,39,0,53,24,24,0,0,53,39,39,53,39,39,53,48,48,53,48,30,0,53,27,0,53,33,24,0,0,53,0,0,0,0,0
321,17/11/2020,1410732.0,52745.0,67.59,67.59,65.0,59.62,100.0,53,39,0,0,53,39,39,0,53,39,39,53,39,39,39,39,53,39,0,53,39,0,0,53,39,0,53,27,27,0,0,53,39,39,53,39,39,53,48,48,53,48,30,0,53,27,0,53,33,24,0,0,53,0,0,0,0,0
322,18/11/2020,1430341.0,53274.0,67.59,67.59,65.0,59.62,100.0,53,39,0,0,53,39,39,0,53,39,39,53,39,39,39,39,53,39,0,53,39,0,0,53,39,0,53,27,27,0,0,53,39,39,53,39,39,53,48,48,53,48,30,0,53,27,0,53,33,24,0,0,53,0,0,0,0,0
323,19/11/2020,1453256.0,53775.0,67.59,67.59,65.0,59.62,100.0,53,39,0,0,53,39,39,0,53,39,39,53,39,39,39,39,53,39,0,53,39,0,0,53,39,0,53,27,27,0,0,53,39,39,53,39,39,53,48,48,53,48,30,0,53,27,0,53,33,24,0,0,53,0,0,0,0,0
324,20/11/2020,1473508.0,54286.0,70.37,70.37,66.67,61.54,100.0,53,39,0,0,53,39,39,0,53,39,39,53,39,39,39,39,53,39,0,53,42,0,0,53,39,3,53,27,27,0,0,53,39,39,53,39,39,53,48,48,53,48,30,0,53,27,0,53,33,24,0,0,53,0,0,0,0,0
325,21/11/2020,1493383.0,54626.0,70.37,70.37,66.67,61.54,100.0,54,39,0,0,54,39,39,0,54,39,39,54,39,39,39,39,54,39,0,54,42,0,0,54,39,3,54,27,27,0,0,54,39,39,54,39,39,54,51,48,54,51,30,0,54,27,0,54,33,24,0,0,54,0,0,0,0,0
326,22/11/2020,1512045.0,55024.0,70.37,70.37,66.67,61.54,100.0,54,39,0,0,54,39,39,0,54,39,39,54,39,39,39,39,54,39,0,54,42,0,0,54,39,3,54,27,27,0,0,54,39,39,54,39,39,54,51,48,54,51,30,0,54,27,0,54,33,24,0,0,54,0,0,0,0,0
327,23/11/2020,1527495.0,55230.0,70.37,70.37,66.67,61.54,100.0,54,39,0,0,54,42,39,0,54,39,39,54,39,39,39,39,54,39,0,54,42,0,0,54,39,3,54,27,27,0,0,54,39,39,54,39,39,54,51,48,54,51,30,0,54,30,0,54,33,24,0,0,54,0,0,0,0,0
328,24/11/2020,1538794.0,55838.0,70.37,70.37,66.67,61.54,100.0,54,39,0,0,54,42,39,0,54,42,39,54,39,39,39,39,54,39,0,54,42,0,0,54,39,0,54,27,27,3,0,54,39,39,54,42,39,54,51,48,54,51,30,0,54,30,0,54,33,24,0,0,54,0,0,0,0,0
329,25/11/2020,1557007.0,56533.0,70.37,70.37,66.67,61.54,100.0,54,42,0,0,54,42,39,0,54,42,39,54,39,39,39,39,54,39,0,54,42,0,0,54,39,0,54,27,27,3,0,54,39,39,54,42,39,54,51,48,54,51,30,0,54,30,0,54,33,24,0,0,54,0,0,0,0,0
330,26/11/2020,1574562.0,57031.0,70.37,70.37,66.67,61.54,100.0,54,42,0,0,54,42,39,0,54,42,39,54,39,39,39,39,54,39,0,54,42,0,0,54,39,0,54,27,27,3,0,54,39,39,54,42,42,54,51,48,54,51,30,0,54,30,0,54,33,24,0,0,54,0,0,0,0,0
331,27/11/2020,1589301.0,57551.0,70.37,70.37,66.67,61.54,100.0,55,42,0,0,55,42,39,0,55,42,39,55,39,39,39,39,55,42,0,55,42,0,0,55,39,0,55,27,27,3,0,55,42,42,55,42,42,55,51,48,55,51,30,0,55,30,0,55,33,24,0,0,55,0,0,0,0,0
332,28/11/2020,1605172.0,58030.0,70.37,70.37,66.67,61.54,100.0,55,42,0,0,55,42,42,0,55,42,42,55,39,39,39,39,55,42,0,55,42,0,0,55,39,0,55,27,27,3,0,55,42,42,55,42,42,55,51,48,55,51,30,0,55,30,0,55,33,24,0,0,55,0,0,0,0,0
333,29/11/2020,1617327.0,58245.0,70.37,70.37,66.67,61.54,100.0,55,42,0,0,55,42,42,0,55,42,42,55,39,39,39,39,55,42,0,55,42,0,0,55,42,0,55,27,27,3,0,55,42,42,55,42,42,55,51,48,55,51,30,0,55,30,0,55,33,24,0,0,55,0,0,0,0,0
334,30/11/2020,1629657.0,58448.0,70.37,70.37,66.67,61.54,100.0,55,42,0,0,55,42,42,0,55,42,42,55,42,42,42,42,55,42,0,55,42,0,0,55,42,0,55,27,27,3,0,55,42,42,55,42,42,55,51,48,55,51,30,0,55,30,0,55,36,24,0,0,55,0,0,0,0,0
335,01/12/2020,1643086.0,59051.0,70.37,70.37,66.67,61.54,100.0,55,42,0,0,55,42,42,0,55,42,42,55,42,42,42,42,55,42,0,55,42,0,0,55,42,0,55,27,27,3,0,55,42,42,55,42,42,55,51,48,55,51,30,0,55,30,0,55,36,27,0,0,55,0,0,0,0,0
336,02/12/2020,1659256.0,59699.0,70.37,70.37,66.67,61.54,100.0,55,42,0,0,55,42,42,0,55,42,42,55,42,42,42,42,55,42,0,55,42,0,0,55,42,0,55,27,27,3,0,55,42,42,55,42,42,55,51,51,55,51,33,0,55,30,0,55,36,27,0,0,55,0,0,0,0,0
337,03/12/2020,1674134.0,60113.0,63.89,63.89,62.78,57.05,100.0,56,42,0,0,56,42,42,0,56,42,42,56,42,42,42,42,56,42,0,56,0,0,0,56,42,0,56,27,27,0,0,56,42,42,56,42,42,56,51,51,56,51,33,0,56,30,0,56,36,27,0,0,56,0,0,0,0,0
338,04/12/2020,1690432.0,60617.0,63.89,63.89,62.78,57.05,100.0,56,42,0,0,56,42,42,0,56,42,42,56,42,42,42,42,56,42,0,56,0,0,0,56,42,0,56,27,27,0,0,56,42,42,56,42,42,56,51,51,56,51,33,0,56,30,0,56,36,27,0,0,56,0,0,0,0,0
339,05/12/2020,1705971.0,61014.0,63.89,63.89,62.78,57.05,100.0,56,42,0,0,56,42,42,0,56,42,42,56,42,42,42,42,56,42,0,56,0,0,0,56,42,0,56,30,30,0,0,56,42,42,56,42,42,56,51,51,56,51,33,0,56,30,0,56,36,27,0,0,56,0,0,0,0,0
340,06/12/2020,1723242.0,61245.0,63.89,63.89,62.78,57.05,100.0,56,42,0,0,56,42,42,0,56,42,42,56,42,42,42,42,56,42,0,56,0,0,0,56,42,0,56,30,30,0,0,56,42,42,56,42,42,56,51,51,56,51,33,0,56,30,0,56,36,27,0,0,56,0,0,0,0,0
341,07/12/2020,1737960.0,61434.0,63.89,63.89,62.78,57.05,100.0,56,42,0,0,56,42,42,0,56,42,42,56,42,42,42,42,56,42,0,56,0,0,0,56,42,0,56,30,30,0,0,56,42,42,56,42,42,56,51,51,56,51,33,0,56,30,0,56,36,27,0,0,56,0,0,0,0,0
342,08/12/2020,1750241.0,62033.0,67.59,67.59,69.0,64.23,100.0,56,42,0,0,56,42,42,0,56,42,42,56,42,42,42,42,56,42,0,56,45,0,0,56,42,6,56,30,30,0,0,56,42,42,56,42,42,56,51,51,56,51,33,0,56,30,0,56,36,27,0,0,56,0,0,0,0,0
343,09/12/2020,1766819.0,62566.0,67.59,67.59,69.0,64.23,100.0,57,42,0,0,57,42,42,0,57,42,42,57,42,42,42,42,57,42,0,57,45,0,0,57,42,6,57,30,30,0,0,57,42,42,57,42,42,57,54,51,57,54,33,0,57,30,0,57,36,27,0,0,57,0,0,0,0,0
344,10/12/2020,1787783.0,63082.0,67.59,67.59,69.0,64.23,100.0,57,42,0,0,57,42,42,0,57,42,42,57,42,42,42,42,57,42,0,57,45,0,0,57,42,6,57,30,30,0,0,57,42,42,57,42,42,57,54,51,57,54,33,0,57,30,0,57,36,27,0,0,57,0,0,0,0,0
345,11/12/2020,1809455.0,63506.0,67.59,67.59,69.0,64.23,100.0,57,42,0,0,57,45,42,0,57,42,42,57,42,42,42,42,57,42,0,57,45,0,0,57,42,6,57,30,30,0,0,57,42,42,57,42,42,57,54,51,57,54,33,0,57,33,0,57,36,27,0,0,57,0,0,0,0,0
346,12/12/2020,1830956.0,64026.0,67.59,67.59,69.0,64.23,100.0,57,42,0,0,57,45,42,0,57,45,42,57,42,42,42,42,57,42,0,57,45,0,0,57,42,3,57,30,30,0,0,57,42,42,57,45,42,57,54,51,57,54,33,0,57,33,0,57,36,27,0,0,57,0,0,0,0,0
347,13/12/2020,1849403.0,64170.0,67.59,67.59,69.0,64.23,100.0,57,45,0,0,57,45,42,0,57,45,42,57,42,42,42,42,57,42,0,57,45,0,0,57,42,3,57,30,30,0,0,57,42,42,57,45,42,57,54,51,57,54,33,0,57,33,0,57,36,27,0,0,57,0,0,0,0,0
348,14/12/2020,1869666.0,64402.0,69.44,69.44,70.11,65.51,100.0,57,45,0,0,57,45,42,0,57,45,42,57,42,42,42,42,57,42,0,57,45,0,0,57,42,3,57,30,30,0,0,57,42,42,57,45,45,57,54,51,57,54,33,0,57,33,0,57,36,27,0,0,57,0,0,0,0,0
349,15/12/2020,1888116.0,64908.0,69.44,69.44,70.11,65.51,100.0,58,45,0,0,58,45,42,0,58,45,42,58,42,42,42,42,58,45,0,58,45,0,0,58,42,3,58,30,30,0,0,58,45,45,58,45,45,58,54,51,58,54,33,0,58,33,0,58,36,27,0,0,58,0,0,0,0,0
350,16/12/2020,1913277.0,65520.0,69.44,69.44,70.11,65.51,100.0,58,45,0,0,58,45,45,0,58,45,45,58,42,42,42,42,58,45,0,58,45,0,0,58,42,3,58,30,30,0,0,58,45,45,58,45,45,58,54,51,58,54,33,0,58,33,0,58,36,27,0,0,58,0,0,0,0,0
351,17/12/2020,1948660.0,66052.0,69.44,69.44,73.44,69.36,100.0,58,45,0,0,58,45,45,0,58,45,45,58,42,42,42,42,58,45,0,58,45,0,0,58,45,3,58,30,30,0,0,58,45,45,58,45,45,58,54,51,58,54,33,0,58,33,0,58,36,27,0,0,58,0,0,0,0,0
352,18/12/2020,1977167.0,66541.0,69.44,69.44,73.44,69.36,100.0,58,45,0,0,58,45,45,0,58,45,45,58,45,45,45,45,58,45,0,58,45,0,0,58,45,3,58,30,30,0,0,58,45,45,58,45,45,58,54,51,58,54,33,0,58,33,0,58,39,27,0,0,58,0,0,0,0,0
353,19/12/2020,2004219.0,67075.0,73.15,73.15,75.67,71.92,100.0,58,45,0,0,58,45,45,0,58,45,45,58,45,45,45,45,58,45,0,58,45,0,0,58,45,3,58,30,30,0,0,58,45,45,58,45,45,58,54,51,58,54,33,0,58,33,0,58,39,30,0,0,58,0,0,0,0,0
354,20/12/2020,2040147.0,67401.0,73.15,73.15,75.67,71.92,100.0,58,45,0,0,58,45,45,0,58,45,45,58,45,45,45,45,58,45,0,58,45,0,0,58,45,3,58,30,30,0,0,58,45,45,58,45,45,58,54,54,58,54,36,0,58,33,0,58,39,30,0,0,58,0,0,0,0,0
355,21/12/2020,2073511.0,67616.0,73.15,73.15,75.67,71.92,100.0,59,45,0,0,59,45,45,0,59,45,45,59,45,45,45,45,59,45,0,59,0,0,0,59,45,3,59,30,30,0,0,59,45,45,59,45,45,59,54,54,59,54,36,0,59,33,0,59,39,30,0,0,59,0,0,0,0,0
356,22/12/2020,2110314.0,68307.0,73.15,73.15,75.67,71.92,100.0,59,45,0,0,59,45,45,0,59,45,45,59,45,45,45,45,59,45,0,59,0,0,0,59,45,3,59,30,30,0,0,59,45,45,59,45,45,59,54,54,59,54,36,0,59,33,0,59,39,30,0,0,59,0,0,0,0,0
357,23/12/2020,2149551.0,69051.0,73.15,73.15,75.67,71.92,100.0,59,45,0,0,59,45,45,0,59,45,45,59,45,45,45,45,59,45,0,59,0,0,0,59,45,3,59,33,33,0,0,59,45,45,59,45,45,59,54,54,59,54,36,0,59,33,0,59,39,30,0,0,59,0,0,0,0,0
358,24/12/2020,2188587.0,69625.0,75.93,75.93,77.33,73.85,100.0,59,45,0,0,59,45,45,0,59,45,45,59,45,45,45,45,59,45,0,59,0,0,0,59,45,3,59,33,33,0,0,59,45,45,59,45,45,59,54,54,59,54,36,0,59,33,0,59,39,30,0,0,59,0,0,0,0,0
359,25/12/2020,2221312.0,70195.0,71.76,71.76,74.83,70.96,100.0,59,45,0,0,59,45,45,0,59,45,45,59,45,45,45,0,59,45,0,59,0,0,0,59,45,3,59,33,33,0,0,59,45,45,59,45,45,59,54,54,59,54,36,0,59,33,0,59,39,30,0,0,59,0,0,0,0,0
360,26/12/2020,2256005.0,70405.0,75.93,75.93,77.33,73.85,100.0,59,45,0,0,59,45,45,0,59,45,45,59,45,45,45,45,59,45,0,59,48,0,0,59,45,9,59,33,33,0,0,59,45,45,59,45,45,59,54,54,59,54,36,0,59,33,0,59,39,30,0,0,59,3,3,3,0,0
361,27/12/2020,2288345.0,70752.0,75.93,75.93,77.33,73.85,100.0,60,45,0,0,60,45,45,0,60,45,45,60,45,45,45,45,60,45,0,60,48,0,0,60,45,9,60,33,33,0,0,60,45,45,60,45,45,60,57,54,60,57,36,0,60,33,0,60,39,30,0,0,60,3,3,3,0,0
362,28/12/2020,2329730.0,71109.0,75.93,75.93,77.33,73.85,100.0,60,45,0,0,60,45,45,0,60,45,45,60,45,45,45,45,60,45,0,60,48,0,0,60,45,9,60,33,33,0,0,60,45,45,60,45,45,60,57,54,60,57,36,0,60,33,0,60,39,30,0,0,60,3,3,3,0,0
363,29/12/2020,2382865.0,71567.0,75.93,75.93,77.33,73.85,100.0,60,45,0,0,60,48,45,0,60,45,45,60,45,45,45,45,60,45,0,60,48,0,0,60,45,9,60,33,33,0,0,60,45,45,60,45,45,60,57,54,60,57,36,0,60,36,0,60,39,30,0,0,60,3,3,3,0,0
364,30/12/2020,2432888.0,72548.0,75.93,75.93,77.33,73.85,100.0,60,45,0,0,60,48,45,0,60,48,45,60,45,45,45,45,60,45,0,60,48,0,0,60,45,6,60,33,33,0,0,60,45,45,60,48,45,60,57,54,60,57,36,0,60,36,0,60,39,30,0,0,60,3,3,3,0,0
365,31/12/2020,2488780.0,73512.0,75.93,75.93,77.33,73.85,100.0,60,48,0,0,60,48,45,0,60,48,45,60,45,45,45,45,60,45,0,60,48,0,0,60,45,6,60,33,33,0,0,60,45,45,60,48,45,60,57,54,60,57,36,0,60,36,0,60,39,30,0,0,60,3,3,3,0,0
366,01/01/2021,2542065.0,74125.0,75.93,75.93,77.33,73.85,100.0,60,48,3,0,60,48,45,0,60,48,45,60,45,45,45,45,60,45,0,60,48,0,0,60,45,6,60,33,33,0,0,60,45,45,60,48,48,60,57,54,60,57,36,0,60,36,0,60,39,30,0,0,60,3,3,3,0,0
367,02/01/2021,2599789.0,74570.0,75.93,75.93,77.33,73.85,100.0,61,48,3,0,61,48,45,0,61,48,45,61,45,45,45,45,61,48,0,61,48,0,0,61,45,6,61,33,33,0,0,61,48,48,61,48,48,61,57,54,61,57,36,0,61,36,0,61,39,30,0,0,61,3,3,3,0,0
368,03/01/2021,2654779.0,75024.0,75.93,75.93,77.33,73.85,100.0,61,48,3,0,61,48,48,0,61,48,48,61,45,45,45,45,61,48,0,61,48,0,0,61,45,6,61,33,33,0,0,61,48,48,61,48,48,61,57,54,61,57,36,0,61,36,0,61,39,30,0,0,61,3,3,3,0,0
369,04/01/2021,2713563.0,75431.0,75.93,75.93,77.33,73.85,100.0,61,48,3,0,61,48,48,0,61,48,48,61,45,45,45,45,61,48,0,61,48,0,0,61,48,6,61,33,33,0,0,61,48,48,61,48,48,61,57,54,61,57,36,0,61,36,3,61,39,30,0,0,61,3,3,3,0,0
370,05/01/2021,2774479.0,76305.0,79.63,79.63,79.56,76.41,100.0,61,48,3,0,61,48,48,0,61,48,48,61,48,48,48,48,61,48,0,61,48,0,0,61,48,6,61,33,33,0,0,61,48,48,61,48,48,61,57,54,61,57,36,0,61,36,3,61,42,30,0,0,61,3,3,3,0,0
371,06/01/2021,2836801.0,77346.0,79.63,79.63,79.56,76.41,100.0,61,48,3,0,61,48,48,3,61,48,48,61,48,48,48,48,61,48,0,61,48,3,0,61,48,6,61,33,33,0,0,61,48,48,61,48,48,61,57,54,61,57,36,0,61,36,3,61,42,33,0,0,61,3,3,3,0,0
372,07/01/2021,2889419.0,78508.0,79.63,79.63,79.56,76.41,100.0,61,48,3,0,61,48,48,3,61,48,48,61,48,48,48,48,61,48,0,61,48,3,0,61,48,6,61,33,33,0,0,61,48,48,61,48,48,61,57,57,61,57,39,0,61,36,3,61,42,33,0,0,61,3,3,3,0,0
373,08/01/2021,2957472.0,79833.0,79.63,79.63,79.56,76.41,100.0,62,48,3,0,62,48,48,3,62,48,48,62,48,48,48,48,62,48,0,62,3,3,0,62,48,6,62,33,33,0,0,62,48,48,62,48,48,62,57,57,62,57,39,0,62,36,3,62,42,33,0,0,62,3,3,3,0,0
374,09/01/2021,3017409.0,80868.0,79.63,79.63,79.56,76.41,100.0,62,48,3,0,62,48,48,3,62,48,48,62,48,48,48,48,62,48,0,62,3,3,0,62,48,6,62,33,33,0,0,62,48,48,62,48,48,62,57,57,62,57,39,0,62,36,3,62,42,33,0,0,62,3,3,3,0,0
375,10/01/2021,3072349.0,81431.0,79.63,79.63,79.56,76.41,100.0,62,48,3,0,62,48,48,3,62,48,48,62,48,48,48,48,62,48,0,62,3,3,0,62,48,6,62,36,36,0,0,62,48,48,62,48,48,62,57,57,62,57,39,0,62,36,3,62,42,33,0,0,62,3,3,3,0,0
376,11/01/2021,3118518.0,81960.0,79.63,79.63,79.56,76.41,100.0,62,48,3,0,62,48,48,3,62,48,48,62,48,48,48,48,62,48,0,62,3,3,0,62,48,6,62,36,36,3,0,62,48,48,62,48,48,62,57,57,62,57,39,0,62,36,3,62,42,33,0,0,62,3,3,3,0,0
377,12/01/2021,3164051.0,83203.0,79.63,79.63,79.56,76.41,100.0,62,48,3,0,62,48,48,3,62,48,48,62,48,48,48,0,62,48,0,62,3,3,0,62,48,6,62,36,36,3,0,62,48,48,62,48,48,62,57,57,62,57,39,0,62,36,3,62,42,33,0,0,62,3,3,3,0,0
378,13/01/2021,3211576.0,84767.0,79.63,79.63,79.56,76.41,100.0,62,48,3,0,62,48,48,3,62,48,48,62,48,48,48,48,62,48,0,62,51,3,0,62,48,12,62,36,36,3,0,62,48,48,62,48,48,62,57,57,62,57,39,0,62,36,3,62,42,33,0,0,62,6,6,6,0,0
