,Date,E3_Fiscal measures,E4_International support,H4_Emergency investment in healthcare,H5_Investment in vaccines,H6_Facial Coverings,ConfirmedCases,ConfirmedDeaths,StringencyIndexForDisplay,StringencyLegacyIndexForDisplay,GovernmentResponseIndexForDisplay,ContainmentHealthIndexForDisplay,EconomicSupportIndexForDisplay,US_to_UK,C1_School closing (0),C1_School closing (1),C1_School closing (2),C1_School closing (3),C2_Workplace closing (0),C2_Workplace closing (1),C2_Workplace closing (2),C2_Workplace closing (3),C3_Cancel public events (0),C3_Cancel public events (1),C3_Cancel public events (2),C4_Restrictions on gatherings (0),C4_Restrictions on gatherings (1),C4_Restrictions on gatherings (2),C4_Restrictions on gatherings (3),C4_Restrictions on gatherings (4),C5_Close public transport (0),C5_Close public transport (1),C5_Close public transport (2),C6_Stay at home requirements (0),C6_Stay at home requirements (1),C6_Stay at home requirements (2),C6_Stay at home requirements (3),C7_Restrictions on internal movement (0),C7_Restrictions on internal movement (1),C7_Restrictions on internal movement (2),C8_International travel controls (0),C8_International travel controls (1),C8_International travel controls (2),C8_International travel controls (3),C8_International travel controls (4),E1_Income support (0),E1_Income support (1),E1_Income support (2),E2_Debt/contract relief (0),E2_Debt/contract relief (1),E2_Debt/contract relief (2),H1_Public information campaigns (0),H1_Public information campaigns (1),H1_Public information campaigns (2),H2_Testing policy (0),H2_Testing policy (1),H2_Testing policy (2),H2_Testing policy (3),H3_Contact tracing (0),H3_Contact tracing (1),H3_Contact tracing (2),H6_Facial Covering_National (0),H6_Facial Covering_National (1),H6_Facial Covering_National (2),H6_Facial Covering_National (3),H6_Facial Covering_National (4),H6_Facial Covering_Regional (0),H6_Facial Covering_Regional (1),H6_Facial Covering_Regional (2),H6_Facial Covering_Regional (3),H6_Facial Covering_Regional (4),H7_Vaccination policy (0),H7_Vaccination policy (1),H7_Vaccination policy (2),H7_Vaccination policy (3),H7_Vaccination policy (4),H7_Vaccination policy (5)
1,02/01/2020,0,0,0,0,0,0,0,0,0,0,0,0,-0.004539444,0,0,0,0,0,0,0,0,0,0,0,0,0,0,0,0,0,0,0,0,0,0,0,0,0,0,0,0,0,0,0,0,0,0,0,0,0,0,0,0,0,0,0,0,0,0,0,0,0,0,0,0,0,0,0,0,0,0,0,0,0,0,0
2,03/01/2020,0,0,0,0,0,0,0,0,0,0,0,0,-0.008873375,0,0,0,0,0,0,0,0,0,0,0,0,0,0,0,0,0,0,0,0,0,0,0,0,0,0,0,0,0,0,0,0,0,0,0,0,0,0,0,0,0,0,0,0,0,0,0,0,0,0,0,0,0,0,0,0,0,0,0,0,0,0,0
3,04/01/2020,0,0,0,0,0,0,0,0,0,0,0,0,-0.00447094,0,0,0,0,0,0,0,0,0,0,0,0,0,0,0,0,0,0,0,0,0,0,0,0,0,0,0,0,0,0,0,0,0,0,0,0,0,0,0,0,0,0,0,0,0,0,0,0,0,0,0,0,0,0,0,0,0,0,0,0,0,0,0
4,05/01/2020,0,0,0,0,0,0,0,0,0,0,0,0,-0.005961253,0,0,0,0,0,0,0,0,0,0,0,0,0,0,0,0,0,0,0,0,0,0,0,0,0,0,0,0,0,0,0,0,0,0,0,0,0,0,0,0,0,0,0,0,0,0,0,0,0,0,0,0,0,0,0,0,0,0,0,0,0,0,0
5,06/01/2020,0,0,0,0,0,0,0,0,0,0,0,0,0.00678589,0,0,0,0,0,0,0,0,0,0,0,0,0,0,0,0,0,0,0,0,0,0,0,0,0,0,0,0,0,0,0,0,0,0,0,0,0,0,0,0,0,0,0,0,0,0,0,0,0,0,0,0,0,0,0,0,0,0,0,0,0,0,0
6,07/01/2020,0,0,0,0,0,0,0,0,0,0,0,0,-0.003006033,0,0,0,0,0,0,0,0,0,0,0,0,0,0,0,0,0,0,0,0,0,0,0,0,0,0,0,0,0,0,0,0,0,0,0,0,0,0,0,0,0,0,0,0,0,0,0,0,0,0,0,0,0,0,0,0,0,0,0,0,0,0,0
7,08/01/2020,0,0,0,0,0,0,0,0,0,0,0,0,-0.001640001,1,0,0,0,1,0,0,0,1,0,0,1,0,0,0,0,1,0,0,1,0,0,0,1,0,0,1,0,0,0,0,1,0,0,1,0,0,1,0,0,1,0,0,0,1,0,0,1,0,0,0,0,1,0,0,0,0,1,0,0,0,0,0
8,09/01/2020,0,0,0,0,0,0,0,0,0,0,0,0,-0.003901026,1,0,0,0,1,0,0,0,1,0,0,1,0,0,0,0,1,0,0,1,0,0,0,1,0,0,1,0,0,0,0,1,0,0,1,0,0,1,0,0,1,0,0,0,1,0,0,1,0,0,0,0,1,0,0,0,0,1,0,0,0,0,0
9,10/01/2020,0,0,0,0,0,0,0,0,0,0,0,0,0.000957543,1,0,0,0,1,0,0,0,1,0,0,1,0,0,0,0,1,0,0,1,0,0,0,1,0,0,1,0,0,0,0,1,0,0,1,0,0,1,0,0,1,0,0,0,1,0,0,1,0,0,0,0,1,0,0,0,0,1,0,0,0,0,0
10,11/01/2020,0,0,0,0,0,0,0,0,0,0,0,0,-0.001527828,1,0,0,0,1,0,0,0,1,0,0,1,0,0,0,0,1,0,0,1,0,0,0,1,0,0,1,0,0,0,0,1,0,0,1,0,0,1,0,0,1,0,0,0,1,0,0,1,0,0,0,0,1,0,0,0,0,1,0,0,0,0,0
11,12/01/2020,0,0,0,0,0,0,0,0,0,0,0,0,-0.001490437,1,0,0,0,1,0,0,0,1,0,0,1,0,0,0,0,1,0,0,1,0,0,0,1,0,0,1,0,0,0,0,1,0,0,1,0,0,1,0,0,1,0,0,0,1,0,0,1,0,0,0,0,1,0,0,0,0,1,0,0,0,0,0
12,13/01/2020,0,0,0,0,0,0,0,0,0,0,0,0,-0.006336792,1,0,0,0,1,0,0,0,1,0,0,1,0,0,0,0,1,0,0,1,0,0,0,1,0,0,1,0,0,0,0,1,0,0,1,0,0,1,0,0,1,0,0,0,1,0,0,1,0,0,0,0,1,0,0,0,0,1,0,0,0,0,0
13,14/01/2020,0,0,0,0,0,0,0,0,0,0,0,0,0.002424244,2,0,0,0,2,0,0,0,2,0,0,2,0,0,0,0,2,0,0,2,0,0,0,2,0,0,2,0,0,0,0,2,0,0,2,0,0,2,0,0,2,0,0,0,2,0,0,2,0,0,0,0,2,0,0,0,0,2,0,0,0,0,0
14,15/01/2020,0,0,0,0,0,0,0,0,0,0,0,0,0.001152339,2,0,0,0,2,0,0,0,2,0,0,2,0,0,0,0,2,0,0,2,0,0,0,2,0,0,2,0,0,0,0,2,0,0,2,0,0,2,0,0,2,0,0,0,2,0,0,2,0,0,0,0,2,0,0,0,0,2,0,0,0,0,0
15,16/01/2020,0,0,0,0,0,0,0,0,0,0,0,0,0.003181237,2,0,0,0,2,0,0,0,2,0,0,2,0,0,0,0,2,0,0,2,0,0,0,2,0,0,2,0,0,0,0,2,0,0,2,0,0,2,0,0,2,0,0,0,2,0,0,2,0,0,0,0,2,0,0,0,0,2,0,0,0,0,0
16,17/01/2020,0,0,0,0,0,0,0,0,0,0,0,0,-0.002682302,2,0,0,0,2,0,0,0,2,0,0,2,0,0,0,0,2,0,0,2,0,0,0,2,0,0,2,0,0,0,0,2,0,0,2,0,0,2,0,0,2,0,0,0,2,0,0,2,0,0,0,0,2,0,0,0,0,2,0,0,0,0,0
17,18/01/2020,0,0,0,0,0,0,0,0,0,0,0,0,0.000550425,2,0,0,0,2,0,0,0,2,0,0,2,0,0,0,0,2,0,0,2,0,0,0,2,0,0,2,0,0,0,0,2,0,0,2,0,0,2,0,0,2,0,0,0,2,0,0,2,0,0,0,0,2,0,0,0,0,2,0,0,0,0,0
18,19/01/2020,0,0,0,0,0,0,0,0,0,0,0,0,0.000349787,2,0,0,0,2,0,0,0,2,0,0,2,0,0,0,0,2,0,0,2,0,0,0,2,0,0,2,0,0,0,0,2,0,0,2,0,0,2,0,0,2,0,0,0,2,0,0,2,0,0,0,0,2,0,0,0,0,2,0,0,0,0,0
19,20/01/2020,0,0,0,0,0,0,0,5.56,9.52,5.56,6.41,0,-0.002574103,3,0,0,0,3,0,0,0,3,0,0,3,0,0,0,0,3,0,0,3,0,0,0,3,0,0,3,0,0,0,0,3,0,0,3,0,0,3,0,0,3,0,0,0,3,0,0,3,0,0,0,0,3,0,0,0,0,3,0,0,0,0,0
20,21/01/2020,0,0,0,0,0,0,0,5.56,9.52,5.56,6.41,0,0.004797093,3,0,0,0,3,0,0,0,3,0,0,3,0,0,0,0,3,0,0,3,0,0,0,3,0,0,3,0,0,0,0,3,0,0,3,0,0,3,0,0,3,0,0,0,3,0,0,3,0,0,0,0,3,0,0,0,0,3,0,0,0,0,0
21,22/01/2020,0,0,0,0,0,0,0,5.56,9.52,5.56,6.41,0,0.00614494,3,0,0,0,3,0,0,0,3,0,0,3,0,0,0,0,3,0,0,3,0,0,0,3,0,0,3,0,0,0,0,3,0,0,3,0,0,3,0,0,3,0,0,0,3,0,0,3,0,0,0,0,3,0,0,0,0,3,0,0,0,0,0
22,23/01/2020,0,0,0,0,0,0,0,5.56,9.52,5.56,6.41,0,-0.001599391,3,0,0,0,3,0,0,0,3,0,0,3,0,0,0,0,3,0,0,3,0,0,0,3,0,0,3,0,0,0,0,3,0,0,3,0,0,3,0,0,3,0,0,0,3,0,0,3,0,0,0,0,3,0,0,0,0,3,0,0,0,0,0
23,24/01/2020,0,0,0,0,0,0,0,5.56,9.52,5.56,6.41,0,-0.003933179,3,0,0,0,3,0,0,0,3,0,0,3,0,0,0,0,3,0,0,3,0,0,0,3,0,0,3,0,0,0,0,3,0,0,3,0,0,3,0,0,3,0,0,0,3,0,0,3,0,0,0,0,3,0,0,0,0,3,0,0,0,0,0
24,25/01/2020,0,0,0,0,0,0,0,5.56,9.52,5.56,6.41,0,0.000204123,3,0,0,0,3,0,0,0,3,0,0,3,0,0,0,0,3,0,0,3,0,0,0,3,0,0,3,0,0,0,0,3,0,0,3,0,0,3,0,0,3,0,0,0,3,0,0,3,0,0,0,0,3,0,0,0,0,3,0,0,0,0,0
25,26/01/2020,0,0,0,0,0,0,0,5.56,9.52,5.56,6.41,0,-0.001776149,4,0,0,0,4,0,0,0,4,0,0,4,0,0,0,0,4,0,0,4,0,0,0,4,0,0,4,0,0,0,0,4,0,0,4,0,0,4,0,0,4,0,0,0,4,0,0,4,0,0,0,0,4,0,0,0,0,4,0,0,0,0,0
26,27/01/2020,0,0,0,0,0,0,0,5.56,9.52,5.56,6.41,0,-0.000956993,4,0,0,0,4,0,0,0,4,0,0,4,0,0,0,0,4,0,0,4,0,0,0,4,0,0,4,0,0,0,0,4,0,0,4,0,0,4,0,0,4,0,0,0,4,0,0,4,0,0,0,0,4,0,0,0,0,4,0,0,0,0,0
27,28/01/2020,0,0,0,0,0,0,0,5.56,9.52,5.56,6.41,0,-0.005645718,4,0,0,0,4,0,0,0,4,0,0,4,0,0,0,0,4,0,0,4,0,0,0,4,0,0,4,0,0,0,0,4,0,0,4,0,0,4,0,0,4,0,0,0,4,0,0,4,0,0,0,0,4,0,0,0,0,4,0,0,0,0,0
28,29/01/2020,0,0,0,0,0,0,0,5.56,9.52,5.56,6.41,0,0.001539409,4,0,0,0,4,0,0,0,4,0,0,4,0,0,0,0,4,0,0,4,0,0,0,4,0,0,4,0,0,0,0,4,0,0,4,0,0,4,0,0,4,0,0,0,4,0,0,4,0,0,0,0,4,0,0,0,0,4,0,0,0,0,0
29,30/01/2020,0,0,0,0,0,0,0,5.56,9.52,5.56,6.41,0,0.007623536,4,0,0,0,4,0,0,0,4,0,0,4,0,0,0,0,4,0,0,4,0,0,0,4,0,0,4,0,0,0,0,4,0,0,4,0,0,4,0,0,4,0,0,0,4,0,0,4,0,0,0,0,4,0,0,0,0,4,0,0,0,0,0
30,31/01/2020,0,0,0,0,0,2,0,8.33,9.52,13.89,16.03,0,0.006125535,4,0,0,0,4,0,0,0,4,0,0,4,0,0,0,0,4,0,0,4,0,0,0,4,0,0,4,0,0,0,0,4,0,0,4,0,0,4,0,0,4,0,0,0,4,0,0,4,0,0,0,0,4,0,0,0,0,4,0,0,0,0,0
31,01/02/2020,0,0,0,0,0,2,0,8.33,9.52,13.89,16.03,0,0.00509616,5,0,0,0,5,0,0,0,5,0,0,5,0,0,0,0,5,0,0,5,0,0,0,5,0,0,5,0,0,0,0,5,0,0,5,0,0,5,0,0,5,0,0,0,5,0,0,5,0,0,0,0,5,0,0,0,0,5,0,0,0,0,0
32,02/02/2020,0,0,0,0,0,2,0,11.11,14.29,15.56,17.95,0,0.006281744,5,0,0,0,5,0,0,0,5,0,0,5,0,0,0,0,5,0,0,5,0,0,0,5,0,0,5,0,0,0,0,5,0,0,5,0,0,5,0,0,5,0,0,0,5,0,0,5,0,0,0,0,5,0,0,0,0,5,0,0,0,0,0
33,03/02/2020,0,0,0,26014287.82,0,8,0,11.11,14.29,15.56,17.95,0,-0.012864982,5,0,0,0,5,0,0,0,5,0,0,5,0,0,0,0,5,0,0,5,0,0,0,5,0,0,5,0,0,0,0,5,0,0,5,0,0,5,0,0,5,0,0,0,5,0,0,5,0,0,0,0,5,0,0,0,0,5,0,0,0,0,0
34,04/02/2020,0,0,0,0,0,8,0,11.11,14.29,15.56,17.95,0,0.000844919,5,0,0,0,5,0,0,0,5,0,0,5,0,0,0,0,5,0,0,5,0,0,0,5,0,0,5,0,0,0,0,5,0,0,5,0,0,5,0,0,5,0,0,0,5,0,0,5,0,0,0,0,5,0,0,0,0,5,0,0,0,0,0
35,05/02/2020,0,0,0,0,0,9,0,11.11,14.29,15.56,17.95,0,-0.003229902,5,0,0,0,5,0,0,0,5,0,0,5,0,0,0,0,5,0,0,5,0,0,0,5,0,0,5,0,0,0,0,5,0,0,5,0,0,5,0,0,5,0,0,0,5,0,0,5,0,0,0,0,5,0,0,0,0,5,0,0,0,0,0
36,06/02/2020,0,0,0,0,0,9,0,11.11,14.29,15.56,17.95,0,-0.004052104,5,0,0,0,5,0,0,0,5,0,0,5,0,0,0,0,5,0,0,5,0,0,0,5,0,0,5,0,0,0,0,5,0,0,5,0,0,5,0,0,5,0,0,0,5,0,0,5,0,0,0,0,5,0,0,0,0,5,0,0,0,0,0
37,07/02/2020,0,0,0,0,0,9,0,11.11,14.29,15.56,17.95,0,0.00065717,6,0,0,0,6,0,0,0,6,0,0,6,0,0,0,0,6,0,0,6,0,0,0,6,0,0,6,0,0,0,0,6,0,0,6,0,0,6,3,0,6,3,0,0,6,0,0,6,0,0,0,0,6,0,0,0,0,6,0,0,0,0,0
38,08/02/2020,0,0,0,0,0,13,0,11.11,14.29,15.56,17.95,0,-0.002208279,6,0,0,0,6,0,0,0,6,0,0,6,0,0,0,0,6,0,0,6,0,0,0,6,0,0,6,0,0,0,0,6,0,0,6,0,0,6,3,0,6,3,0,0,6,0,0,6,0,0,0,0,6,0,0,0,0,6,0,0,0,0,0
39,09/02/2020,0,0,0,0,0,14,0,11.11,14.29,15.56,17.95,0,-0.001867738,6,0,0,0,6,0,0,0,6,0,0,6,0,0,0,0,6,0,0,6,0,0,0,6,0,0,6,0,0,0,0,6,0,0,6,0,0,6,3,0,6,3,0,0,6,0,0,6,0,0,0,0,6,0,0,0,0,6,0,0,0,0,0
40,10/02/2020,0,0,0,0,0,14,0,11.11,14.29,15.56,17.95,0,-0.001160003,6,0,0,0,6,0,0,0,6,0,0,6,0,0,0,0,6,0,0,6,0,0,0,6,0,0,6,0,0,0,0,6,0,0,6,0,0,6,3,0,6,3,0,0,6,0,0,6,0,0,0,0,6,0,0,0,0,6,0,0,0,0,0
41,11/02/2020,0,0,0,0,0,15,0,11.11,14.29,15.56,17.95,0,0.001585001,6,0,0,0,6,0,0,0,6,0,0,6,0,0,0,0,6,0,0,6,0,0,0,6,0,0,6,0,0,0,0,6,0,0,6,0,0,6,3,0,6,3,0,0,6,0,0,6,0,0,0,0,6,0,0,0,0,6,0,0,0,0,0
42,12/02/2020,0,0,0,0,0,16,0,11.11,14.29,15.56,17.95,0,0.002469137,6,0,0,0,6,0,0,0,6,0,0,6,0,0,0,0,6,0,0,6,0,0,0,6,0,0,6,0,0,0,0,6,0,0,6,0,0,6,3,0,6,3,0,0,6,0,0,6,0,0,0,0,6,0,0,0,0,6,0,0,0,0,0
43,13/02/2020,0,0,0,0,0,17,0,11.11,14.29,15.56,17.95,0,0.005993103,7,0,0,0,7,0,0,0,7,0,0,7,0,0,0,0,7,0,0,7,0,0,0,7,0,0,7,0,0,0,0,7,0,0,7,0,0,7,3,0,7,3,0,0,7,0,0,7,0,0,0,0,7,0,0,0,0,7,0,0,0,0,0
44,14/02/2020,0,0,0,0,0,18,0,11.11,14.29,15.56,17.95,0,-0.00303048,7,0,0,0,7,0,0,0,7,0,0,7,0,0,0,0,7,0,0,7,0,0,0,7,0,0,7,0,0,0,0,7,0,0,7,0,0,7,3,0,7,3,0,0,7,0,0,7,0,0,0,0,7,0,0,0,0,7,0,0,0,0,0
45,15/02/2020,0,0,0,0,0,18,0,11.11,14.29,15.56,17.95,0,0.001810587,7,0,0,0,7,0,0,0,7,0,0,7,0,0,0,0,7,0,0,7,0,0,0,7,0,0,7,0,0,0,0,7,0,0,7,0,0,7,3,0,7,3,0,0,7,0,0,7,0,0,0,0,7,0,0,0,0,7,0,0,0,0,0
46,16/02/2020,0,0,0,0,0,18,0,11.11,14.29,15.56,17.95,0,0.00159107,7,0,0,0,7,0,0,0,7,0,0,7,0,0,0,0,7,0,0,7,0,0,0,7,0,0,7,0,0,0,0,7,0,0,7,0,0,7,3,0,7,3,0,0,7,0,0,7,0,0,0,0,7,0,0,0,0,7,0,0,0,0,0
47,17/02/2020,0,0,0,0,0,19,0,11.11,14.29,15.56,17.95,0,-0.000576446,7,0,0,0,7,0,0,0,7,0,0,7,0,0,0,0,7,0,0,7,0,0,0,7,0,0,7,0,0,0,0,7,0,0,7,0,0,7,3,0,7,3,0,0,7,0,0,7,0,0,0,0,7,0,0,0,0,7,0,0,0,0,0
48,18/02/2020,0,0,0,0,0,19,0,11.11,14.29,15.56,17.95,0,0.002342146,7,0,0,0,7,0,0,0,7,0,0,7,0,0,0,0,7,0,0,7,0,0,0,7,0,0,7,0,0,0,0,7,0,0,7,0,0,7,3,3,7,3,0,0,7,3,3,7,0,0,0,0,7,0,0,0,0,7,0,0,0,0,0
49,19/02/2020,0,0,0,0,0,20,0,11.11,14.29,15.56,17.95,0,-0.006618209,8,0,0,0,8,0,0,0,8,0,0,8,0,0,0,0,8,0,0,8,0,0,0,8,0,0,8,0,0,0,0,8,0,0,8,0,0,8,3,3,8,3,0,0,8,3,3,8,0,0,0,0,8,0,0,0,0,8,0,0,0,0,0
50,20/02/2020,0,0,0,0,0,22,0,11.11,14.29,15.56,17.95,0,-0.005574712,8,0,0,0,8,0,0,0,8,0,0,8,0,0,0,0,8,0,0,8,0,0,0,8,0,0,8,0,0,0,0,8,0,0,8,0,0,8,3,3,8,3,0,0,8,3,3,8,0,0,0,0,8,0,0,0,0,8,0,0,0,0,0
51,21/02/2020,0,0,0,0,0,23,0,11.11,14.29,15.56,17.95,0,0.006153627,8,0,0,0,8,0,0,0,8,0,0,8,0,0,0,0,8,0,0,8,0,0,0,8,0,0,8,0,0,0,0,8,0,0,8,0,0,8,3,3,8,3,0,0,8,3,3,8,0,0,0,0,8,0,0,0,0,8,0,0,0,0,0
52,22/02/2020,0,0,0,0,0,23,0,11.11,14.29,15.56,17.95,0,-0.002013098,8,0,0,0,8,0,0,0,8,0,0,8,0,0,0,0,8,0,0,8,0,0,0,8,0,0,8,0,0,0,0,8,0,0,8,0,0,8,3,3,8,3,0,0,8,3,3,8,0,0,0,0,8,0,0,0,0,8,0,0,0,0,0
53,23/02/2020,0,0,0,0,0,28,0,11.11,14.29,15.56,17.95,0,-0.000478061,8,0,0,0,8,0,0,0,8,0,0,8,0,0,0,0,8,0,0,8,0,0,0,8,0,0,8,0,0,0,0,8,0,0,8,0,0,8,3,3,8,3,0,0,8,3,3,8,0,0,0,0,8,0,0,0,0,8,0,0,0,0,0
54,24/02/2020,0,0,0,0,0,30,0,11.11,14.29,15.56,17.95,0,-0.002627107,8,0,0,0,8,0,0,0,8,0,0,8,0,0,0,0,8,0,0,8,0,0,0,8,0,0,8,0,0,0,0,8,0,0,8,0,0,8,3,3,8,3,0,0,8,3,3,8,0,0,0,0,8,0,0,0,0,8,0,0,0,0,0
55,25/02/2020,0,0,0,0,0,34,0,11.11,14.29,15.56,17.95,0,0.00701595,9,0,0,0,9,0,0,0,9,0,0,9,0,0,0,0,9,0,0,9,0,0,0,9,0,0,9,0,0,0,0,9,0,0,9,0,0,9,6,3,9,6,0,0,9,3,3,9,0,0,0,0,9,0,0,0,0,9,0,0,0,0,0
56,26/02/2020,0,0,0,0,0,37,0,11.11,14.29,15.56,17.95,0,-0.007673806,9,0,0,0,9,0,0,0,9,0,0,9,0,0,0,0,9,0,0,9,0,0,0,9,0,0,9,0,0,0,0,9,0,0,9,0,0,9,6,3,9,6,0,0,9,3,3,9,0,0,0,0,9,0,0,0,0,9,0,0,0,0,0
57,27/02/2020,0,0,0,0,0,44,0,11.11,14.29,15.56,17.95,0,-0.003334629,9,0,0,0,9,0,0,0,9,0,0,9,0,0,0,0,9,0,0,9,0,0,0,9,0,0,9,0,0,0,0,9,0,0,9,0,0,9,6,3,9,6,0,0,9,3,3,9,0,0,0,0,9,0,0,0,0,9,0,0,0,0,0
58,28/02/2020,0,0,0,0,0,56,0,11.11,14.29,15.56,17.95,0,-0.007837367,9,0,0,0,9,0,0,0,9,0,0,9,0,0,0,0,9,0,0,9,0,0,0,9,0,0,9,0,0,0,0,9,0,0,9,0,0,9,6,3,9,6,0,0,9,3,3,9,0,0,0,0,9,0,0,0,0,9,0,0,0,0,0
59,29/02/2020,0,0,0,0,0,61,0,11.11,14.29,15.56,17.95,0,-0.006281934,9,0,0,0,9,0,0,0,9,0,0,9,0,0,0,0,9,0,0,9,0,0,0,9,0,0,9,0,0,0,0,9,0,0,9,0,0,9,6,3,9,6,0,0,9,3,3,9,0,0,0,0,9,0,0,0,0,9,0,0,0,0,0
60,01/03/2020,0,0,0,0,0,94,0,11.11,14.29,15.56,17.95,0,-0.005817977,9,0,0,0,9,0,0,0,9,0,0,9,0,0,0,0,9,0,0,9,0,0,0,9,0,0,9,0,0,0,0,9,0,0,9,0,0,9,6,3,9,6,0,0,9,3,3,9,0,0,0,0,9,0,0,0,0,9,0,0,0,0,0
61,02/03/2020,0,0,0,0,0,134,0,11.11,14.29,15.56,17.95,0,-0.002116071,10,0,0,0,10,0,0,0,10,0,0,10,0,0,0,0,10,0,0,10,0,0,0,10,0,0,10,0,0,0,0,10,0,0,10,0,0,10,6,3,10,6,0,0,10,3,3,10,0,0,0,0,10,0,0,0,0,10,0,0,0,0,0
62,03/03/2020,0,0,0,0,0,189,0,11.11,14.29,15.56,17.95,0,0.005554918,10,0,0,0,10,0,0,0,10,0,0,10,0,0,0,0,10,0,0,10,0,0,0,10,0,0,10,0,0,0,0,10,0,0,10,0,0,10,6,3,10,6,0,0,10,3,3,10,0,0,0,0,10,0,0,0,0,10,0,0,0,0,0
63,04/03/2020,0,0,0,0,0,245,0,11.11,14.29,15.56,17.95,0,7.80E-05,10,0,0,0,10,0,0,0,10,0,0,10,0,0,0,0,10,0,0,10,0,0,0,10,0,0,10,0,0,0,0,10,0,0,10,0,0,10,6,3,10,6,0,0,10,3,3,10,0,0,0,0,10,0,0,0,0,10,0,0,0,0,0
64,05/03/2020,0,0,0,0,0,294,0,11.11,14.29,15.56,17.95,0,0.008080852,10,0,0,0,10,0,0,0,10,0,0,10,0,0,0,0,10,0,0,10,0,0,0,10,0,0,10,0,0,0,0,10,0,0,10,0,0,10,6,3,10,6,0,0,10,3,3,10,0,0,0,0,10,0,0,0,0,10,0,0,0,0,0
65,06/03/2020,0,0,0,26019722.45,0,373,1,11.11,14.29,15.56,17.95,0,0.008591681,10,0,0,0,10,0,0,0,10,0,0,10,0,0,0,0,10,0,0,10,0,0,0,10,0,0,10,0,0,0,0,10,0,0,10,0,0,10,6,3,10,6,0,0,10,3,3,10,0,0,0,0,10,0,0,0,0,10,0,0,0,0,0
66,07/03/2020,0,0,0,0,0,428,2,11.11,14.29,15.56,17.95,0,0.005583517,10,0,0,0,10,0,0,0,10,0,0,10,0,0,0,0,10,0,0,10,0,0,0,10,0,0,10,0,0,0,0,10,0,0,10,0,0,10,6,6,10,6,0,0,10,6,6,10,0,0,0,0,10,0,0,0,0,10,0,0,0,0,0
67,08/03/2020,0,0,0,0,0,482,2,11.11,14.29,15.56,17.95,0,0.007418683,11,0,0,0,11,0,0,0,11,0,0,11,0,0,0,0,11,0,0,11,0,0,0,11,0,0,11,0,0,0,0,11,0,0,11,0,0,11,6,6,11,6,0,0,11,6,6,11,0,0,0,0,11,0,0,0,0,11,0,0,0,0,0
68,09/03/2020,0,0,0,0,0,629,3,11.11,14.29,15.56,17.95,0,0.005318246,11,0,0,0,11,0,0,0,11,0,0,11,0,0,0,0,11,0,0,11,0,0,0,11,0,0,11,0,0,0,0,11,0,0,11,0,0,11,6,6,11,6,0,0,11,6,6,11,0,0,0,0,11,0,0,0,0,11,0,0,0,0,0
69,10/03/2020,0,0,0,0,0,887,7,11.11,14.29,15.56,17.95,0,-0.012633849,11,0,0,0,11,0,0,0,11,0,0,11,0,0,0,0,11,0,0,11,0,0,0,11,0,0,11,0,0,0,0,11,0,0,11,0,0,11,6,6,11,6,0,0,11,6,6,11,0,0,0,0,11,0,0,0,0,11,0,0,0,0,0
70,11/03/2020,32223318565,183360000,6444663713,0,0,1298,7,11.11,14.29,15.56,17.95,0,-0.004143519,11,0,0,0,11,0,0,0,11,0,0,11,0,0,0,0,11,0,0,11,0,0,0,11,0,0,11,0,0,0,0,11,0,0,11,0,0,11,6,6,11,6,0,0,11,6,6,11,0,0,0,0,11,0,0,0,0,11,0,0,0,0,0
71,12/03/2020,0,0,0,0,0,1787,9,11.11,14.29,8.89,10.26,0,-0.027020699,11,0,0,0,11,0,0,0,11,0,0,11,0,0,0,0,11,0,0,11,0,0,0,11,0,0,11,0,0,0,0,11,0,0,11,0,0,11,6,6,11,6,0,0,11,0,0,11,0,0,0,0,11,0,0,0,0,11,0,0,0,0,0
72,13/03/2020,0,0,0,0,0,2266,10,12.96,17.86,10,11.54,0,-0.011266031,11,0,0,0,11,0,0,0,11,0,0,11,0,0,0,0,11,0,0,11,0,0,0,11,0,0,11,0,0,0,0,11,0,0,11,0,0,11,6,6,11,6,0,0,11,0,0,11,0,0,0,0,11,0,0,0,0,11,0,0,0,0,0
73,14/03/2020,0,0,0,0,0,2630,29,12.96,17.86,10,11.54,0,-0.014143416,12,0,0,0,12,0,0,0,12,0,0,12,0,0,0,0,12,0,0,12,0,0,0,12,0,0,12,0,0,0,0,12,0,0,12,0,0,12,9,6,12,9,0,0,12,0,0,12,0,0,0,0,12,0,0,0,0,12,0,0,0,0,0
74,15/03/2020,0,0,0,0,0,3072,43,12.96,17.86,10,11.54,0,-0.017476715,12,0,0,0,12,0,0,0,12,0,0,12,0,0,0,0,12,0,0,12,0,0,0,12,0,0,12,0,0,0,0,12,0,0,12,0,0,12,9,6,12,9,0,0,12,0,0,12,0,0,0,0,12,0,0,0,0,12,0,0,0,0,0
75,16/03/2020,0,0,0,0,0,3684,65,16.67,25,12.22,14.1,0,-0.010049521,12,0,0,0,12,0,0,0,12,0,0,12,0,0,0,0,12,0,0,12,0,0,0,12,0,0,12,0,0,0,0,12,0,0,12,0,0,12,9,6,12,9,0,0,12,0,0,12,0,0,0,0,12,0,0,0,0,12,0,0,0,0,0
76,17/03/2020,0,0,0,0,0,4452,82,22.22,34.52,18.89,17.95,25,-0.021904697,12,0,0,0,12,0,0,0,12,0,0,12,0,0,0,0,12,0,0,12,0,0,0,12,0,0,12,0,0,0,0,12,0,0,12,0,0,12,9,6,12,9,0,0,12,0,0,12,0,0,0,0,12,0,0,0,0,12,0,0,0,0,0
77,18/03/2020,0,0,0,0,0,5451,116,31.48,45.24,24.44,24.36,25,-0.020821379,12,0,0,0,12,0,0,0,12,0,0,12,0,0,0,0,12,0,0,12,0,0,0,12,0,0,12,0,0,0,0,12,0,0,12,0,0,12,9,6,12,9,0,0,12,0,0,12,0,0,0,0,12,0,0,0,0,12,0,0,0,0,0
78,19/03/2020,0,0,0,0,0,6506,162,31.48,45.24,27.78,24.36,50,-0.008794456,12,0,0,0,12,0,0,0,12,0,0,12,0,0,0,0,12,0,0,12,0,0,0,12,0,0,12,0,0,0,0,12,0,0,12,0,0,12,9,6,12,9,0,0,12,0,0,12,0,0,0,0,12,0,0,0,0,12,0,0,0,0,0
79,20/03/2020,43436046045,0,0,0,0,7760,194,37.04,54.76,36.11,28.21,87.5,0.007092834,13,0,0,0,13,0,0,0,13,0,0,13,0,0,0,0,13,0,0,13,0,0,0,13,0,0,13,0,0,0,0,13,0,0,13,0,0,13,9,6,13,9,0,0,13,0,0,13,0,0,0,0,13,0,0,0,0,13,0,0,0,0,0
80,21/03/2020,0,0,0,0,0,8957,252,47.22,61.9,42.22,35.26,87.5,-0.007507667,13,0,0,0,13,0,0,0,13,0,0,13,0,0,0,0,13,0,0,13,0,0,0,13,0,0,13,0,0,0,0,13,0,0,13,0,0,13,9,6,13,9,0,0,13,0,0,13,0,0,0,0,13,0,0,0,0,13,0,0,0,0,0
81,22/03/2020,0,0,0,0,0,10333,288,62.04,72.62,51.11,45.51,87.5,-0.003069763,13,0,0,0,13,0,0,0,13,0,0,13,0,0,0,0,13,0,0,13,0,0,0,13,0,0,13,0,0,0,0,13,0,0,13,0,0,13,9,6,13,9,0,0,13,0,0,13,0,0,0,0,13,0,0,0,0,13,0,0,0,0,0
82,23/03/2020,0,0,0,2989616.7,0,12668,364,78.24,80.95,60.83,56.73,87.5,-0.021779289,13,0,0,0,13,0,0,0,13,0,0,13,0,0,0,0,13,0,0,13,0,0,0,13,0,0,13,0,0,0,0,13,0,0,13,0,0,13,9,6,13,9,0,0,13,0,0,13,0,0,0,0,13,0,0,0,0,13,0,0,0,0,0
83,24/03/2020,0,0,0,0,0,15039,512,79.63,80.95,61.67,57.69,87.5,0.025009898,13,0,0,0,13,0,0,0,13,0,0,13,0,0,0,0,13,0,0,13,0,0,0,13,0,0,13,0,0,0,0,13,0,0,13,0,0,13,9,6,13,9,0,0,13,0,0,13,0,0,0,0,13,0,0,0,0,13,0,0,0,0,0
84,25/03/2020,0,0,0,0,0,17732,703,79.63,80.95,61.67,57.69,87.5,-0.001826562,13,0,0,0,13,0,0,0,13,0,0,13,0,0,0,0,13,0,0,13,0,0,0,13,0,0,13,0,0,0,0,13,0,0,13,0,0,13,9,9,13,9,0,0,13,0,0,13,0,0,0,0,13,0,0,0,0,13,0,0,0,0,0
85,26/03/2020,0,0,0,254591132.1,0,20816,884,79.63,80.95,63.33,57.69,100,0.031431099,14,0,0,0,14,0,0,0,14,0,0,14,0,0,0,0,14,0,0,14,0,0,0,14,0,0,14,0,0,0,0,14,0,0,14,0,0,14,9,9,14,9,0,0,14,0,0,14,0,0,0,0,14,0,0,0,0,14,0,0,0,0,0
86,27/03/2020,0,0,0,0,0,24017,1172,79.63,80.95,63.33,57.69,100,0.017844856,14,0,0,0,14,0,0,0,14,0,0,14,0,0,0,0,14,0,0,14,0,0,0,14,0,0,14,0,0,0,0,14,0,0,14,0,0,14,9,9,14,9,0,0,14,0,0,14,0,0,0,0,14,0,0,0,0,14,0,0,0,0,0
87,28/03/2020,0,0,0,0,0,26839,1464,79.63,80.95,63.33,57.69,100,0.015816464,14,0,0,0,14,0,0,0,14,0,0,14,0,0,0,0,14,0,0,14,0,0,0,14,0,0,14,0,0,0,0,14,0,0,14,0,0,14,9,9,14,9,0,0,14,0,0,14,0,0,0,0,14,0,0,0,0,14,0,0,0,0,0
88,29/03/2020,0,0,0,0,0,29696,1676,79.63,80.95,63.33,57.69,100,0.021697473,14,0,0,0,14,0,0,0,14,0,0,14,0,0,0,0,14,0,0,14,0,0,0,14,0,0,14,0,0,0,0,14,0,0,14,0,0,14,9,9,14,9,0,0,14,0,0,14,0,0,0,0,14,0,0,0,0,14,0,0,0,0,0
89,30/03/2020,0,0,0,0,0,33969,2050,79.63,80.95,63.33,57.69,100,0.004724132,14,0,0,0,14,0,0,0,14,0,0,14,0,0,0,0,14,0,0,14,0,0,0,14,0,0,14,0,0,0,0,14,0,0,14,0,0,14,9,9,14,9,0,0,14,0,0,14,0,0,0,0,14,0,0,0,0,14,0,0,0,0,0
90,31/03/2020,0,0,0,0,0,38484,2453,79.63,80.95,63.33,57.69,100,-0.00104788,14,0,0,0,14,0,0,0,14,0,0,14,0,0,0,0,14,0,0,14,0,0,0,14,0,0,14,0,0,0,0,14,0,0,14,0,0,14,9,9,14,9,0,0,14,0,0,14,0,0,0,0,14,0,0,0,0,14,0,0,0,0,0
91,01/04/2020,0,0,0,0,0,43398,3125,79.63,80.95,63.33,57.69,100,0.002014181,15,0,0,0,15,0,0,0,15,0,0,15,0,0,0,0,15,0,0,15,0,0,0,15,0,0,15,0,0,0,0,15,0,0,15,0,0,15,12,9,15,12,0,0,15,0,0,15,0,0,0,0,15,0,0,0,0,15,0,0,0,0,0
92,02/04/2020,0,0,0,0,0,48263,3782,79.63,80.95,63.33,57.69,100,-0.003668841,15,0,0,0,15,0,0,0,15,0,0,15,0,0,0,0,15,0,0,15,0,0,0,15,0,0,15,0,0,0,0,15,0,0,15,0,0,15,12,9,15,12,0,0,15,0,0,15,0,0,0,0,15,0,0,0,0,15,0,0,0,0,0
93,03/04/2020,0,0,0,0,0,53178,4518,79.63,80.95,63.33,57.69,100,-0.009741127,15,0,0,0,15,3,0,0,15,0,0,15,0,0,0,0,15,0,0,15,0,0,0,15,0,0,15,0,0,0,0,15,0,0,15,0,0,15,12,9,15,12,0,0,15,0,0,15,0,0,0,0,15,0,0,0,0,15,0,0,0,0,0
94,04/04/2020,0,0,0,0,0,57198,5274,79.63,80.95,63.33,57.69,100,-0.003798596,15,0,0,0,15,3,0,0,15,3,0,15,0,0,0,0,15,0,0,15,0,0,0,15,0,0,15,0,0,0,0,15,0,0,15,3,0,15,12,9,15,12,0,0,15,0,0,15,0,0,0,0,15,0,0,0,0,15,0,0,0,0,0
95,05/04/2020,0,0,0,0,0,60792,5873,79.63,80.95,63.33,57.69,100,-0.005736188,15,0,0,0,15,3,0,0,15,3,0,15,0,0,0,0,15,0,0,15,0,0,0,15,0,0,15,0,0,0,0,15,0,0,15,3,0,15,12,9,15,12,0,0,15,0,0,15,0,0,0,0,15,0,0,0,0,15,0,0,0,0,0
96,06/04/2020,0,0,0,0,0,66067,6440,79.63,80.95,63.33,57.69,100,-0.000285545,15,0,0,0,15,3,0,0,15,3,0,15,0,0,0,0,15,0,0,15,0,0,0,15,0,0,15,0,0,0,0,15,0,0,15,3,3,15,12,9,15,12,0,0,15,0,0,15,0,0,0,0,15,0,0,0,0,15,0,0,0,0,0
97,07/04/2020,0,0,0,0,0,71517,7545,79.63,80.95,63.33,57.69,100,0.004071501,16,0,0,0,16,3,0,0,16,3,0,16,0,0,0,0,16,3,0,16,0,0,0,16,0,0,16,0,0,0,0,16,3,3,16,3,3,16,12,9,16,12,0,0,16,0,0,16,0,0,0,0,16,0,0,0,0,16,0,0,0,0,0
98,08/04/2020,929000000,0,0,0,0,76646,8575,79.63,80.95,63.33,57.69,100,0.006237869,16,0,0,0,16,3,3,3,16,0,0,16,0,0,0,0,16,3,0,16,0,0,0,16,0,0,16,0,0,0,0,16,3,3,16,3,3,16,12,9,16,12,0,0,16,0,0,16,0,0,0,0,16,0,0,0,0,16,0,0,0,0,0
99,09/04/2020,0,0,0,0,0,81498,9691,79.63,80.95,63.33,57.69,100,0.006921278,16,0,0,0,16,3,3,3,16,3,3,16,0,0,0,0,16,3,0,16,0,0,0,16,0,0,16,0,0,0,0,16,3,3,16,3,3,16,12,9,16,12,0,0,16,0,0,16,0,0,0,0,16,0,0,0,0,16,0,0,0,0,0
100,10/04/2020,0,0,0,0,0,85813,10813,79.63,80.95,63.33,57.69,100,0,16,3,3,3,16,3,3,3,16,3,3,16,0,0,0,0,16,3,0,16,3,3,0,16,3,3,16,0,0,0,0,16,3,3,16,3,3,16,12,9,16,12,0,0,16,0,0,16,0,0,0,0,16,0,0,0,0,16,0,0,0,0,0
101,11/04/2020,0,0,0,0,0,89390,11656,79.63,80.95,63.33,57.69,100,0.004386382,16,3,3,3,16,3,3,3,16,3,3,16,3,3,3,3,16,3,0,16,3,3,0,16,3,3,16,0,0,0,0,16,3,3,16,3,3,16,12,9,16,12,0,0,16,0,0,16,0,0,0,0,16,0,0,0,0,16,0,0,0,0,0
102,12/04/2020,0,0,0,0,0,92885,12313,79.63,80.95,63.33,57.69,100,0.00376922,16,3,3,3,16,3,3,3,16,3,3,16,3,3,3,3,16,3,0,16,3,3,0,16,3,3,16,0,0,0,0,16,3,3,16,3,3,16,12,12,16,12,0,0,16,0,0,16,0,0,0,0,16,0,0,0,0,16,0,0,0,0,0
103,13/04/2020,0,0,0,0,0,97068,13037,79.63,80.95,63.33,57.69,100,0.002803141,17,3,3,3,17,3,3,3,17,3,3,17,3,3,3,3,17,3,0,17,3,3,0,17,3,3,17,0,0,0,0,17,3,3,17,3,3,17,12,12,17,12,0,0,17,0,0,17,0,0,0,0,17,0,0,0,0,17,0,0,0,0,0
104,14/04/2020,0,0,0,0,0,101393,14113,79.63,80.95,63.33,57.69,100,0.007529466,17,3,3,3,17,3,3,3,17,3,3,17,3,3,3,3,17,3,0,17,3,3,0,17,3,3,17,0,0,0,0,17,3,3,17,3,3,17,12,12,17,12,0,0,17,0,0,17,0,0,0,0,17,0,0,0,0,17,0,0,0,0,0
105,15/04/2020,0,0,0,0,0,106458,14993,79.63,80.95,63.33,57.69,100,-0.008009447,17,3,3,3,17,3,3,3,17,3,3,17,3,3,3,3,17,3,0,17,3,3,0,17,3,3,17,0,0,0,0,17,3,3,17,3,3,17,12,12,17,12,0,0,17,0,0,17,0,0,0,0,17,0,0,0,0,17,0,0,0,0,0
106,16/04/2020,0,0,0,0,0,111756,16029,79.63,80.95,63.33,57.69,100,-0.004129338,17,3,3,3,17,3,3,3,17,3,3,17,3,3,3,3,17,3,0,17,3,3,0,17,3,3,17,0,0,0,0,17,3,3,17,3,3,17,12,12,17,12,0,0,17,0,0,17,0,0,0,0,17,0,0,0,0,17,0,0,0,0,0
107,17/04/2020,0,0,0,0,0,116721,16942,79.63,80.95,63.33,57.69,100,0.004649307,17,3,3,3,17,3,3,3,17,3,3,17,3,3,3,3,17,3,0,17,3,3,0,17,3,3,17,0,0,0,0,17,3,3,17,3,3,17,12,12,17,12,0,0,17,0,0,17,0,0,0,0,17,0,0,0,0,17,0,0,0,0,0
108,18/04/2020,0,0,0,0,0,121437,18047,79.63,80.95,63.33,57.69,100,-0.002496493,17,3,3,3,17,3,3,3,17,3,3,17,3,3,3,3,17,3,0,17,3,3,0,17,3,3,17,0,0,0,0,17,3,3,17,3,3,17,12,12,17,12,0,0,17,0,0,17,0,0,0,0,17,0,0,0,0,17,0,0,0,0,0
109,19/04/2020,0,0,0,0,0,125289,18479,79.63,80.95,63.33,57.69,100,-0.000658841,18,3,3,3,18,3,3,3,18,3,3,18,3,3,3,3,18,3,0,18,3,3,0,18,3,3,18,0,0,0,0,18,3,3,18,3,3,18,15,12,18,15,0,0,18,0,0,18,0,0,0,0,18,0,0,0,0,18,0,0,0,0,0
110,20/04/2020,1550000000,0,0,0,0,130147,19049,79.63,80.95,63.33,57.69,100,-0.002402115,18,3,3,3,18,3,3,3,18,3,3,18,3,3,3,3,18,3,0,18,3,3,0,18,3,3,18,0,0,0,0,18,3,3,18,3,3,18,15,12,18,15,0,0,18,0,0,18,0,0,0,0,18,0,0,0,0,18,0,0,0,0,0
111,21/04/2020,0,0,0,0,0,134907,20273,79.63,80.95,63.33,57.69,100,-0.016163274,18,3,3,3,18,6,3,3,18,3,3,18,3,3,3,3,18,3,0,18,3,3,0,18,3,3,18,0,0,0,0,18,3,3,18,3,3,18,15,12,18,15,0,0,18,0,0,18,0,0,0,0,18,0,0,0,0,18,0,0,0,0,0
112,22/04/2020,0,0,0,0,0,140397,21120,79.63,80.95,63.33,57.69,100,0.004308775,18,3,3,3,18,6,3,3,18,6,3,18,3,3,3,3,18,3,0,18,3,3,0,18,3,3,18,0,0,0,0,18,3,3,18,6,3,18,15,12,18,15,0,0,18,0,0,18,0,0,0,0,18,0,0,0,0,18,0,0,0,0,0
113,23/04/2020,0,0,0,0,0,145540,21802,79.63,80.95,63.33,57.69,100,0.004855557,18,3,3,3,18,6,3,3,18,6,3,18,3,3,3,3,18,3,0,18,3,3,0,18,3,3,18,0,0,0,0,18,3,3,18,6,3,18,15,12,18,15,0,0,18,0,0,18,0,0,0,0,18,0,0,0,0,18,0,0,0,0,0
114,24/04/2020,0,0,0,0,0,150513,22812,79.63,80.95,63.33,57.69,100,-0.004004131,18,3,3,3,18,6,3,3,18,6,3,18,3,3,3,3,18,3,0,18,3,3,0,18,3,3,18,0,0,0,0,18,3,3,18,6,6,18,15,12,18,15,0,0,18,0,0,18,0,0,0,0,18,0,0,0,0,18,0,0,0,0,0
115,25/04/2020,0,0,0,0,0,154261,23627,79.63,80.95,63.33,57.69,100,0.001720067,19,3,3,3,19,6,3,3,19,6,3,19,3,3,3,3,19,6,0,19,3,3,0,19,3,3,19,0,0,0,0,19,6,6,19,6,6,19,15,12,19,15,0,0,19,0,0,19,0,0,0,0,19,0,0,0,0,19,0,0,0,0,0
116,26/04/2020,0,0,0,0,0,157729,23991,79.63,80.95,63.33,57.69,100,0.000857164,19,3,3,3,19,6,6,6,19,3,3,19,3,3,3,3,19,6,0,19,3,3,0,19,3,3,19,0,0,0,0,19,6,6,19,6,6,19,15,12,19,15,0,0,19,0,0,19,0,0,0,0,19,0,0,0,0,19,0,0,0,0,0
117,27/04/2020,0,0,0,0,0,162431,24311,79.63,80.95,63.33,57.69,100,0.005818904,19,3,3,3,19,6,6,6,19,6,6,19,3,3,3,3,19,6,0,19,3,3,0,19,3,3,19,0,0,0,0,19,6,6,19,6,6,19,15,12,19,15,0,0,19,0,0,19,0,0,0,0,19,0,0,0,0,19,0,0,0,0,0
118,28/04/2020,0,0,0,0,1,167152,25280,79.63,80.95,64.17,58.65,100,0.002213592,19,6,6,6,19,6,6,6,19,6,6,19,3,3,3,3,19,6,0,19,6,6,0,19,6,6,19,0,0,0,0,19,6,6,19,6,6,19,15,12,19,15,0,0,19,0,0,19,0,0,0,0,19,0,0,0,0,19,0,0,0,0,0
119,29/04/2020,0,0,0,0,1,172587,26049,79.63,80.95,64.17,58.65,100,-4.02E-05,19,6,6,6,19,6,6,6,19,6,6,19,6,6,6,6,19,6,0,19,6,6,0,19,6,6,19,0,0,0,0,19,6,6,19,6,6,19,15,12,19,15,0,0,19,0,0,19,0,0,0,0,19,0,0,0,0,19,0,0,0,0,0
120,30/04/2020,0,0,0,0,1,177543,26683,79.63,80.95,64.17,58.65,100,0.014131972,19,6,6,6,19,6,6,6,19,6,6,19,6,6,6,6,19,6,0,19,6,6,0,19,6,6,19,0,0,0,0,19,6,6,19,6,6,19,15,15,19,15,0,0,19,0,0,19,0,0,0,0,19,0,0,0,0,19,0,0,0,0,0
121,01/05/2020,0,0,0,0,1,182270,27381,79.63,80.95,64.17,58.65,100,-0.005644792,20,6,6,6,20,6,6,6,20,6,6,20,6,6,6,6,20,6,0,20,6,6,0,20,6,6,20,0,0,0,0,20,6,6,20,6,6,20,15,15,20,15,0,0,20,0,0,20,0,0,0,0,20,0,0,0,0,20,0,0,0,0,0
122,02/05/2020,0,0,0,0,1,185491,27965,79.63,80.95,64.17,58.65,100,0.002815659,20,6,6,6,20,6,6,6,20,6,6,20,6,6,6,6,20,6,0,20,6,6,0,20,6,6,20,0,0,0,0,20,6,6,20,6,6,20,15,15,20,15,0,0,20,0,0,20,0,0,0,0,20,0,0,0,0,20,0,0,0,0,0
123,03/05/2020,0,0,0,0,1,188465,28218,79.63,80.95,64.17,58.65,100,0.003767613,20,6,6,6,20,6,6,6,20,6,6,20,6,6,6,6,20,6,0,20,6,6,0,20,6,6,20,0,0,0,0,20,6,6,20,6,6,20,15,15,20,15,0,0,20,0,0,20,0,0,0,0,20,0,0,0,0,20,0,0,0,0,0
124,04/05/2020,0,0,0,0,1,191843,28490,79.63,80.95,64.17,58.65,100,-0.009734289,20,6,6,6,20,6,6,6,20,6,6,20,6,6,6,6,20,6,0,20,6,6,0,20,6,6,20,0,0,0,0,20,6,6,20,6,6,20,15,15,20,15,0,0,20,0,0,20,0,0,0,0,20,0,0,0,0,20,0,0,0,0,0
125,05/05/2020,0,0,0,0,1,195527,29216,79.63,80.95,64.17,58.65,100,0.00273356,20,6,6,6,20,6,6,6,20,6,6,20,6,6,6,6,20,6,0,20,6,6,0,20,6,6,20,0,0,0,0,20,6,6,20,6,6,20,15,15,20,15,0,0,20,0,0,20,0,0,0,0,20,0,0,0,0,20,0,0,0,0,0
126,06/05/2020,0,0,0,0,1,199358,29863,79.63,80.95,64.17,58.65,100,-0.007494897,20,6,6,6,20,6,6,6,20,6,6,20,6,6,6,6,20,6,0,20,6,6,0,20,6,6,20,0,0,0,0,20,6,6,20,6,6,20,15,15,20,15,0,0,20,0,0,20,0,0,0,0,20,0,0,0,0,20,0,0,0,0,0
127,07/05/2020,0,0,0,0,1,203125,30321,79.63,80.95,64.17,58.65,100,-0.006207546,21,6,6,6,21,6,6,6,21,6,6,21,6,6,6,6,21,6,0,21,6,6,0,21,6,6,21,0,0,0,0,21,6,6,21,6,6,21,18,15,21,18,0,0,21,0,0,21,0,0,0,0,21,0,0,0,0,21,0,0,0,0,0
128,08/05/2020,0,0,0,0,1,206174,30900,79.63,80.95,64.17,58.65,100,0.013541853,21,6,6,6,21,6,6,6,21,6,6,21,6,6,6,6,21,6,0,21,6,6,0,21,6,6,21,0,0,0,0,21,6,6,21,6,6,21,18,15,21,18,0,0,21,0,0,21,0,0,0,0,21,0,0,0,0,21,0,0,0,0,0
129,09/05/2020,0,0,0,0,1,208324,31175,79.63,80.95,64.17,58.65,100,-5.35E-05,21,6,6,6,21,9,6,6,21,6,6,21,6,6,6,6,21,6,0,21,6,6,0,21,6,6,21,0,0,0,0,21,6,6,21,6,6,21,18,15,21,18,0,0,21,0,0,21,0,0,0,0,21,0,0,0,0,21,0,0,0,0,0
130,10/05/2020,0,0,0,0,1,210645,31392,79.63,80.95,64.17,58.65,100,0.002426925,21,6,6,6,21,9,6,6,21,9,6,21,6,6,6,6,21,6,0,21,6,6,0,21,6,6,21,0,0,0,0,21,6,6,21,9,6,21,18,15,21,18,0,0,21,0,0,21,0,0,0,0,21,0,0,0,0,21,0,0,0,0,0
131,11/05/2020,0,0,0,0,1,214228,31579,77.78,77.38,63.06,57.37,100,-0.007819783,21,6,6,6,21,0,0,0,21,9,6,21,6,6,6,6,21,6,0,21,6,6,0,21,6,6,21,0,0,0,0,21,6,6,21,9,6,21,18,15,21,18,0,0,21,0,0,21,0,0,0,0,21,0,0,0,0,21,0,0,0,0,0
132,12/05/2020,0,0,0,0,1,217617,32193,77.78,77.38,63.06,57.37,100,-0.002025358,21,6,6,6,21,0,0,0,21,9,6,21,6,6,6,6,21,6,0,21,6,6,0,21,6,6,21,0,0,0,0,21,6,6,21,9,9,21,18,15,21,18,0,0,21,0,0,21,0,0,0,0,21,0,0,0,0,21,0,0,0,0,0
133,13/05/2020,0,0,0,0,1,220915,32640,71.3,72.62,59.17,52.88,100,-0.008551585,22,6,6,6,22,0,0,0,22,9,6,22,6,6,6,6,22,9,0,22,6,0,0,22,0,0,22,0,0,0,0,22,9,9,22,9,9,22,18,15,22,18,0,0,22,0,0,22,0,0,0,0,22,0,0,0,0,22,0,0,0,0,0
134,14/05/2020,0,0,0,0,1,223524,32992,71.3,72.62,59.17,52.88,100,-0.002169864,22,6,6,6,22,0,0,0,22,6,6,22,6,6,6,6,22,9,0,22,6,0,0,22,0,0,22,0,0,0,0,22,9,9,22,9,9,22,18,15,22,18,0,0,22,0,0,22,0,0,0,0,22,0,0,0,0,22,0,0,0,0,0
135,15/05/2020,0,0,0,0,1,226041,33342,71.3,72.62,59.17,52.88,100,-0.00612553,22,6,6,6,22,0,0,0,22,9,9,22,6,6,6,6,22,9,0,22,6,0,0,22,0,0,22,0,0,0,0,22,9,9,22,9,9,22,18,15,22,18,0,0,22,0,0,22,0,0,0,0,22,0,0,0,0,22,0,0,0,0,0
136,16/05/2020,0,0,0,0,1,228106,33753,71.3,72.62,59.17,52.88,100,-0.00561566,22,9,9,9,22,0,0,0,22,9,9,22,6,6,6,6,22,9,0,22,9,0,0,22,0,0,22,0,0,0,0,22,9,9,22,9,9,22,18,15,22,18,0,0,22,0,0,22,0,0,0,0,22,3,0,0,0,22,0,0,0,0,0
137,17/05/2020,0,0,0,0,1,229932,33820,71.3,72.62,59.17,52.88,100,-0.004637018,22,9,9,9,22,0,0,0,22,9,9,22,9,9,9,9,22,9,0,22,9,0,0,22,0,0,22,0,0,0,0,22,9,9,22,9,9,22,18,15,22,18,0,0,22,0,0,22,0,0,0,0,22,3,0,0,0,22,0,0,0,0,0
138,18/05/2020,0,0,0,0,1,232506,33966,71.3,72.62,61.39,55.45,100,0.005551572,22,9,9,9,22,0,0,0,22,9,9,22,9,9,9,9,22,9,0,22,9,0,0,22,0,0,22,0,0,0,0,22,9,9,22,9,9,22,18,18,22,18,0,0,22,0,0,22,0,0,0,0,22,3,0,0,0,22,0,0,0,0,0
139,19/05/2020,0,0,0,0,1,235547,34466,71.3,72.62,61.39,55.45,100,0.004745744,23,9,9,9,23,0,0,0,23,9,9,23,9,9,9,9,23,9,0,23,9,0,0,23,0,0,23,0,0,0,0,23,9,9,23,9,9,23,18,18,23,18,0,0,23,0,0,23,0,0,0,0,23,3,0,0,0,23,0,0,0,0,0
140,20/05/2020,0,24500000,0,0,1,238253,34794,71.3,72.62,61.39,55.45,100,0.001590506,23,9,9,9,23,0,0,0,23,9,9,23,9,9,9,9,23,9,0,23,9,0,0,23,0,0,23,0,0,0,0,23,9,9,23,9,9,23,18,18,23,18,0,0,23,0,0,23,0,0,0,0,23,3,0,0,0,23,0,0,0,0,0
141,21/05/2020,0,0,0,0,1,240795,35067,71.3,72.62,61.39,55.45,100,-0.004492554,23,9,9,9,23,0,0,0,23,9,9,23,9,9,9,9,23,9,0,23,9,0,0,23,0,0,23,0,0,0,0,23,9,9,23,9,9,23,18,18,23,18,0,0,23,0,0,23,0,0,0,0,23,3,0,0,0,23,0,0,0,0,0
142,22/05/2020,0,0,0,0,1,242825,35358,71.3,72.62,61.39,55.45,100,-0.002089779,23,9,9,9,23,0,0,0,23,9,9,23,9,9,9,9,23,9,0,23,9,0,0,23,0,0,23,0,0,0,0,23,9,9,23,9,9,23,18,18,23,18,0,0,23,0,0,23,0,0,0,0,23,3,0,0,0,23,0,0,0,0,0
143,23/05/2020,0,0,0,0,1,244332,35578,71.3,72.62,61.39,55.45,100,-0.001663942,23,9,9,9,23,0,0,0,23,9,9,23,9,9,9,9,23,9,0,23,9,0,0,23,0,0,23,0,0,0,0,23,9,9,23,9,9,23,18,18,23,18,0,0,23,0,0,23,0,0,0,0,23,3,0,0,0,23,0,0,0,0,0
144,24/05/2020,0,0,0,0,1,245680,35957,71.3,72.62,61.39,55.45,100,-0.002748759,23,9,9,9,23,0,0,0,23,9,9,23,9,9,9,9,23,9,0,23,9,0,0,23,0,0,23,0,0,0,0,23,9,9,23,9,9,23,18,18,23,18,0,0,23,0,0,23,0,0,0,0,23,3,0,0,0,23,0,0,0,0,0
145,25/05/2020,0,0,0,0,1,247287,36061,71.3,72.62,61.39,55.45,100,0.000533104,24,9,9,9,24,0,0,0,24,9,9,24,9,9,9,9,24,9,0,24,9,0,0,24,0,0,24,0,0,0,0,24,9,9,24,9,9,24,21,18,24,21,0,0,24,0,0,24,0,0,0,0,24,3,0,0,0,24,0,0,0,0,0
146,26/05/2020,0,0,0,0,1,248937,36192,71.3,72.62,61.39,55.45,100,0.013236056,24,9,9,9,24,0,0,0,24,9,9,24,9,9,9,9,24,9,0,24,9,0,0,24,0,0,24,0,0,0,0,24,9,9,24,9,9,24,21,18,24,21,0,0,24,0,0,24,0,0,0,0,24,3,0,0,0,24,0,0,0,0,0
147,27/05/2020,0,0,0,0,1,250739,36614,71.3,72.62,64.72,59.29,100,-0.011843127,24,9,9,9,24,0,0,0,24,9,9,24,9,9,9,9,24,9,0,24,9,0,0,24,0,0,24,0,0,0,0,24,9,9,24,9,9,24,21,18,24,21,0,0,24,0,0,24,0,0,0,0,24,3,0,0,0,24,0,0,0,0,0
148,28/05/2020,0,0,0,0,1,252473,36957,71.3,72.62,64.72,59.29,100,0.008723,24,9,9,9,24,0,0,0,24,12,9,24,9,9,9,9,24,9,0,24,9,0,0,24,0,0,24,0,0,0,0,24,9,9,24,12,9,24,21,18,24,21,0,0,24,0,0,24,0,0,0,0,24,3,0,0,0,24,0,0,0,0,0
149,29/05/2020,0,0,0,0,1,253977,37231,69.44,72.62,63.61,58.01,100,0.003484183,24,9,9,9,24,0,0,0,24,12,9,24,9,9,9,9,24,9,0,24,9,0,0,24,0,0,24,0,0,0,0,24,9,9,24,12,9,24,21,18,24,21,0,0,24,0,0,24,0,0,0,0,24,3,0,0,0,24,0,0,0,0,0
150,30/05/2020,0,0,0,0,1,255076,37385,69.44,72.62,63.61,58.01,100,0.000121352,24,9,9,9,24,0,0,0,24,12,9,24,9,9,9,9,24,9,0,24,9,0,0,24,0,0,24,0,0,0,0,24,9,9,24,12,12,24,21,18,24,21,0,0,24,0,0,24,0,0,0,0,24,3,0,0,0,24,0,0,0,0,0
151,31/05/2020,0,0,0,0,1,256145,37445,69.44,72.62,63.61,58.01,100,0.004109512,25,9,9,9,25,0,0,0,25,12,9,25,9,9,9,9,25,12,0,25,9,0,0,25,0,0,25,0,0,0,0,25,12,12,25,12,12,25,21,18,25,21,0,0,25,0,0,25,0,0,0,0,25,3,0,0,0,25,0,0,0,0,0
152,01/06/2020,0,0,0,0,1,257579,37531,67.59,69.05,65.83,60.58,100,0.009659578,25,0,0,0,25,0,0,0,25,9,9,25,9,9,9,9,25,12,0,25,9,0,0,25,0,0,25,0,0,0,0,25,12,12,25,12,12,25,21,18,25,21,0,0,25,0,0,25,0,0,0,0,25,3,0,0,0,25,0,0,0,0,0
153,02/06/2020,0,0,0,0,1,259046,37780,67.59,69.05,65.83,60.58,100,0.00591056,25,0,0,0,25,0,0,0,25,12,12,25,9,9,9,9,25,12,0,25,9,0,0,25,0,0,25,0,0,0,0,25,12,12,25,12,12,25,21,18,25,21,0,0,25,0,0,25,0,0,0,0,25,3,0,0,0,25,0,0,0,0,0
154,03/06/2020,0,0,0,0,1,260388,38034,67.59,69.05,65.83,60.58,100,0.003140719,25,0,0,0,25,0,0,0,25,12,12,25,9,9,9,9,25,12,0,25,12,0,0,25,0,0,25,0,0,0,0,25,12,12,25,12,12,25,21,18,25,21,0,0,25,0,0,25,0,0,0,0,25,6,0,0,0,25,0,0,0,0,0
155,04/06/2020,0,0,0,0,1,261622,38164,67.59,69.05,65.83,60.58,100,0.000872877,25,0,0,0,25,0,0,0,25,12,12,25,12,12,12,12,25,12,0,25,12,0,0,25,0,0,25,0,0,0,0,25,12,12,25,12,12,25,21,18,25,21,0,0,25,0,0,25,0,0,0,0,25,6,0,0,0,25,0,0,0,0,0
156,05/06/2020,0,0,0,0,1,262727,38422,67.59,69.05,65.83,60.58,100,0.009315979,25,0,0,0,25,0,0,0,25,12,12,25,12,12,12,12,25,12,0,25,12,0,0,25,0,0,25,0,0,0,0,25,12,12,25,12,12,25,21,21,25,21,3,0,25,0,0,25,0,0,0,0,25,6,0,0,0,25,0,0,0,0,0
157,06/06/2020,0,0,0,0,1,263518,38565,67.59,69.05,65.83,60.58,100,0.004443192,26,0,0,0,26,0,0,0,26,12,12,26,12,12,12,12,26,12,0,26,12,0,0,26,0,0,26,0,0,0,0,26,12,12,26,12,12,26,21,21,26,21,3,0,26,0,0,26,0,0,0,0,26,6,0,0,0,26,0,0,0,0,0
158,07/06/2020,0,0,0,0,1,264235,38619,67.59,69.05,65.83,60.58,100,0.00487735,26,0,0,0,26,0,0,0,26,12,12,26,12,12,12,12,26,12,0,26,12,0,0,26,0,0,26,0,0,0,0,26,12,12,26,12,12,26,21,21,26,21,3,0,26,0,0,26,0,0,0,0,26,6,0,0,0,26,0,0,0,0,0
159,08/06/2020,0,0,0,0,1,265321,38666,73.15,76.19,69.17,64.42,100,-0.002163354,26,0,0,0,26,0,0,0,26,12,12,26,12,12,12,12,26,12,0,26,12,0,0,26,0,0,26,0,0,0,0,26,12,12,26,12,12,26,21,21,26,21,3,0,26,0,0,26,0,0,0,0,26,6,0,0,0,26,0,0,0,0,0
160,09/06/2020,0,0,0,0,1,266474,38861,73.15,76.19,69.17,64.42,100,0.001927579,26,0,0,0,26,0,0,0,26,12,12,26,12,12,12,12,26,12,0,26,12,0,0,26,0,0,26,0,0,0,0,26,12,12,26,12,12,26,21,21,26,21,3,0,26,0,0,26,0,0,0,0,26,6,0,0,0,26,0,0,0,0,0
161,10/06/2020,0,0,0,0,1,267656,39025,73.15,76.19,69.17,64.42,100,0.002551272,26,0,0,0,26,0,0,0,26,12,12,26,12,12,12,12,26,12,0,26,12,0,0,26,0,0,26,0,0,0,0,26,12,12,26,12,12,26,21,21,26,21,3,0,26,0,0,26,0,0,0,0,26,6,0,0,0,26,0,0,0,0,0
162,11/06/2020,0,0,0,0,1,268657,39101,73.15,76.19,69.17,64.42,100,-0.008819649,26,0,0,0,26,0,0,0,26,12,12,26,12,12,12,12,26,12,0,26,12,0,0,26,0,0,26,0,0,0,0,26,12,12,26,12,12,26,21,21,26,21,3,0,26,0,0,26,0,0,0,0,26,6,0,0,0,26,0,0,0,0,0
163,12/06/2020,0,0,0,0,1,269710,39232,73.15,76.19,69.17,64.42,100,-0.008180167,27,0,0,0,27,0,0,0,27,12,12,27,12,12,12,12,27,12,0,27,12,0,0,27,0,0,27,0,0,0,0,27,12,12,27,12,12,27,24,21,27,24,3,0,27,0,0,27,0,0,0,0,27,6,0,0,0,27,0,0,0,0,0
164,13/06/2020,0,0,0,0,1,270597,39339,73.15,76.19,69.17,64.42,100,-0.004816181,27,0,0,0,27,0,0,0,27,12,12,27,12,12,12,12,27,12,0,27,12,0,0,27,0,0,27,0,0,0,0,27,12,12,27,12,12,27,24,21,27,24,3,0,27,0,0,27,0,0,0,0,27,6,0,0,0,27,0,0,0,0,0
165,14/06/2020,0,0,0,0,1,271404,39366,73.15,76.19,69.17,64.42,100,-0.007271999,27,0,0,0,27,0,0,0,27,12,12,27,12,12,12,12,27,12,0,27,12,0,0,27,0,0,27,0,0,0,0,27,12,12,27,12,12,27,24,21,27,24,3,0,27,3,0,27,0,0,0,0,27,6,0,0,0,27,0,0,0,0,0
166,15/06/2020,0,0,0,0,1,272430,39395,71.3,76.19,68.06,63.14,100,0.002111008,27,0,0,0,27,0,0,0,27,15,12,27,12,12,12,12,27,12,0,27,0,0,0,27,0,0,27,0,0,0,0,27,12,12,27,15,12,27,24,21,27,24,3,0,27,3,0,27,0,0,0,0,27,6,0,0,0,27,0,0,0,0,0
167,16/06/2020,0,0,0,0,1,273507,39515,71.3,76.19,68.06,63.14,100,7.96E-05,27,0,0,0,27,3,3,0,27,15,12,27,12,12,12,12,27,12,0,27,0,0,0,27,0,0,27,0,0,0,0,27,12,12,27,15,12,27,24,21,27,24,3,0,27,3,0,27,0,0,0,0,27,6,0,0,0,27,0,0,0,0,0
168,17/06/2020,0,0,0,0,1,274504,39625,71.3,76.19,68.06,63.14,100,-0.002190581,27,0,0,0,27,3,3,0,27,15,12,27,12,12,12,12,27,12,0,27,0,0,0,27,0,0,27,0,0,0,0,27,12,12,27,15,15,27,24,21,27,24,3,0,27,3,0,27,0,0,0,0,27,6,0,0,0,27,0,0,0,0,0
169,18/06/2020,0,0,0,0,1,275524,39692,71.3,76.19,68.06,63.14,100,-0.009857034,28,0,0,0,28,3,3,0,28,15,12,28,12,12,12,12,28,15,0,28,0,0,0,28,0,0,28,0,0,0,0,28,15,15,28,15,15,28,24,21,28,24,3,0,28,3,0,28,0,0,0,0,28,6,0,0,0,28,0,0,0,0,0
170,19/06/2020,0,0,0,0,1,276504,39776,71.3,76.19,68.06,63.14,100,-0.004277477,28,0,0,0,28,3,3,0,28,12,12,28,12,12,12,12,28,15,0,28,0,0,0,28,0,0,28,0,0,0,0,28,15,15,28,15,15,28,24,21,28,24,3,0,28,3,3,28,0,0,0,0,28,6,0,0,0,28,0,0,0,0,0
171,20/06/2020,0,0,0,0,1,277170,39847,71.3,76.19,68.06,63.14,100,-0.005441697,28,0,0,0,28,3,3,0,28,15,15,28,12,12,12,12,28,15,0,28,0,0,0,28,0,0,28,0,0,0,0,28,15,15,28,15,15,28,24,21,28,24,3,0,28,3,3,28,0,0,0,0,28,6,0,0,0,28,0,0,0,0,0
172,21/06/2020,0,0,0,0,1,277792,39878,71.3,76.19,68.06,63.14,100,-0.006525403,28,0,0,0,28,3,3,0,28,15,15,28,12,12,12,12,28,15,0,28,0,0,0,28,0,0,28,0,0,0,0,28,15,15,28,15,15,28,24,21,28,24,3,0,28,3,3,28,0,0,0,0,28,9,0,0,0,28,0,0,0,0,0
173,22/06/2020,0,0,0,0,2,278684,39892,71.3,76.19,69.72,65.06,100,0.006650435,28,0,0,0,28,3,3,0,28,15,15,28,15,15,15,15,28,15,0,28,0,0,0,28,0,0,28,0,0,0,0,28,15,15,28,15,15,28,24,21,28,24,3,0,28,3,3,28,0,0,0,0,28,9,0,0,0,28,0,0,0,0,0
174,23/06/2020,0,0,0,0,2,279566,39986,71.3,76.19,69.72,65.06,100,0.006207345,28,0,0,0,28,3,3,0,28,15,15,28,15,15,15,15,28,15,0,28,0,0,0,28,0,0,28,0,0,0,0,28,15,15,28,15,15,28,24,24,28,24,6,0,28,3,3,28,0,0,0,0,28,9,0,0,0,28,0,0,0,0,0
175,24/06/2020,0,0,0,0,2,280340,40073,71.3,76.19,69.72,65.06,100,-0.006006505,29,0,0,0,29,3,3,0,29,15,15,29,15,15,15,15,29,15,0,29,0,0,0,29,0,0,29,0,0,0,0,29,15,15,29,15,15,29,24,24,29,24,6,0,29,3,3,29,0,0,0,0,29,9,0,0,0,29,0,0,0,0,0
176,25/06/2020,0,0,0,0,2,281037,40172,71.3,76.19,69.72,65.06,100,-0.003540681,29,0,0,0,29,3,3,0,29,15,15,29,15,15,15,15,29,15,0,29,0,0,0,29,0,0,29,0,0,0,0,29,15,15,29,15,15,29,24,24,29,24,6,0,29,3,3,29,0,0,0,0,29,9,0,0,0,29,0,0,0,0,0
177,26/06/2020,0,0,0,0,2,281675,40249,71.3,76.19,69.72,65.06,100,-0.007078602,29,0,0,0,29,3,3,0,29,15,15,29,15,15,15,15,29,15,0,29,0,0,0,29,0,0,29,3,3,0,0,29,15,15,29,15,15,29,24,24,29,24,6,0,29,3,3,29,0,0,0,0,29,9,0,0,0,29,0,0,0,0,0
178,27/06/2020,0,0,0,0,2,282308,40289,71.3,76.19,69.72,65.06,100,-0.005541929,29,0,0,0,29,3,3,0,29,15,15,29,15,15,15,15,29,15,0,29,0,0,0,29,0,0,29,3,3,0,0,29,15,15,29,15,15,29,24,24,29,24,6,0,29,3,3,29,0,0,0,0,29,9,0,0,0,29,0,0,0,0,0
179,28/06/2020,0,0,0,0,2,282703,40320,71.3,76.19,69.72,65.06,100,-0.005387071,29,0,0,0,29,3,3,0,29,15,15,29,15,15,15,15,29,15,0,29,0,0,0,29,0,0,29,3,3,0,0,29,15,15,29,15,15,29,24,24,29,24,6,0,29,3,3,29,0,0,0,0,29,9,0,0,0,29,0,0,0,0,0
180,29/06/2020,0,0,0,0,2,283307,40341,71.3,76.19,69.72,65.06,100,-0.004026769,29,0,0,0,29,3,3,0,29,15,15,29,15,15,15,15,29,15,0,29,0,0,0,29,0,0,29,3,3,0,0,29,15,15,29,15,15,29,24,24,29,24,6,0,29,3,3,29,0,0,0,0,29,9,0,0,0,29,0,0,0,0,0
181,30/06/2020,0,0,0,0,2,283710,40394,71.3,76.19,69.72,65.06,100,0.007147529,30,0,0,0,30,3,3,0,30,15,15,30,15,15,15,15,30,15,0,30,0,0,0,30,0,0,30,3,3,0,0,30,15,15,30,15,15,30,27,24,30,27,6,0,30,3,3,30,0,0,0,0,30,9,0,0,0,30,0,0,0,0,0
182,01/07/2020,0,0,0,0,2,283770,40491,71.3,76.19,69.72,65.06,100,0.008221212,30,0,0,0,30,3,3,0,30,15,15,30,15,15,15,15,30,15,0,30,0,0,0,30,0,0,30,3,3,0,0,30,15,15,30,15,15,30,27,24,30,27,6,0,30,3,3,30,0,0,0,0,30,9,0,0,0,30,0,0,0,0,0
183,02/07/2020,0,0,0,0,2,283774,40532,71.3,76.19,69.72,65.06,100,0.000641952,30,0,0,0,30,3,3,0,30,15,15,30,15,15,15,15,30,15,0,30,0,0,0,30,0,0,30,3,3,0,0,30,15,15,30,15,15,30,27,24,30,27,6,0,30,6,3,30,0,0,0,0,30,9,0,0,0,30,0,0,0,0,0
184,03/07/2020,0,0,0,0,2,284276,40581,71.3,76.19,69.72,65.06,100,0.00012032,30,0,0,0,30,3,3,0,30,18,15,30,15,15,15,15,30,15,0,30,0,0,0,30,0,0,30,3,3,0,0,30,15,15,30,18,15,30,27,24,30,27,6,0,30,6,3,30,0,0,0,0,30,9,0,0,0,30,0,0,0,0,0
185,04/07/2020,0,0,0,0,2,284900,40613,69.91,76.19,68.89,64.1,100,0.002994494,30,0,0,0,30,6,6,0,30,18,15,30,0,0,0,0,30,15,0,30,0,0,0,30,0,0,30,3,3,0,0,30,15,15,30,18,15,30,27,24,30,27,6,0,30,6,3,30,0,0,0,0,30,9,0,0,0,30,0,0,0,0,0
186,05/07/2020,0,0,0,0,2,285416,40632,69.91,76.19,68.89,64.1,100,0.001252255,30,0,0,0,30,6,6,0,30,18,15,30,0,0,0,0,30,15,0,30,0,0,0,30,0,0,30,3,3,0,0,30,15,15,30,18,18,30,27,24,30,27,6,0,30,6,3,30,0,0,0,0,30,9,0,0,0,30,0,0,0,0,0
187,06/07/2020,0,0,0,0,2,285768,40643,64.35,71.43,65.56,60.26,100,0.003403066,31,0,0,0,31,6,6,0,31,18,15,31,0,0,0,0,31,18,0,31,0,0,0,31,0,0,31,3,3,0,0,31,18,18,31,18,18,31,27,24,31,27,6,0,31,6,3,31,0,0,0,0,31,9,0,0,0,31,0,0,0,0,0
188,07/07/2020,37600000000,0,0,0,2,286349,40697,64.35,71.43,65.56,60.26,100,0.005182392,31,0,0,0,31,6,6,0,31,15,15,31,0,0,0,0,31,18,0,31,0,0,0,31,0,0,31,3,3,0,0,31,18,18,31,18,18,31,27,24,31,27,6,0,31,6,6,31,0,0,0,0,31,9,0,0,0,31,0,0,0,0,0
189,08/07/2020,0,0,0,0,2,286979,40754,64.35,71.43,65.56,60.26,100,0.001509794,31,0,0,0,31,6,6,0,31,18,18,31,0,0,0,0,31,18,0,31,0,0,0,31,0,0,31,3,3,0,0,31,18,18,31,18,18,31,27,24,31,27,6,0,31,6,6,31,0,0,0,0,31,9,0,0,0,31,0,0,0,0,0
190,09/07/2020,0,0,0,0,2,287621,40785,64.35,71.43,65.56,60.26,100,0.001705707,31,0,0,0,31,6,6,0,31,18,18,31,0,0,0,0,31,18,0,31,0,0,0,31,0,0,31,3,3,0,0,31,18,18,31,18,18,31,27,24,31,27,6,0,31,6,6,31,0,0,0,0,31,12,0,0,0,31,0,0,0,0,0
191,10/07/2020,0,0,0,0,2,288133,40819,64.35,71.43,65.56,60.26,100,0.003600186,31,0,0,0,31,6,6,0,31,18,18,31,0,0,0,0,31,18,0,31,0,0,0,31,0,0,31,3,3,0,0,31,18,18,31,18,18,31,27,24,31,27,6,0,31,6,6,31,0,0,0,0,31,12,3,0,0,31,0,0,0,0,0
192,11/07/2020,0,0,0,0,2,288953,40836,64.35,71.43,65.56,60.26,100,0.002271896,31,0,0,0,31,6,6,0,31,18,18,31,0,0,0,0,31,18,0,31,0,0,0,31,0,0,31,3,3,0,0,31,18,18,31,18,18,31,27,27,31,27,9,0,31,6,6,31,0,0,0,0,31,12,3,0,0,31,0,0,0,0,0
193,12/07/2020,0,0,0,0,2,289603,40845,64.35,71.43,65.56,60.26,100,0.002525929,32,0,0,0,32,6,6,0,32,18,18,32,0,0,0,0,32,18,0,32,0,0,0,32,0,0,32,3,3,0,0,32,18,18,32,18,18,32,27,27,32,27,9,0,32,6,6,32,0,0,0,0,32,12,3,0,0,32,0,0,0,0,0
194,13/07/2020,0,0,0,0,2,290133,40855,64.35,71.43,65.56,60.26,100,-0.003441663,32,0,0,0,32,6,6,0,32,18,18,32,0,0,0,0,32,18,0,32,0,0,0,32,0,0,32,3,3,0,0,32,18,18,32,18,18,32,27,27,32,27,9,0,32,6,6,32,0,0,0,0,32,12,3,0,0,32,0,0,0,0,0
195,14/07/2020,0,0,0,0,2,291373,40899,64.35,71.43,65.56,60.26,100,-0.007038782,32,0,0,0,32,6,6,0,32,18,18,32,0,0,0,0,32,18,0,32,0,0,0,32,0,0,32,6,6,0,0,32,18,18,32,18,18,32,27,27,32,27,9,0,32,6,6,32,0,0,0,0,32,12,3,0,0,32,0,0,0,0,0
196,15/07/2020,0,0,0,0,2,291911,40925,64.35,71.43,65.56,60.26,100,0.007395366,32,0,0,0,32,6,6,0,32,18,18,32,0,0,0,0,32,18,0,32,0,0,0,32,0,0,32,6,6,0,0,32,18,18,32,18,18,32,27,27,32,27,9,0,32,6,6,32,0,0,0,0,32,12,3,0,0,32,0,0,0,0,0
197,16/07/2020,0,0,0,0,2,292552,40949,64.35,71.43,65.56,60.26,100,-0.001665147,32,0,0,0,32,6,6,0,32,18,18,32,0,0,0,0,32,18,0,32,0,0,0,32,0,0,32,6,6,0,0,32,18,18,32,18,18,32,27,27,32,27,9,0,32,6,6,32,0,0,0,0,32,12,3,0,0,32,0,0,0,0,0
198,17/07/2020,0,0,0,0,2,293239,40975,64.35,71.43,65.56,60.26,100,-0.005251444,32,0,0,0,32,6,6,0,32,18,18,32,0,0,0,0,32,18,0,32,0,0,0,32,0,0,32,6,6,0,0,32,18,18,32,18,18,32,27,27,32,27,9,0,32,6,6,32,0,0,0,0,32,12,3,0,0,32,0,0,0,0,0
199,18/07/2020,0,0,0,0,2,294066,40984,64.35,71.43,65.56,60.26,100,0.000159591,33,0,0,0,33,6,6,0,33,18,18,33,0,0,0,0,33,18,0,33,0,0,0,33,0,0,33,6,6,0,0,33,18,18,33,18,18,33,30,27,33,30,9,0,33,6,6,33,0,0,0,0,33,12,3,0,0,33,0,0,0,0,0
200,19/07/2020,0,0,0,0,2,294792,40995,64.35,71.43,65.56,60.26,100,-0.002252333,33,0,0,0,33,6,6,0,33,18,18,33,0,0,0,0,33,18,0,33,0,0,0,33,0,0,33,6,6,0,0,33,18,18,33,18,18,33,30,27,33,30,9,0,33,6,6,33,0,0,0,0,33,12,3,0,0,33,0,0,0,0,0
201,20/07/2020,0,0,0,0,2,295372,41005,64.35,71.43,65.56,60.26,100,0.008895301,33,0,0,0,33,6,6,0,33,18,18,33,0,0,0,0,33,18,0,33,0,0,0,33,0,0,33,6,6,0,0,33,18,18,33,18,18,33,30,27,33,30,9,0,33,9,6,33,0,0,0,0,33,12,3,0,0,33,0,0,0,0,0
202,21/07/2020,0,0,0,0,2,295817,41030,64.35,71.43,65.56,60.26,100,0.008111239,33,0,0,0,33,6,6,0,33,21,18,33,0,0,0,0,33,18,0,33,0,0,0,33,0,0,33,6,6,0,0,33,18,18,33,21,18,33,30,27,33,30,9,0,33,9,6,33,0,0,0,0,33,12,3,0,0,33,0,0,0,0,0
203,22/07/2020,0,0,0,0,2,296377,41047,64.35,71.43,65.56,60.26,100,-0.001452034,33,0,0,0,33,9,9,0,33,21,18,33,0,0,0,0,33,18,0,33,0,0,0,33,0,0,33,6,6,0,0,33,18,18,33,21,18,33,30,27,33,30,9,0,33,9,6,33,0,0,0,0,33,12,3,0,0,33,0,0,0,0,0
204,23/07/2020,0,0,0,0,2,297146,41056,64.35,71.43,65.56,60.26,100,0.001020568,33,0,0,0,33,9,9,0,33,21,18,33,0,0,0,0,33,18,0,33,0,0,0,33,0,0,33,6,6,0,0,33,18,18,33,21,21,33,30,27,33,30,9,0,33,9,6,33,0,0,0,0,33,12,3,0,0,33,0,0,0,0,0
205,24/07/2020,0,0,0,0,2,297914,41088,64.35,71.43,65.56,60.26,100,0.003407425,34,0,0,0,34,9,9,0,34,21,18,34,0,0,0,0,34,21,0,34,0,0,0,34,0,0,34,6,6,0,0,34,21,21,34,21,21,34,30,27,34,30,9,0,34,9,6,34,0,0,0,0,34,12,3,0,0,34,0,0,0,0,0
206,25/07/2020,0,0,0,0,2,298681,41103,64.35,71.43,65.56,60.26,100,0.000991987,34,0,0,0,34,9,9,0,34,18,18,34,0,0,0,0,34,21,0,34,0,0,0,34,0,0,34,6,6,0,0,34,21,21,34,21,21,34,30,27,34,30,9,0,34,9,9,34,0,0,0,0,34,12,3,0,0,34,0,0,0,0,0
207,26/07/2020,0,0,0,0,2,299426,41111,64.35,71.43,65.56,60.26,100,0.00180666,34,0,0,0,34,9,9,0,34,21,21,34,0,0,0,0,34,21,0,34,0,0,0,34,0,0,34,6,6,0,0,34,21,21,34,21,21,34,30,27,34,30,9,0,34,9,9,34,0,0,0,0,34,12,3,0,0,34,0,0,0,0,0
208,27/07/2020,0,0,0,0,2,300111,41114,64.35,71.43,65.56,60.26,100,0.008409955,34,0,0,0,34,9,9,0,34,21,21,34,0,0,0,0,34,21,0,34,0,0,0,34,0,0,34,6,6,0,0,34,21,21,34,21,21,34,30,27,34,30,9,0,34,9,9,34,0,0,0,0,34,15,3,0,0,34,0,0,0,0,0
209,28/07/2020,0,0,0,0,2,300658,41135,64.35,71.43,65.56,60.26,100,0.003753802,34,0,0,0,34,9,9,0,34,21,21,34,0,0,0,0,34,21,0,34,0,0,0,34,0,0,34,6,6,0,0,34,21,21,34,21,21,34,30,27,34,30,9,0,34,9,9,34,0,0,0,0,34,15,6,0,0,34,0,0,0,0,0
210,29/07/2020,0,0,0,0,2,301455,41169,64.35,71.43,65.56,60.26,100,0.001466729,34,0,0,0,34,9,9,0,34,21,21,34,0,0,0,0,34,21,0,34,0,0,0,34,0,0,34,6,6,0,0,34,21,21,34,21,21,34,30,30,34,30,12,0,34,9,9,34,0,0,0,0,34,15,6,0,0,34,0,0,0,0,0
211,30/07/2020,15302180,0,0,0,2,302301,41169,64.35,71.43,65.56,60.26,100,0.005960524,35,0,0,0,35,9,9,0,35,21,21,35,0,0,0,0,35,21,0,35,0,0,0,35,0,0,35,6,6,0,0,35,21,21,35,21,21,35,30,30,35,30,12,0,35,9,9,35,0,0,0,0,35,15,6,0,0,35,0,0,0,0,0
212,31/07/2020,0,0,0,0,2,303181,41189,64.35,71.43,65.56,60.26,100,0.006420568,35,0,0,0,35,9,9,0,35,21,21,35,0,0,0,0,35,21,0,35,0,0,0,35,0,0,35,6,6,0,0,35,21,21,35,21,21,35,30,30,35,30,12,0,35,9,9,35,0,0,0,0,35,15,6,0,0,35,0,0,0,0,0
213,01/08/2020,0,0,0,0,2,303942,41202,69.91,76.19,68.89,64.1,100,0.00461594,35,0,0,0,35,9,9,0,35,21,21,35,0,0,0,0,35,21,0,35,0,0,0,35,0,0,35,9,9,0,0,35,21,21,35,21,21,35,30,30,35,30,12,0,35,9,9,35,0,0,0,0,35,15,6,0,0,35,0,0,0,0,0
214,02/08/2020,0,0,0,0,2,304685,41207,69.91,76.19,68.89,64.1,100,0.005665678,35,0,0,0,35,9,9,0,35,21,21,35,0,0,0,0,35,21,0,35,0,0,0,35,0,0,35,9,9,0,0,35,21,21,35,21,21,35,30,30,35,30,12,0,35,9,9,35,0,0,0,0,35,15,6,0,0,35,0,0,0,0,0
215,03/08/2020,15302180,0,0,29074142,2,305623,41208,69.91,76.19,68.89,64.1,100,-0.007187674,35,0,0,0,35,9,9,0,35,21,21,35,0,0,0,0,35,21,0,35,0,0,0,35,0,0,35,9,9,0,0,35,21,21,35,21,21,35,30,30,35,30,12,0,35,9,9,35,0,0,0,0,35,15,6,0,0,35,0,0,0,0,0
216,04/08/2020,0,0,0,0,2,306293,41226,69.91,76.19,68.89,64.1,100,0.000997124,35,0,0,0,35,9,9,0,35,21,21,35,0,0,0,0,35,21,0,35,0,0,0,35,0,0,35,9,9,0,0,35,21,21,35,21,21,35,30,30,35,30,12,0,35,9,9,35,0,0,0,0,35,15,6,0,0,35,0,0,0,0,0
217,05/08/2020,0,0,0,0,2,307184,41240,69.91,76.19,68.89,64.1,100,0.007522996,36,0,0,0,36,9,9,0,36,21,21,36,0,0,0,0,36,21,0,36,0,0,0,36,0,0,36,9,9,0,0,36,21,21,36,21,21,36,33,30,36,33,12,0,36,9,9,36,0,0,0,0,36,15,6,0,0,36,0,0,0,0,0
218,06/08/2020,0,0,0,0,2,308134,41258,69.91,76.19,68.89,64.1,100,3.80E-05,36,0,0,0,36,9,9,0,36,21,21,36,0,0,0,0,36,21,0,36,0,0,0,36,0,0,36,9,9,0,0,36,21,21,36,21,21,36,33,30,36,33,12,0,36,9,9,36,0,0,0,0,36,15,6,0,0,36,0,0,0,0,0
219,07/08/2020,0,0,0,0,2,309005,41270,69.91,76.19,68.89,64.1,100,-0.007024538,36,0,0,0,36,9,9,0,36,21,21,36,0,0,0,0,36,21,0,36,0,0,0,36,0,0,36,9,9,0,0,36,21,21,36,21,21,36,33,30,36,33,12,0,36,12,9,36,0,0,0,0,36,15,6,0,0,36,0,0,0,0,0
220,08/08/2020,0,0,0,0,2,309763,41273,69.91,76.19,68.89,64.1,100,0.000178834,36,0,0,0,36,9,9,0,36,24,21,36,0,0,0,0,36,21,0,36,0,0,0,36,0,0,36,9,9,0,0,36,21,21,36,24,21,36,33,30,36,33,12,0,36,12,9,36,0,0,0,0,36,15,6,0,0,36,0,0,0,0,0
221,09/08/2020,0,0,0,0,2,310825,41278,69.91,76.19,68.89,64.1,100,-0.00226922,36,0,0,0,36,12,12,0,36,24,21,36,0,0,0,0,36,21,0,36,0,0,0,36,0,0,36,9,9,0,0,36,21,21,36,24,21,36,33,30,36,33,12,0,36,12,9,36,0,0,0,0,36,15,6,0,0,36,0,0,0,0,0
222,10/08/2020,0,0,0,0,2,311641,41296,69.91,76.19,68.89,64.1,100,0.002907424,36,0,0,0,36,12,12,0,36,24,21,36,0,0,0,0,36,21,0,36,0,0,0,36,0,0,36,9,9,0,0,36,21,21,36,24,24,36,33,30,36,33,12,0,36,12,9,36,0,0,0,0,36,15,6,0,0,36,0,0,0,0,0
223,11/08/2020,0,0,0,0,2,312789,41309,69.91,76.19,68.89,64.1,100,-0.000305647,37,0,0,0,37,12,12,0,37,24,21,37,0,0,0,0,37,24,0,37,0,0,0,37,0,0,37,9,9,0,0,37,24,24,37,24,24,37,33,30,37,33,12,0,37,12,9,37,0,0,0,0,37,15,6,0,0,37,0,0,0,0,0
224,12/08/2020,0,0,0,0,2,313798,41329,69.91,76.19,68.89,64.1,100,-0.002371936,37,0,0,0,37,12,12,0,37,21,21,37,0,0,0,0,37,24,0,37,0,0,0,37,0,0,37,9,9,0,0,37,24,24,37,24,24,37,33,30,37,33,12,0,37,12,12,37,0,0,0,0,37,15,6,0,0,37,0,0,0,0,0
225,13/08/2020,0,0,0,0,2,314927,41347,66.2,72.62,66.67,61.54,100,0.003097695,37,0,0,0,37,12,12,0,37,24,24,37,0,0,0,0,37,24,0,37,0,0,0,37,0,0,37,9,9,0,0,37,24,24,37,24,24,37,33,30,37,33,12,0,37,12,12,37,0,0,0,0,37,15,6,0,0,37,0,0,0,0,0
226,14/08/2020,0,0,0,0,2,316367,41358,66.2,72.62,66.67,61.54,100,0.001106722,37,0,0,0,37,12,12,0,37,24,24,37,0,0,0,0,37,24,0,37,0,0,0,37,0,0,37,9,9,0,0,37,24,24,37,24,24,37,33,30,37,33,12,0,37,12,12,37,0,0,0,0,37,18,6,0,0,37,0,0,0,0,0
227,15/08/2020,0,0,0,0,2,317379,41361,66.2,72.62,66.67,61.54,100,0.000610827,37,0,0,0,37,12,12,0,37,24,24,37,0,0,0,0,37,24,0,37,0,0,0,37,0,0,37,9,9,0,0,37,24,24,37,24,24,37,33,30,37,33,12,0,37,12,12,37,0,0,0,0,37,18,9,0,0,37,0,0,0,0,0
228,16/08/2020,0,0,0,0,2,318484,41366,66.2,72.62,66.67,61.54,100,0.001605081,37,0,0,0,37,12,12,0,37,24,24,37,0,0,0,0,37,24,0,37,0,0,0,37,0,0,37,9,9,0,0,37,24,24,37,24,24,37,33,33,37,33,15,0,37,12,12,37,0,0,0,0,37,18,9,0,0,37,0,0,0,0,0
229,17/08/2020,0,0,0,0,2,319197,41369,66.2,72.62,66.67,61.54,100,-0.000763126,38,0,0,0,38,12,12,0,38,24,24,38,0,0,0,0,38,24,0,38,0,0,0,38,0,0,38,9,9,0,0,38,24,24,38,24,24,38,33,33,38,33,15,0,38,12,12,38,0,0,0,0,38,18,9,0,0,38,0,0,0,0,0
230,18/08/2020,0,0,0,0,2,320286,41381,66.2,72.62,66.67,61.54,100,0.009043646,38,0,0,0,38,12,12,0,38,24,24,38,0,0,0,0,38,24,0,38,0,0,0,38,0,0,38,9,9,0,0,38,24,24,38,24,24,38,33,33,38,33,15,0,38,12,12,38,0,0,0,0,38,18,9,0,0,38,0,0,0,0,0
231,19/08/2020,0,0,0,0,2,321098,41397,66.2,72.62,66.67,61.54,100,-0.002575564,38,0,0,0,38,12,12,0,38,24,24,38,0,0,0,0,38,24,0,38,0,0,0,38,0,0,38,12,12,0,0,38,24,24,38,24,24,38,33,33,38,33,15,0,38,12,12,38,0,0,0,0,38,18,9,0,0,38,0,0,0,0,0
232,20/08/2020,0,0,0,0,2,322280,41403,66.2,72.62,66.67,61.54,100,-0.003419067,38,0,0,0,38,12,12,0,38,24,24,38,0,0,0,0,38,24,0,38,0,0,0,38,0,0,38,12,12,0,0,38,24,24,38,24,24,38,33,33,38,33,15,0,38,12,12,38,0,0,0,0,38,18,9,0,0,38,0,0,0,0,0
233,21/08/2020,0,0,0,0,2,323313,41405,66.2,72.62,66.67,61.54,100,-0.00507412,38,0,0,0,38,12,12,0,38,24,24,38,0,0,0,0,38,24,0,38,0,0,0,38,0,0,38,12,12,0,0,38,24,24,38,24,24,38,33,33,38,33,15,0,38,12,12,38,0,0,0,0,38,18,9,0,0,38,0,0,0,0,0
234,22/08/2020,0,0,0,0,2,324601,41423,66.2,72.62,66.67,61.54,100,-0.003689583,38,0,0,0,38,12,12,0,38,24,24,38,0,0,0,0,38,24,0,38,0,0,0,38,0,0,38,12,12,0,0,38,24,24,38,24,24,38,33,33,38,33,15,0,38,12,12,38,0,0,0,0,38,18,9,0,0,38,0,0,0,0,0
235,23/08/2020,0,0,0,0,2,325642,41429,66.2,72.62,66.67,61.54,100,-0.004060923,39,0,0,0,39,12,12,0,39,24,24,39,0,0,0,0,39,24,0,39,0,0,0,39,0,0,39,12,12,0,0,39,24,24,39,24,24,39,36,33,39,36,15,0,39,12,12,39,0,0,0,0,39,18,9,0,0,39,0,0,0,0,0
236,24/08/2020,0,0,0,0,2,326614,41433,66.2,72.62,66.67,61.54,100,-0.000267773,39,0,0,0,39,12,12,0,39,24,24,39,0,0,0,0,39,24,0,39,0,0,0,39,0,0,39,12,12,0,0,39,24,24,39,24,24,39,36,33,39,36,15,0,39,12,12,39,0,0,0,0,39,18,9,0,0,39,0,0,0,0,0
237,25/08/2020,0,0,0,0,2,327798,41449,66.2,72.62,66.67,61.54,100,0.003704203,39,0,0,0,39,12,12,0,39,24,24,39,0,0,0,0,39,24,0,39,0,0,0,39,0,0,39,12,12,0,0,39,24,24,39,24,24,39,36,33,39,36,15,0,39,15,12,39,0,0,0,0,39,18,9,0,0,39,0,0,0,0,0
238,26/08/2020,0,0,0,0,2,328846,41465,66.2,72.62,66.67,61.54,100,0.005663369,39,0,0,0,39,12,12,0,39,27,24,39,0,0,0,0,39,24,0,39,0,0,0,39,0,0,39,12,12,0,0,39,24,24,39,27,24,39,36,33,39,36,15,0,39,15,12,39,0,0,0,0,39,18,9,0,0,39,0,0,0,0,0
239,27/08/2020,0,0,0,0,2,330368,41477,66.2,72.62,66.67,61.54,100,-0.000151619,39,0,0,0,39,15,15,0,39,27,24,39,0,0,0,0,39,24,0,39,0,0,0,39,0,0,39,12,12,0,0,39,24,24,39,27,24,39,36,33,39,36,15,0,39,15,12,39,0,0,0,0,39,18,9,0,0,39,0,0,0,0,0
240,28/08/2020,0,0,0,0,2,331644,41486,66.2,72.62,66.67,61.54,100,0.010633183,39,0,0,0,39,15,15,0,39,27,24,39,0,0,0,0,39,24,0,39,0,0,0,39,0,0,39,12,12,0,0,39,24,24,39,27,27,39,36,33,39,36,15,0,39,15,12,39,0,0,0,0,39,18,9,0,0,39,0,0,0,0,0
241,29/08/2020,0,186920130,0,0,2,332752,41498,66.2,72.62,66.67,61.54,100,0.005381645,40,0,0,0,40,15,15,0,40,27,24,40,0,0,0,0,40,27,0,40,0,0,0,40,0,0,40,12,12,0,0,40,27,27,40,27,27,40,36,33,40,36,15,0,40,15,12,40,0,0,0,0,40,18,9,0,0,40,0,0,0,0,0
242,30/08/2020,0,0,0,0,2,334467,41499,66.2,72.62,63.33,57.69,100,0.005287736,40,0,0,0,40,15,15,0,40,24,24,40,0,0,0,0,40,27,0,40,0,0,0,40,0,0,40,12,12,0,0,40,27,27,40,27,27,40,36,33,40,36,15,0,40,15,0,40,0,0,0,0,40,18,9,0,0,40,0,0,0,0,0
243,31/08/2020,0,0,0,0,2,335873,41501,66.2,72.62,63.33,57.69,100,0.004378668,40,0,0,0,40,15,15,0,40,27,27,40,0,0,0,0,40,27,0,40,0,0,0,40,0,0,40,12,12,0,0,40,27,27,40,27,27,40,36,33,40,36,15,0,40,15,0,40,0,0,0,0,40,18,9,0,0,40,0,0,0,0,0
244,01/09/2020,0,0,0,0,2,337168,41504,64.35,72.62,62.22,56.41,100,0.004322397,40,0,0,0,40,15,15,0,40,27,27,40,0,0,0,0,40,27,0,40,0,0,0,40,0,0,40,12,12,0,0,40,27,27,40,27,27,40,36,33,40,36,15,0,40,15,0,40,0,0,0,0,40,21,9,0,0,40,0,0,0,0,0
245,02/09/2020,0,158429444,0,0,2,338676,41514,64.35,72.62,62.22,56.41,100,-0.010803641,40,0,0,0,40,15,15,0,40,27,27,40,0,0,0,0,40,27,0,40,0,0,0,40,0,0,40,12,12,0,0,40,27,27,40,27,27,40,36,33,40,36,15,0,40,15,0,40,0,0,0,0,40,21,12,0,0,40,0,0,0,0,0
246,03/09/2020,0,0,0,0,2,340411,41527,64.35,72.62,62.22,56.41,100,-0.002295348,40,0,0,0,40,15,15,0,40,27,27,40,0,0,0,0,40,27,0,40,0,0,0,40,0,0,40,12,12,0,0,40,27,27,40,27,27,40,36,36,40,36,18,0,40,15,0,40,0,0,0,0,40,21,12,0,0,40,0,0,0,0,0
247,04/09/2020,0,0,0,0,2,342351,41537,64.35,72.62,62.22,56.41,100,-0.004871519,41,0,0,0,41,15,15,0,41,27,27,41,0,0,0,0,41,27,0,41,0,0,0,41,0,0,41,12,12,0,0,41,27,27,41,27,27,41,36,36,41,36,18,0,41,15,0,41,0,0,0,0,41,21,12,0,0,41,0,0,0,0,0
248,05/09/2020,0,9247426,0,0,2,344164,41549,64.35,72.62,62.22,56.41,100,-0.00599017,41,0,0,0,41,15,15,0,41,27,27,41,0,0,0,0,41,27,0,41,0,0,0,41,0,0,41,12,12,0,0,41,27,27,41,27,27,41,36,36,41,36,18,0,41,15,0,41,0,0,0,0,41,21,12,0,0,41,0,0,0,0,0
249,06/09/2020,0,0,0,0,2,347152,41551,64.35,72.62,62.22,56.41,100,-0.004385679,41,0,0,0,41,15,15,0,41,27,27,41,0,0,0,0,41,27,0,41,0,0,0,41,0,0,41,15,15,0,0,41,27,27,41,27,27,41,36,36,41,36,18,0,41,15,0,41,0,0,0,0,41,21,12,0,0,41,0,0,0,0,0
250,07/09/2020,0,0,0,0,2,350100,41554,64.35,72.62,62.22,56.41,100,-0.002235993,41,0,0,0,41,15,15,0,41,27,27,41,0,0,0,0,41,27,0,41,0,0,0,41,0,0,41,15,15,0,0,41,27,27,41,27,27,41,36,36,41,36,18,0,41,15,0,41,0,0,0,0,41,21,12,0,0,41,0,0,0,0,0
251,08/09/2020,0,0,0,0,2,352560,41586,64.35,72.62,62.22,56.41,100,-0.011716126,41,0,0,0,41,15,15,0,41,27,27,41,0,0,0,0,41,27,0,41,0,0,0,41,0,0,41,15,15,0,0,41,27,27,41,27,27,41,36,36,41,36,18,0,41,15,0,41,0,0,0,0,41,21,12,0,0,41,0,0,0,0,0
252,09/09/2020,0,0,0,0,2,355219,41594,64.35,72.62,62.22,56.41,100,-0.001959692,41,0,0,0,41,15,15,0,41,27,27,41,0,0,0,0,41,27,0,41,0,0,0,41,0,0,41,15,15,0,0,41,27,27,41,27,27,41,36,36,41,36,18,0,41,15,0,41,0,0,0,0,41,21,12,0,0,41,0,0,0,0,0
253,10/09/2020,0,0,0,0,2,358138,41608,64.35,72.62,62.22,56.41,100,-0.010400449,42,0,0,0,42,15,15,0,42,27,27,42,0,0,0,0,42,27,0,42,0,0,0,42,0,0,42,15,15,0,0,42,27,27,42,27,27,42,39,36,42,39,18,0,42,15,0,42,0,0,0,0,42,21,12,0,0,42,0,0,0,0,0
254,11/09/2020,0,0,0,0,2,361677,41614,64.35,72.62,62.22,56.41,100,-0.006394283,42,0,0,0,42,15,15,0,42,27,27,42,0,0,0,0,42,27,0,42,0,0,0,42,0,0,42,15,15,0,0,42,27,27,42,27,27,42,39,36,42,39,18,0,42,15,0,42,0,0,0,0,42,21,12,0,0,42,0,0,0,0,0
255,12/09/2020,0,0,0,0,2,365174,41623,64.35,72.62,62.22,56.41,100,-0.006251475,42,0,0,0,42,15,15,0,42,27,27,42,0,0,0,0,42,27,0,42,0,0,0,42,0,0,42,15,15,0,0,42,27,27,42,27,27,42,39,36,42,39,18,0,42,18,0,42,0,0,0,0,42,21,12,0,0,42,0,0,0,0,0
256,13/09/2020,0,0,0,0,2,368504,41628,64.35,72.62,62.22,56.41,100,-0.007682069,42,0,0,0,42,15,15,0,42,30,27,42,0,0,0,0,42,27,0,42,0,0,0,42,0,0,42,15,15,0,0,42,27,27,42,30,27,42,39,36,42,39,18,0,42,18,0,42,0,0,0,0,42,21,12,0,0,42,0,0,0,0,0
257,14/09/2020,0,0,0,0,2,371125,41637,65.74,72.62,63.89,58.33,100,0.007714825,42,0,0,0,42,18,18,0,42,30,27,42,0,0,0,0,42,27,0,42,0,0,0,42,0,0,42,15,15,0,0,42,27,27,42,30,27,42,39,36,42,39,18,0,42,18,0,42,0,0,0,0,42,21,12,0,0,42,0,0,0,0,0
258,15/09/2020,0,0,0,0,2,374228,41664,65.74,72.62,63.89,58.33,100,-0.002253741,42,0,0,0,42,18,18,0,42,30,27,42,0,0,0,0,42,27,0,42,0,0,0,42,0,0,42,15,15,0,0,42,27,27,42,30,30,42,39,36,42,39,18,0,42,18,0,42,0,0,0,0,42,21,12,0,0,42,0,0,0,0,0
259,16/09/2020,0,0,0,0,2,378219,41684,65.74,72.62,63.89,58.33,100,0.011525945,43,0,0,0,43,18,18,0,43,30,27,43,0,0,0,0,43,30,0,43,0,0,0,43,0,0,43,15,15,0,0,43,30,30,43,30,30,43,39,36,43,39,18,0,43,18,0,43,0,0,0,0,43,21,12,0,0,43,0,0,0,0,0
260,17/09/2020,0,0,0,0,2,381614,41705,65.74,72.62,63.89,58.33,100,-0.004084627,43,0,0,0,43,18,18,0,43,27,27,43,0,0,0,0,43,30,0,43,0,0,0,43,0,0,43,15,15,0,0,43,30,30,43,30,30,43,39,36,43,39,18,0,43,18,0,43,0,0,0,0,43,21,12,0,0,43,0,0,0,0,0
261,18/09/2020,0,0,0,0,2,385936,41732,65.74,72.62,63.89,58.33,100,0.000887705,43,0,0,0,43,18,18,0,43,30,30,43,0,0,0,0,43,30,0,43,0,0,0,43,0,0,43,15,15,0,0,43,30,30,43,30,30,43,39,36,43,39,18,0,43,18,0,43,0,0,0,0,43,21,12,0,0,43,0,0,0,0,0
262,19/09/2020,0,0,0,0,2,390358,41759,65.74,72.62,63.89,58.33,100,0.002776341,43,3,0,0,43,18,18,0,43,30,30,43,0,0,0,0,43,30,0,43,0,0,0,43,0,0,43,15,15,0,0,43,30,30,43,30,30,43,39,36,43,39,18,0,43,18,0,43,0,0,0,0,43,24,12,0,0,43,0,0,0,0,0
263,20/09/2020,0,0,0,0,2,394257,41777,65.74,72.62,63.89,58.33,100,-0.000140193,43,3,0,0,43,18,18,0,43,30,30,43,0,0,0,0,43,30,0,43,0,0,0,43,0,0,43,15,15,0,0,43,30,30,43,30,30,43,39,36,43,39,18,0,43,18,0,43,0,0,0,0,43,24,15,0,0,43,0,0,0,0,0
264,21/09/2020,0,0,0,0,2,398625,41788,65.74,72.62,63.89,58.33,100,-0.012812724,43,3,0,0,43,18,18,0,43,30,30,43,0,0,0,0,43,30,0,43,0,0,0,43,0,0,43,15,15,0,0,43,30,30,43,30,30,43,39,39,43,39,21,0,43,18,0,43,0,0,0,0,43,24,15,0,0,43,0,0,0,0,0
265,22/09/2020,0,0,0,0,2,403551,41825,65.74,72.62,63.89,58.33,100,-0.005603573,44,3,0,0,44,18,18,0,44,30,30,44,0,0,0,0,44,30,0,44,0,0,0,44,0,0,44,15,15,0,0,44,30,30,44,30,30,44,39,39,44,39,21,0,44,18,0,44,0,0,0,0,44,24,15,0,0,44,0,0,0,0,0
266,23/09/2020,0,0,0,0,2,409729,41862,65.74,72.62,63.89,58.33,100,0.003060386,44,3,0,0,44,18,18,0,44,30,30,44,0,0,0,0,44,30,0,44,0,0,0,44,0,0,44,15,15,0,0,44,30,30,44,30,30,44,39,39,44,39,21,0,44,18,0,44,0,0,0,0,44,24,15,0,0,44,0,0,0,0,0
267,24/09/2020,0,0,0,0,2,416363,41902,67.59,72.62,65,59.62,100,-0.003767961,44,3,0,0,44,18,18,0,44,30,30,44,0,0,0,0,44,30,0,44,0,0,0,44,0,0,44,18,18,0,0,44,30,30,44,30,30,44,39,39,44,39,21,0,44,18,0,44,0,0,0,0,44,24,15,0,0,44,0,0,0,0,0
268,25/09/2020,0,0,0,0,2,423236,41936,67.59,72.62,65,59.62,100,-0.000826137,44,3,0,0,44,18,18,0,44,30,30,44,0,0,0,0,44,30,0,44,0,0,0,44,0,0,44,18,18,0,0,44,30,30,44,30,30,44,39,39,44,39,21,0,44,18,0,44,0,0,0,0,44,24,15,0,0,44,0,0,0,0,0
269,26/09/2020,0,0,0,0,2,429277,41971,67.59,72.62,65,59.62,100,-0.000511237,44,3,0,0,44,18,18,0,44,30,30,44,0,0,0,0,44,30,0,44,0,0,0,44,0,0,44,18,18,0,0,44,30,30,44,30,30,44,39,39,44,39,21,0,44,18,0,44,0,0,0,0,44,24,15,0,0,44,0,0,0,0,0
270,27/09/2020,0,0,0,0,2,434969,41988,67.59,72.62,65,59.62,100,-0.001701779,44,3,0,0,44,18,18,0,44,30,30,44,0,0,0,0,44,30,0,44,0,0,0,44,0,0,44,18,18,0,0,44,30,30,44,30,30,44,39,39,44,39,21,0,44,18,0,44,0,0,0,0,44,24,15,0,0,44,0,0,0,0,0
271,28/09/2020,0,0,0,0,2,439013,42001,67.59,72.62,65,59.62,100,0.010725852,45,3,0,0,45,18,18,0,45,30,30,45,0,0,0,0,45,30,0,45,0,0,0,45,0,0,45,18,18,0,0,45,30,30,45,30,30,45,42,39,45,42,21,0,45,18,0,45,0,0,0,0,45,24,15,0,0,45,0,0,0,0,0
272,29/09/2020,0,0,0,0,2,446156,42072,67.59,72.62,65,59.62,100,-7.79E-05,45,3,0,0,45,18,18,0,45,30,30,45,0,0,0,0,45,30,0,45,0,0,0,45,0,0,45,18,18,0,0,45,30,30,45,30,30,45,42,39,45,42,21,0,45,18,0,45,0,0,0,0,45,24,15,0,0,45,0,0,0,0,0
273,30/09/2020,0,0,0,0,2,453264,42143,67.59,72.62,65,59.62,100,0.006791263,45,3,0,0,45,18,18,0,45,30,30,45,0,0,0,0,45,30,0,45,0,0,0,45,0,0,45,18,18,0,0,45,30,30,45,30,30,45,42,39,45,42,21,0,45,21,0,45,0,0,0,0,45,24,15,0,0,45,0,0,0,0,0
274,01/10/2020,0,0,0,0,2,460178,42202,67.59,72.62,65,59.62,100,-0.004729608,45,3,0,0,45,18,18,0,45,33,30,45,0,0,0,0,45,30,0,45,0,0,0,45,0,0,45,18,18,0,0,45,30,30,45,33,30,45,42,39,45,42,21,0,45,21,0,45,0,0,0,0,45,24,15,0,0,45,0,0,0,0,0
275,02/10/2020,0,0,0,0,2,467146,42268,67.59,72.62,65,59.62,100,0.005232266,45,3,0,0,45,21,21,0,45,33,30,45,3,3,3,3,45,30,0,45,0,0,0,45,0,0,45,18,18,0,0,45,30,30,45,33,30,45,42,39,45,42,21,0,45,21,0,45,3,3,0,0,45,24,15,0,0,45,0,0,0,0,0
276,03/10/2020,0,0,0,0,2,480017,42317,67.59,72.62,65,59.62,100,0.002431307,45,3,0,0,45,21,21,0,45,33,30,45,3,3,3,3,45,30,0,45,0,0,0,45,0,0,45,18,18,0,0,45,30,30,45,33,33,45,42,39,45,42,21,0,45,21,0,45,3,3,0,0,45,24,15,0,0,45,0,0,0,0,0
277,04/10/2020,0,0,0,0,2,502978,42350,67.59,72.62,65,59.62,100,0.000977989,46,3,0,0,46,21,21,0,46,33,30,46,3,3,3,3,46,33,0,46,0,0,0,46,0,0,46,18,18,0,0,46,33,33,46,33,33,46,42,39,46,42,21,0,46,21,0,46,3,3,0,0,46,24,15,0,0,46,0,0,0,0,0
278,05/10/2020,0,0,0,0,2,515571,42369,67.59,72.62,65,59.62,100,0.003357456,46,3,0,0,46,21,21,0,46,30,30,46,3,3,3,3,46,33,0,46,0,0,0,46,0,0,46,18,18,0,0,46,33,33,46,33,33,46,42,39,46,42,21,0,46,21,0,46,3,3,0,0,46,24,15,0,0,46,0,0,0,0,0
279,06/10/2020,0,0,0,0,2,530113,42445,67.59,72.62,65,59.62,100,-0.000462428,46,3,0,0,46,21,21,0,46,33,33,46,3,3,3,3,46,33,0,46,0,0,0,46,0,0,46,18,18,0,0,46,33,33,46,33,33,46,42,39,46,42,21,0,46,21,0,46,3,3,0,0,46,24,15,0,0,46,0,0,0,0,0
280,07/10/2020,0,0,0,0,2,544275,42515,67.59,72.62,65,59.62,100,-0.005643399,46,6,0,0,46,21,21,0,46,33,33,46,3,3,3,3,46,33,0,46,0,0,0,46,0,0,46,18,18,0,0,46,33,33,46,33,33,46,42,39,46,42,21,0,46,21,0,46,3,3,0,0,46,27,15,0,0,46,0,0,0,0,0
281,08/10/2020,0,0,0,0,2,561815,42592,67.59,72.62,65,59.62,100,0.002323061,46,6,0,0,46,21,21,0,46,33,33,46,3,3,3,3,46,33,0,46,0,0,0,46,0,0,46,18,18,0,0,46,33,33,46,33,33,46,42,39,46,42,21,0,46,21,0,46,3,3,0,0,46,27,18,0,0,46,0,0,0,0,0
282,09/10/2020,0,0,0,0,2,575679,42679,67.59,72.62,65,59.62,100,0.005322649,46,6,0,0,46,21,21,0,46,33,33,46,3,3,3,3,46,33,0,46,0,0,0,46,0,0,46,18,18,0,0,46,33,33,46,33,33,46,42,42,46,42,24,0,46,21,0,46,3,3,0,0,46,27,18,0,0,46,0,0,0,0,0
283,10/10/2020,0,0,0,0,2,590844,42760,67.59,72.62,65,59.62,100,0.000667437,47,6,0,0,47,21,21,0,47,33,33,47,3,3,3,3,47,33,0,47,0,0,0,47,0,0,47,18,18,0,0,47,33,33,47,33,33,47,42,42,47,42,24,0,47,21,0,47,3,3,0,0,47,27,18,0,0,47,0,0,0,0,0
284,11/10/2020,0,0,0,0,2,603716,42825,67.59,72.62,65,59.62,100,0.002771049,47,6,0,0,47,21,21,0,47,33,33,47,3,3,3,3,47,33,0,47,0,0,0,47,0,0,47,18,18,0,0,47,33,33,47,33,33,47,42,42,47,42,24,0,47,21,0,47,3,3,0,0,47,27,18,0,0,47,0,0,0,0,0
285,12/10/2020,0,0,0,0,2,617688,42875,60.19,67.86,60.56,54.49,100,0.005256203,47,6,0,0,47,21,21,0,47,33,33,47,3,3,3,3,47,33,0,47,0,0,0,47,0,0,47,21,21,0,0,47,33,33,47,33,33,47,42,42,47,42,24,0,47,21,0,47,3,3,0,0,47,27,18,0,0,47,0,0,0,0,0
286,13/10/2020,0,3214960,0,0,2,634920,43018,60.19,67.86,60.56,54.49,100,-0.006179849,47,6,0,0,47,21,21,0,47,33,33,47,3,3,3,3,47,33,0,47,0,0,0,47,0,0,47,21,21,0,0,47,33,33,47,33,33,47,42,42,47,42,24,0,47,21,0,47,3,3,0,0,47,27,18,0,0,47,0,0,0,0,0
287,14/10/2020,0,0,0,0,2,654644,43155,60.19,67.86,60.56,54.49,100,0.004149702,47,6,0,0,47,21,21,0,47,33,33,47,3,3,3,3,47,33,0,47,0,0,0,47,0,0,47,21,21,0,0,47,33,33,47,33,33,47,42,42,47,42,24,0,47,21,0,47,3,3,0,0,47,27,18,0,0,47,0,0,0,0,0
288,15/10/2020,0,0,0,0,2,673622,43293,60.19,67.86,60.56,54.49,100,-0.010135547,47,6,0,0,47,21,21,0,47,33,33,47,3,3,3,3,47,33,0,47,0,0,0,47,0,0,47,21,21,0,0,47,33,33,47,33,33,47,42,42,47,42,24,0,47,21,0,47,3,3,0,0,47,27,18,0,0,47,0,0,0,0,0
289,16/10/2020,60203550000,0,0,0,2,689257,43429,60.19,67.86,60.56,54.49,100,0.001548168,48,6,0,0,48,21,21,0,48,33,33,48,3,3,3,3,48,33,0,48,0,0,0,48,0,0,48,21,21,0,0,48,33,33,48,33,33,48,45,42,48,45,24,0,48,21,0,48,3,3,0,0,48,27,18,0,0,48,0,0,0,0,0
290,17/10/2020,0,0,0,0,2,705428,43579,60.19,67.86,60.56,54.49,100,-0.001479226,48,6,0,0,48,21,21,0,48,33,33,48,3,3,3,3,48,33,0,48,0,0,0,48,0,0,48,21,21,0,0,48,33,33,48,33,33,48,45,42,48,45,24,0,48,21,0,48,3,3,0,0,48,27,18,0,0,48,0,0,0,0,0
291,18/10/2020,0,0,0,0,2,722409,43646,60.19,67.86,60.56,54.49,100,-0.003355535,48,6,0,0,48,21,21,0,48,33,33,48,3,3,3,3,48,33,0,48,0,0,0,48,0,0,48,21,21,0,0,48,33,33,48,33,33,48,45,42,48,45,24,0,48,24,0,48,3,3,0,0,48,27,18,0,0,48,0,0,0,0,0
292,19/10/2020,0,0,0,0,2,741212,43726,65.74,71.43,63.89,58.33,100,0.005399789,48,0,0,0,48,21,21,0,48,36,33,48,3,3,3,3,48,33,0,48,0,0,0,48,0,0,48,21,21,0,0,48,33,33,48,36,33,48,45,42,48,45,24,0,48,24,0,48,3,3,0,0,48,27,18,0,0,48,0,0,0,0,0
293,20/10/2020,0,0,68950000,0,2,762542,43967,65.74,71.43,63.89,58.33,100,-0.002773393,48,0,0,0,48,24,24,0,48,36,33,48,6,6,6,6,48,33,0,48,0,0,0,48,0,0,48,21,21,0,0,48,33,33,48,36,33,48,45,42,48,45,24,0,48,24,0,48,6,6,0,0,48,27,18,0,0,48,0,0,0,0,0
294,21/10/2020,0,0,0,0,2,789229,44158,65.74,71.43,63.89,58.33,100,0.015311304,48,0,0,0,48,24,24,0,48,36,33,48,6,6,6,6,48,33,0,48,0,0,0,48,0,0,48,21,21,0,0,48,33,33,48,36,36,48,45,42,48,45,24,0,48,24,0,48,6,6,0,0,48,27,18,0,0,48,0,0,0,0,0
295,22/10/2020,5305826400,0,0,0,2,810467,44347,67.59,73.81,65,59.62,100,-0.005217767,49,0,0,0,49,24,24,0,49,36,33,49,6,6,6,6,49,36,0,49,3,0,0,49,0,0,49,21,21,0,0,49,36,36,49,36,36,49,45,42,49,45,24,0,49,24,0,49,6,6,0,0,49,27,18,0,0,49,0,0,0,0,0
296,23/10/2020,0,0,0,0,2,830998,44571,75,76.19,69.44,64.74,100,-0.003902519,49,0,0,0,49,24,24,0,49,33,33,49,6,6,6,6,49,36,0,49,0,0,0,49,0,0,49,21,21,0,0,49,36,36,49,36,36,49,45,42,49,45,24,0,49,24,0,49,6,6,0,0,49,27,18,0,0,49,0,0,0,0,0
297,24/10/2020,0,0,0,0,2,854010,44745,75,76.19,69.44,64.74,100,0.002063673,49,0,0,0,49,24,24,0,49,36,36,49,6,6,6,6,49,36,0,49,0,0,0,49,0,0,49,21,21,0,0,49,36,36,49,36,36,49,45,42,49,45,24,0,49,24,0,49,6,6,0,0,49,27,18,0,0,49,0,0,0,0,0
298,25/10/2020,0,0,0,0,2,873800,44896,75,76.19,69.44,64.74,100,-0.002352204,49,0,0,0,49,24,24,0,49,36,36,49,6,6,6,6,49,36,0,49,0,0,0,49,0,0,49,21,21,0,0,49,36,36,49,36,36,49,45,42,49,45,24,0,49,24,0,49,6,6,0,0,49,30,18,0,0,49,0,0,0,0,0
299,26/10/2020,0,0,0,0,2,894690,44998,75,76.19,69.44,64.74,100,-0.001534566,49,0,0,0,49,24,24,0,49,36,36,49,6,6,6,6,49,36,0,49,0,0,0,49,0,0,49,21,21,0,0,49,36,36,49,36,36,49,45,42,49,45,24,0,49,24,0,49,6,6,0,0,49,30,21,0,0,49,0,0,0,0,0
300,27/10/2020,0,0,0,0,2,917575,45365,75,76.19,69.44,64.74,100,0.003181603,49,0,0,0,49,24,24,0,49,36,36,49,6,6,6,6,49,36,0,49,0,0,0,49,0,0,49,21,21,0,0,49,36,36,49,36,36,49,45,45,49,45,27,0,49,24,0,49,6,6,0,0,49,30,21,0,0,49,0,0,0,0,0
301,28/10/2020,0,0,0,0,2,942275,45675,75,76.19,69.44,64.74,100,-0.00525701,50,0,0,0,50,24,24,0,50,36,36,50,6,6,6,6,50,36,0,50,0,0,0,50,0,0,50,21,21,0,0,50,36,36,50,36,36,50,45,45,50,45,27,0,50,24,0,50,6,6,0,0,50,30,21,0,0,50,0,0,0,0,0
302,29/10/2020,0,322141.3,0,0,2,965340,45955,75,76.19,69.44,64.74,100,-0.008189801,50,0,0,0,50,24,24,0,50,36,36,50,6,6,6,6,50,36,0,50,0,0,0,50,0,0,50,21,21,0,0,50,36,36,50,36,36,50,45,45,50,45,27,0,50,24,0,50,6,6,0,0,50,30,21,0,0,50,0,0,0,0,0
303,30/10/2020,0,0,0,0,2,989745,46229,75,76.19,69.44,64.74,100,0.003098376,50,0,0,0,50,24,24,0,50,36,36,50,6,6,6,6,50,36,0,50,0,0,0,50,0,0,50,24,24,0,0,50,36,36,50,36,36,50,45,45,50,45,27,0,50,24,0,50,6,6,0,0,50,30,21,0,0,50,0,0,0,0,0
304,31/10/2020,3885.19,0,0,0,2,1011660,46555,75,76.19,69.44,64.74,100,-0.003449478,50,0,0,0,50,24,24,0,50,36,36,50,6,6,6,6,50,36,0,50,0,0,0,50,0,0,50,24,24,0,0,50,36,36,50,36,36,50,45,45,50,45,27,0,50,24,0,50,6,6,0,0,50,30,21,0,0,50,0,0,0,0,0
305,01/11/2020,0,0,0,0,2,1034914,46717,75,76.19,69.44,64.74,100,-0.002846968,50,0,0,0,50,24,24,0,50,36,36,50,6,6,6,6,50,36,0,50,0,0,0,50,0,0,50,24,24,0,0,50,36,36,50,36,36,50,45,45,50,45,27,0,50,24,0,50,6,6,0,0,50,30,21,0,0,50,0,0,0,0,0
306,02/11/2020,0,0,0,0,2,1053864,46853,75,76.19,69.44,64.74,100,-0.001547988,50,0,0,0,50,24,24,0,50,36,36,50,6,6,6,6,50,36,0,50,0,0,0,50,0,0,50,24,24,0,0,50,36,36,50,36,36,50,45,45,50,45,27,0,50,24,0,50,6,6,0,0,50,30,21,0,0,50,0,0,0,0,0
307,03/11/2020,0,0,0,0,2,1073882,47250,75,76.19,69.44,64.74,100,0.012317323,51,0,0,0,51,24,24,0,51,36,36,51,6,6,6,6,51,36,0,51,0,0,0,51,0,0,51,24,24,0,0,51,36,36,51,36,36,51,48,45,51,48,27,0,51,24,0,51,6,6,0,0,51,30,21,0,0,51,0,0,0,0,0
308,04/11/2020,0,0,0,0,2,1099059,47742,75,76.19,69.44,64.74,100,-0.006216682,51,0,0,0,51,24,24,0,51,36,36,51,6,6,6,6,51,36,0,51,0,0,0,51,0,0,51,24,24,0,0,51,36,36,51,36,36,51,48,45,51,48,27,0,51,24,0,51,6,6,0,0,51,30,21,0,0,51,0,0,0,0,0
309,05/11/2020,0,0,0,0,2,1123197,48120,75,76.19,69.44,64.74,100,0.009348727,51,0,0,0,51,24,24,0,51,36,36,51,6,6,6,6,51,36,0,51,0,0,0,51,0,0,51,24,24,0,0,51,36,36,51,36,36,51,48,45,51,48,27,0,51,27,0,51,6,6,0,0,51,30,21,0,0,51,0,0,0,0,0
310,06/11/2020,0,0,0,0,2,1146484,48475,75,79.76,69.44,64.74,100,0.002551848,51,0,0,0,51,0,0,0,51,39,36,51,6,6,6,6,51,36,0,51,0,0,0,51,0,0,51,24,24,0,0,51,36,36,51,39,36,51,48,45,51,48,27,0,51,27,0,51,6,6,0,0,51,30,21,0,0,51,0,0,0,0,0
311,07/11/2020,0,0,0,0,2,1171441,48888,75,79.76,69.44,64.74,100,0.001894631,51,0,0,0,51,0,0,0,51,39,36,51,9,9,9,9,51,36,0,51,0,0,0,51,0,0,51,24,24,0,0,51,36,36,51,39,36,51,48,45,51,48,27,0,51,27,0,51,9,9,0,0,51,30,21,0,0,51,0,0,0,0,0
312,08/11/2020,0,0,0,0,2,1192013,49044,75,79.76,69.44,64.74,100,0.004598402,51,0,0,0,51,0,0,0,51,39,36,51,9,9,9,9,51,36,0,51,0,0,0,51,0,0,51,24,24,0,0,51,36,36,51,39,39,51,48,45,51,48,27,0,51,27,0,51,9,9,0,0,51,30,21,0,0,51,0,0,0,0,0
313,09/11/2020,170000000,0,0,0,2,1213363,49238,69.44,76.19,66.11,60.9,100,0.000266236,52,0,0,0,52,0,0,0,52,39,36,52,9,9,9,9,52,39,0,52,6,0,0,52,0,0,52,24,24,0,0,52,39,39,52,39,39,52,48,45,52,48,27,0,52,27,0,52,9,9,0,0,52,30,21,0,0,52,0,0,0,0,0
314,10/11/2020,0,0,0,0,2,1233775,49770,67.59,76.19,65,59.62,100,0.007576942,52,0,0,0,52,27,27,0,52,36,36,52,9,9,9,9,52,39,0,52,0,0,0,52,0,0,52,24,24,0,0,52,39,39,52,39,39,52,48,45,52,48,27,0,52,27,0,52,9,9,0,0,52,30,21,0,0,52,0,0,0,0,0
315,11/11/2020,0,0,0,0,2,1256725,50365,67.59,76.19,65,59.62,100,-0.003894955,52,0,0,0,52,27,27,0,52,39,39,52,9,9,9,9,52,39,0,52,0,0,0,52,0,0,52,24,24,0,0,52,39,39,52,39,39,52,48,45,52,48,27,0,52,27,0,52,9,9,0,0,52,30,21,0,0,52,0,0,0,0,0
316,12/11/2020,0,0,0,0,2,1290195,50928,67.59,76.19,65,59.62,100,-0.004975796,52,0,0,0,52,27,27,0,52,39,39,52,9,9,9,9,52,39,0,52,0,0,0,52,0,0,52,24,24,0,0,52,39,39,52,39,39,52,48,45,52,48,27,0,52,27,0,52,9,9,0,0,52,33,21,0,0,52,0,0,0,0,0
317,13/11/2020,0,0,0,0,2,1317496,51304,67.59,76.19,65,59.62,100,0.002282064,52,0,0,0,52,27,27,0,52,39,39,52,9,9,9,9,52,39,0,52,0,0,0,52,0,0,52,24,24,0,0,52,39,39,52,39,39,52,48,45,52,48,27,0,52,27,0,52,9,9,0,0,52,33,24,0,0,52,0,0,0,0,0
318,14/11/2020,0,0,0,0,2,1344356,51766,67.59,76.19,65,59.62,100,-0.002196229,52,0,0,0,52,27,27,0,52,39,39,52,9,9,9,9,52,39,0,52,0,0,0,52,0,0,52,24,24,0,0,52,39,39,52,39,39,52,48,48,52,48,30,0,52,27,0,52,9,9,0,0,52,33,24,0,0,52,0,0,0,0,0
319,15/11/2020,0,0,0,0,2,1369318,51934,67.59,76.19,65,59.62,100,-0.001629987,53,0,0,0,53,27,27,0,53,39,39,53,9,9,9,9,53,39,0,53,0,0,0,53,0,0,53,24,24,0,0,53,39,39,53,39,39,53,48,48,53,48,30,0,53,27,0,53,9,9,0,0,53,33,24,0,0,53,0,0,0,0,0
320,16/11/2020,0,0,0,0,2,1390681,52147,67.59,76.19,65,59.62,100,0.001214975,53,0,0,0,53,27,27,0,53,39,39,53,9,9,9,9,53,39,0,53,0,0,0,53,0,0,53,24,24,0,0,53,39,39,53,39,39,53,48,48,53,48,30,0,53,27,0,53,9,9,0,0,53,33,24,0,0,53,0,0,0,0,0
321,17/11/2020,0,0,0,0,2,1410732,52745,67.59,76.19,65,59.62,100,0.006203682,53,0,0,0,53,27,27,0,53,39,39,53,9,9,9,9,53,39,0,53,0,0,0,53,0,0,53,27,27,0,0,53,39,39,53,39,39,53,48,48,53,48,30,0,53,27,0,53,9,9,0,0,53,33,24,0,0,53,0,0,0,0,0
322,18/11/2020,0,0,0,0,2,1430341,53274,67.59,76.19,65,59.62,100,0.003313007,53,0,0,0,53,27,27,0,53,39,39,53,9,9,9,9,53,39,0,53,0,0,0,53,0,0,53,27,27,0,0,53,39,39,53,39,39,53,48,48,53,48,30,0,53,27,0,53,9,9,0,0,53,33,24,0,0,53,0,0,0,0,0
323,19/11/2020,0,0,0,0,2,1453256,53775,67.59,76.19,65,59.62,100,-0.006031836,53,0,0,0,53,27,27,0,53,39,39,53,9,9,9,9,53,39,0,53,0,0,0,53,0,0,53,27,27,0,0,53,39,39,53,39,39,53,48,48,53,48,30,0,53,27,0,53,9,9,0,0,53,33,24,0,0,53,0,0,0,0,0
324,20/11/2020,0,0,0,0,2,1473508,54286,73.15,76.19,68.33,63.46,100,0.004828376,53,0,0,0,53,27,27,0,53,39,39,53,9,9,9,9,53,0,0,53,0,0,0,53,0,0,53,27,27,0,0,53,39,39,53,39,39,53,48,48,53,48,30,0,53,27,0,53,9,9,0,0,53,33,24,0,0,53,0,0,0,0,0
325,21/11/2020,0,0,0,0,2,1493383,54626,73.15,76.19,68.33,63.46,100,0.000703182,54,0,0,0,54,27,27,0,54,39,39,54,9,9,9,9,54,0,0,54,0,0,0,54,0,0,54,27,27,0,0,54,39,39,54,39,39,54,51,48,54,51,30,0,54,27,0,54,9,9,0,0,54,33,24,0,0,54,0,0,0,0,0
326,22/11/2020,0,0,0,0,2,1512045,55024,73.15,76.19,68.33,63.46,100,-0.000166759,54,0,0,0,54,27,27,0,54,39,39,54,9,9,9,9,54,0,0,54,0,0,0,54,0,0,54,27,27,0,0,54,39,39,54,39,39,54,51,48,54,51,30,0,54,27,0,54,9,9,0,0,54,33,24,0,0,54,0,0,0,0,0
327,23/11/2020,0,0,0,0,2,1527495,55230,73.15,76.19,68.33,63.46,100,0.000601911,54,0,0,0,54,27,27,0,54,39,39,54,9,9,9,9,54,0,0,54,0,0,0,54,0,0,54,27,27,0,0,54,39,39,54,39,39,54,51,48,54,51,30,0,54,30,0,54,9,9,0,0,54,33,24,0,0,54,0,0,0,0,0
328,24/11/2020,0,0,0,0,2,1538794,55838,73.15,76.19,68.33,63.46,100,0.004652567,54,0,0,0,54,0,0,0,54,42,39,54,9,9,9,9,54,0,0,54,3,0,0,54,0,0,54,27,27,3,0,54,39,39,54,42,39,54,51,48,54,51,30,0,54,30,0,54,9,9,0,0,54,33,24,0,0,54,0,0,0,0,0
329,25/11/2020,0,0,0,0,2,1557007,56533,73.15,76.19,68.33,63.46,100,0.001795198,54,0,0,0,54,0,0,0,54,42,39,54,12,12,12,12,54,0,0,54,3,0,0,54,0,0,54,27,27,3,0,54,39,39,54,42,39,54,51,48,54,51,30,0,54,30,0,54,12,12,0,0,54,33,24,0,0,54,0,0,0,0,0
330,26/11/2020,0,0,0,0,2,1574562,57031,73.15,76.19,68.33,63.46,100,-0.003856166,54,0,0,0,54,0,0,0,54,42,39,54,12,12,12,12,54,0,0,54,3,0,0,54,0,0,54,27,27,3,0,54,39,39,54,42,42,54,51,48,54,51,30,0,54,30,0,54,12,12,0,0,54,33,24,0,0,54,0,0,0,0,0
