,Action 1,Action 2,Action 3,Action 4,Action 5,Action 6,Action 7,Action 8,Action 9,Action 10,Action to Next Point
0,0,-1,2,0,2,0,2,-1,0,-3,-1
1,-2,2,-3,2,2,2,-1,3,-2,2,2
2,-1,-2,-2,-2,-1,-1,-2,-2,1,-3,-1
3,0,2,2,2,2,2,-2,3,-1,2,0
4,-2,-2,1,-1,-2,-2,-2,1,-2,2,-3
5,0,-2,-2,2,2,2,2,2,2,1,2
6,2,2,2,2,-2,1,0,2,2,2,0
7,-2,-1,-2,-2,-2,-2,-2,-2,0,-2,-2
8,-2,1,2,2,2,2,2,0,0,1,2
9,-1,2,2,-1,-2,-2,-1,2,2,2,2
10,0,-2,-2,-2,-2,-2,2,-3,2,2,2
11,1,2,0,-2,-2,-2,-1,2,1,2,0
12,1,-1,-2,-2,-2,1,-2,2,-3,2,0
13,2,-3,-2,-2,2,2,2,-2,-2,0,2
14,-2,-2,2,2,-1,-2,-2,2,-3,2,0
15,-2,0,-1,-1,-2,-2,-2,-2,-2,-1,2
16,0,0,2,2,2,2,2,2,1,2,2
17,-2,-2,-2,-2,-2,-2,1,1,2,-2,3
18,-1,3,0,-2,-2,-1,1,-1,-2,-2,2
19,2,2,2,2,2,2,2,2,-2,-2,0
20,2,2,-2,-2,0,2,2,-2,-2,-1,-1
21,-2,3,-2,1,-2,2,-3,2,0,2,0
22,1,-1,-2,-1,0,2,-1,3,0,-2,-2
23,0,-2,-1,-2,-2,-2,-2,1,-1,-1,2
24,0,2,0,2,2,2,1,-2,-2,-2,2
25,2,2,2,2,2,2,2,2,2,-2,-2
26,3,-2,2,2,2,2,2,2,2,2,2
27,0,1,-1,-2,-1,0,2,-1,3,0,-2
28,-1,-2,2,2,2,2,2,2,1,0,-2
29,2,2,-2,1,2,2,2,2,2,0,0
30,-2,1,1,2,-2,3,-2,-2,0,-1,-1
31,-2,-2,0,-2,1,2,2,2,2,2,-2
32,-2,-2,-2,-2,-2,-2,-2,1,2,2,2
33,-1,-2,-2,2,-3,2,0,-1,-2,-2,-1
34,-2,-1,-1,-2,-2,-2,-2,2,-3,-1,-2
35,-2,-2,0,2,2,-2,-2,-1,-1,-2,-2
36,2,2,2,2,2,2,-2,-2,-2,-2,-2
37,1,-2,2,-3,2,0,2,1,0,2,0
38,-2,-2,-2,-2,2,-2,3,-2,0,1,2
39,-2,-2,1,1,1,1,2,2,2,2,2
40,1,-3,0,-2,2,2,1,1,1,0,2
41,2,-2,-1,-1,2,2,2,2,2,1,-2
42,-2,-2,2,2,2,2,2,2,2,-1,3
43,2,2,2,2,-2,-2,-2,-2,-2,-2,-2
44,1,-2,1,-1,-2,-2,-2,-2,2,2,2
45,-2,-1,-2,-2,-2,-2,-2,-2,-2,-2,-2
46,1,-2,1,2,2,2,2,2,2,2,2
47,-1,-2,2,-3,-1,-2,-1,-2,-1,0,-1
48,-2,0,2,0,-2,-2,-2,-2,-2,1,-3
49,2,2,2,2,-2,-2,-2,-2,-2,0,-3
50,-1,-2,2,-3,2,-1,3,-2,2,2,2
51,0,1,1,-2,2,-3,2,0,-3,1,2
52,3,2,2,2,2,2,-1,-1,-2,0,-2
53,2,-1,-2,2,2,2,-2,-2,-2,-2,-2
54,2,2,1,2,2,2,2,-1,-2,-2,-2
55,-1,-1,-2,2,-3,1,0,-2,-1,-2,-2
56,-1,0,0,0,-1,-1,-2,-2,-2,1,1
57,-2,0,0,0,2,2,-2,3,-2,2,0
58,-2,0,-2,-2,-1,-1,-1,-2,0,-3,-1
59,-2,2,2,-1,-2,-1,0,-2,0,-1,3
60,2,2,2,1,-1,1,-2,-1,-2,2,2
61,-3,2,-3,-2,-2,2,2,2,-2,-2,0
62,2,2,0,0,-2,-2,2,2,0,-2,-2
63,2,2,2,0,-2,-2,2,2,2,2,1
64,2,2,1,-2,0,-1,0,-2,-2,-2,-2
65,-1,0,1,-2,-2,-2,-2,1,0,-2,-2
66,-2,-2,2,2,-2,3,-2,2,-2,-1,-2
67,2,-2,-2,-1,2,2,-1,-2,2,0,3
68,-2,-2,-2,-2,-2,1,1,2,-2,3,-2
69,2,1,2,2,2,2,0,-2,-2,2,2
70,2,2,2,-1,3,-2,2,-1,-1,0,-2
71,1,2,2,2,2,2,2,2,2,-2,-1
72,1,-2,-2,-2,-1,1,0,-2,-2,-2,-2
73,-2,-2,-2,0,2,2,-2,3,-2,-2,-2
74,-1,-2,-2,0,1,2,0,1,2,2,1
75,-1,-3,-2,-2,-2,-2,1,1,1,1,2
76,2,2,2,2,2,0,2,2,2,1,0
77,-2,2,-1,3,-1,1,2,1,0,-2,-2
78,-2,-2,-2,2,2,0,-2,-2,2,2,2
79,1,-2,-2,-2,-2,-2,-2,0,1,-1,2
80,2,2,0,2,2,2,2,2,-2,-2,-2
81,2,2,2,1,-1,0,1,-2,-2,-2,-2
82,2,2,2,2,2,2,0,-2,0,-3,2
83,2,1,3,-2,2,2,-1,-2,-1,0,-2
84,-2,-1,0,1,2,2,2,2,2,2,2
85,-2,1,-2,-2,-2,-2,-2,2,-2,3,-2
86,2,2,2,2,-2,1,-2,1,-1,-2,-2
87,-1,3,-2,2,-1,-1,0,-2,-2,-2,-2
88,2,2,2,2,2,-2,-2,-2,-2,-2,0
89,-2,-2,-2,1,2,2,1,1,2,1,1
90,-2,2,-3,2,-2,0,2,2,-1,3,2
91,2,-3,2,-2,-2,-1,2,2,-1,-2,-2
92,0,-2,-2,-2,-2,-2,-2,2,2,2,2
93,2,2,2,2,2,-2,-2,-2,-2,-2,-2
94,-2,-2,-2,-2,1,0,1,2,1,-1,0
95,2,2,2,2,2,-2,-2,-2,-2,-2,-2
96,0,3,-2,1,2,0,3,-1,1,-2,-2
97,-2,-2,2,2,2,2,1,-2,-2,-2,-2
98,-2,-2,-2,-2,-2,-2,0,2,2,1,-1
99,-1,2,2,2,-2,3,-2,0,0,0,2
100,2,2,2,-2,-2,0,2,2,-2,-2,-1
101,2,2,2,-2,-1,2,2,2,2,2,2
102,1,0,1,1,-2,2,-3,2,0,-3,1
103,2,-1,-1,-2,-2,-2,1,-3,1,-2,-2
104,-1,1,0,-2,-2,-2,-2,1,-3,2,2
105,-2,-2,-2,1,2,2,-2,-2,-2,-2,0
106,2,2,2,0,3,1,2,2,2,2,2
107,2,1,0,-2,-2,-2,-2,1,-1,-2,2
108,1,2,2,1,1,2,1,1,1,0,0
109,-2,-2,-2,1,1,1,1,2,2,2,2
110,-3,-1,-2,3,-2,1,-2,2,-3,2,0
111,-1,0,-1,-2,-2,-2,-1,-1,-2,-2,1
112,-2,0,1,2,0,1,2,2,1,-2,2
113,-2,-2,-2,2,-3,2,-2,-2,-2,-2,-2
114,2,2,2,2,-1,-1,-2,0,-2,2,2
115,2,2,2,-1,-1,-2,0,-2,2,2,2
116,2,2,-2,3,-2,2,0,0,-1,-1,-1
117,-2,3,-2,0,1,2,1,0,-2,0,1
118,-3,2,2,2,-1,3,-2,2,2,2,2
119,0,0,-1,-1,-2,-2,-2,1,1,-1,-2
120,-2,-2,-2,-2,1,1,2,-2,3,-2,-2
121,2,2,-2,-2,-2,-2,-2,-2,-2,1,1
122,2,2,2,2,0,2,-1,-2,2,-3,-1
123,-1,-2,-2,-2,-2,-2,-2,-2,-2,-1,-3
124,-1,-2,0,1,2,1,1,-1,-1,0,0
125,-2,-1,-1,-1,-2,0,-3,-1,-2,-2,-2
126,-2,-2,-2,0,0,0,2,2,-2,3,-2
127,2,2,1,0,-2,-2,-2,0,0,0,2
128,-2,-1,1,-1,-2,-2,2,1,2,2,2
129,-1,-1,-2,-2,-2,1,1,-1,-2,-1,-1
130,2,-2,-2,2,2,2,2,2,2,-2,-2
131,-1,2,0,-2,0,-1,1,-2,-1,-2,1
132,-2,-2,-1,-1,-2,-2,1,-3,-1,-2,-1
133,2,0,2,3,2,2,1,-3,2,2,2
134,-2,-2,-2,-2,2,2,2,2,2,-1,-2
135,2,2,2,2,2,2,2,2,2,2,-2
136,-2,3,-2,0,-3,1,-2,-1,1,1,2
137,-2,-2,2,2,2,2,2,0,2,2,2
138,-3,2,1,-3,-1,-2,-1,-1,0,2,1
139,2,2,-1,-2,-1,0,-2,0,-1,3,0
140,-2,1,1,-2,-2,-2,-2,2,-1,2,2
141,-2,0,-2,2,2,2,1,-1,0,1,-2
142,2,1,-2,2,-3,2,-2,-2,-1,2,2
143,-2,2,2,2,2,-1,-2,2,2,2,-2
144,2,-2,-1,0,1,2,-2,-2,-2,-2,2
145,2,2,-1,-2,-2,-1,2,2,2,2,2
146,-2,-1,1,2,2,2,2,2,0,2,-1
147,0,2,1,2,-2,-2,-2,-2,0,-3,2
148,2,2,1,1,1,0,2,0,-2,-2,-2
149,1,2,2,1,-2,0,-1,0,-2,-2,-2
150,-2,-2,-2,-2,-2,1,0,1,2,1,-1
151,2,-2,3,-2,-2,-2,-2,-2,2,-3,2
152,1,-2,-2,2,-3,-1,-2,-2,0,2,2
153,-2,2,-3,-1,-2,-2,0,2,2,2,2
154,2,1,1,-2,-2,-2,-2,-1,2,2,2
155,2,-1,-2,2,0,3,-2,1,2,0,3
156,2,-1,3,-1,1,2,1,0,-2,-2,-2
157,0,2,0,-2,-2,-2,-2,-2,1,-3,-2
158,3,2,2,1,-3,2,2,2,2,2,3
159,-1,-2,-2,-2,1,-2,2,-3,2,0,2
160,-2,-2,-2,-2,1,0,1,1,-2,2,-3
161,2,2,2,2,2,2,2,2,2,2,2
162,-1,-1,-2,0,-3,-1,-2,-2,-2,-2,-2
163,0,-2,-2,-2,-2,-2,2,2,2,2,2
164,2,2,1,-1,1,-2,-1,-2,2,2,2
165,-3,2,0,-3,1,2,2,2,2,2,2
166,0,2,2,2,2,2,-2,-2,-2,-2,-2
167,-2,-2,2,2,1,-2,2,2,-2,-2,-2
168,2,0,2,0,3,-2,2,2,1,-2,1
169,-1,-1,-2,-2,-2,-2,-2,-1,2,2,-1
170,-2,1,1,1,1,2,2,2,2,2,-1
171,-1,0,-2,-2,-2,2,2,2,0,-1,2
172,-2,-2,2,2,2,2,2,-1,-2,-2,-2
173,-1,0,-2,1,2,-1,-2,-2,-2,-2,-2
174,-2,-2,-2,1,2,2,1,-2,0,-1,0
175,2,2,-1,0,-2,0,-1,0,0,2,2
176,2,2,1,1,-1,0,-1,1,2,2,2
177,-2,-2,-2,-2,-2,-1,-2,1,-2,-2,-2
178,-2,-2,-2,-2,1,-3,-2,-2,-2,-2,-2
179,2,2,-2,-2,-2,-2,-2,1,2,2,-2
180,-2,3,-2,0,0,0,2,2,2,2,2
181,-2,-2,2,-1,2,2,2,-2,-2,-2,-2
182,0,-2,-2,-2,-1,2,1,2,0,0,1
183,2,1,-2,-2,-2,-2,-2,-2,0,1,-1
184,2,2,2,-1,-2,-2,-2,-2,0,-2,1
185,1,1,-2,-2,-2,-2,2,-1,2,2,2
186,2,2,2,2,-2,-2,-2,-2,-2,2,2
187,-2,-1,2,2,2,2,2,2,0,2,2
188,2,2,-2,3,-2,0,0,0,2,2,2
189,0,0,-2,-2,2,2,0,-2,-2,-2,-2
190,-3,-2,-2,2,2,2,-2,-2,0,2,2
191,2,-2,-2,0,2,2,2,2,2,2,2
192,1,-2,-2,-2,-2,1,0,-2,-2,-2,-2
193,-1,-2,-2,-1,0,2,0,-2,-2,-2,0
194,0,2,2,2,2,2,2,2,0,0,-1
195,0,-2,-2,-2,0,0,0,2,2,-2,3
196,1,2,0,3,-2,2,-2,-2,-2,-1,2
197,-1,-2,2,2,2,-2,-2,-2,-2,-2,-2
198,-2,2,2,2,0,-1,2,0,2,0,2
199,-2,-2,1,-1,-1,2,2,2,0,3,1
200,2,2,-2,-2,-2,1,2,2,1,1,2
201,-2,0,-3,2,1,2,2,1,-2,-2,-2
202,-1,-2,-2,-2,-2,-2,-1,2,2,-1,-2
203,3,-2,2,0,0,-1,-1,-1,-1,-2,2
204,0,-1,-1,-1,-1,-2,2,-3,1,0,-2
205,-1,-2,-1,0,-2,0,-1,3,0,1,-2
206,0,-2,0,-1,3,0,1,-2,0,2,2
207,-2,-2,-2,-1,2,2,-1,-2,-2,-1,2
208,1,-2,-2,-2,-2,2,-1,2,2,2,-2
209,-2,-2,-2,-2,-2,-2,-2,-1,-2,1,-2
210,0,3,-1,1,-2,-2,-2,-1,1,0,-2
211,2,1,-1,0,2,-2,3,-2,-2,1,2
212,2,2,2,2,-2,3,-1,2,0,-2,0
213,0,-2,-2,0,-2,-2,-1,0,1,2,2
214,-3,2,-2,0,2,2,-1,3,2,2,2
215,0,2,2,-2,3,-2,2,0,0,-1,-1
216,2,-3,2,0,2,0,3,-2,2,2,1
217,2,-1,-1,0,-2,-2,-2,-2,2,-1,3
218,2,2,-2,1,-2,1,-1,-2,-2,-2,-2
219,-2,0,2,2,2,1,-2,-2,2,-3,2
220,2,2,2,2,2,2,1,2,2,2,0
221,2,2,2,1,-2,-2,-2,-2,-2,-2,0
222,-2,-1,0,2,-1,3,0,-2,-2,-1,1
223,2,2,2,2,2,2,2,2,-2,-2,-2
224,-3,1,-2,-1,1,1,2,1,3,-2,2
225,-1,0,0,-2,-2,-2,2,2,0,-2,-2
226,-2,-1,2,0,1,-1,-2,-2,-2,-1,-2
227,-2,-1,2,2,-1,-2,-2,-1,2,2,2
228,-2,-2,-2,-2,-2,-2,-2,-2,1,2,2
229,-2,-2,-1,2,2,-1,-2,2,0,3,-2
230,2,2,2,2,2,-2,1,2,2,2,2
231,-2,-2,-2,-2,1,-3,2,2,2,2,2
232,-2,-2,1,1,0,2,2,2,2,1,-1
233,0,-2,-2,-2,2,2,0,-2,-2,2,2
234,-2,1,2,2,1,-2,0,-1,0,-2,-2
235,-1,1,2,0,-2,-2,-2,-1,2,1,2
236,1,-1,-2,-2,2,1,2,2,2,2,0
237,0,-3,2,-1,-2,-2,-2,-2,-2,-2,0
238,1,-2,2,-3,2,0,-3,1,2,2,2
239,0,1,2,0,1,2,2,1,-2,2,-3
240,1,1,1,2,2,2,2,2,-1,-2,-2
241,-3,-1,-2,-2,-2,-2,-2,-2,2,2,2
242,-1,-2,-2,-2,-2,-2,-2,-2,-2,-2,2
243,2,2,2,2,2,2,0,2,2,2,1
244,2,2,-2,-2,2,2,2,2,2,2,-2
245,-2,-2,-2,-2,2,2,2,2,2,0,2
246,0,1,1,2,2,2,-1,-2,-1,1,2
247,0,-3,2,1,2,2,1,-2,-2,-2,-2
248,-2,1,1,2,2,2,2,-1,-1,-2,0
249,-2,-2,-2,1,1,-1,-2,-1,-1,1,-1
250,2,-2,3,-2,0,-3,1,-2,-1,1,1
251,-2,1,2,1,-1,2,2,2,2,2,-2
252,-2,2,2,2,-2,-2,-2,-2,-2,-2,-2
253,2,2,2,2,2,2,2,2,2,2,2
254,1,-2,-2,-2,1,-1,-2,-2,-2,1,-2
255,-1,-1,1,-1,-2,1,2,1,-1,2,2
256,3,-2,-2,0,-1,-1,-2,-2,-2,-2,-2
257,2,-2,3,-2,-2,0,-1,-1,-2,-2,-2
258,2,0,1,-1,-2,-2,-2,-1,-2,-2,1
259,-1,1,-2,-2,-2,-1,1,0,-2,-2,-2
260,-1,-2,-1,1,2,2,2,2,2,0,2
261,2,1,-1,2,2,2,2,2,0,-2,-2
262,-2,2,2,0,-2,-2,-2,-2,-2,2,2
263,-2,-2,-1,-2,-2,-2,-2,-2,-2,0,-2
264,0,-2,1,2,2,2,2,2,-2,-2,-2
265,-2,2,2,-1,-2,-2,2,-3,2,0,-1
266,1,0,-2,-1,-2,-2,-2,-2,1,-1,-1
267,2,2,2,2,2,-2,-2,-2,2,2,2
268,1,1,-2,2,-3,2,0,-3,1,2,2
269,0,2,2,-1,-2,2,-3,2,-1,3,-2
270,2,2,2,2,-2,1,2,2,2,2,2
271,1,-1,0,1,-2,-2,-2,-2,1,0,-2
272,2,2,2,0,2,2,2,1,0,-3,2
273,2,2,0,2,2,2,1,0,-3,2,-2
274,-2,-1,0,-1,-2,-2,-2,-1,-1,-2,-2
275,-2,-2,2,-1,3,-1,1,2,1,0,-2
276,0,2,2,2,2,2,2,1,2,2,2
277,1,0,2,0,-2,-2,-2,-2,-1,-1,-2
278,-2,2,2,2,2,2,2,-2,-2,-2,-2
279,1,-2,0,-1,0,-2,-2,-2,-2,-2,-1
280,-2,-2,-2,1,1,0,2,2,2,2,1
281,2,2,2,1,2,2,2,0,2,1,1
282,2,2,-1,-2,2,-3,2,-1,3,-2,2
283,0,-1,1,2,0,3,-2,2,-2,-2,-2
284,-3,-1,-2,-2,-1,2,2,2,2,2,-2
285,2,2,2,2,2,2,2,0,0,-1,0
286,-1,-2,-2,-2,1,1,-1,-2,-1,-1,1
287,-2,-2,-2,-2,-2,-2,-2,-2,-1,-3,-2
288,0,-3,1,2,2,2,2,2,2,2,2
289,-2,-2,-2,0,-3,-1,-2,3,-2,1,-2
290,2,2,2,2,1,2,2,2,-1,2,2
291,2,2,2,2,2,1,0,-2,-2,-2,0
292,-2,-2,2,-2,3,-2,0,1,2,1,0
293,2,1,2,2,1,-2,-2,-2,-2,-2,-2
294,-2,-1,-1,1,-1,-2,1,2,1,-1,2
295,1,0,2,2,2,0,2,2,2,2,2
296,-1,-1,0,-2,-2,-2,-2,2,-1,3,0
297,-2,-1,-1,0,2,1,2,-2,-2,-2,-2
298,-1,2,2,2,2,2,2,0,2,2,2
299,1,2,1,3,-2,2,2,-1,-2,-1,0
300,-1,1,-1,-2,-2,2,1,2,2,2,2
301,1,1,1,1,2,2,2,2,2,-1,-2
302,2,2,2,2,-2,-2,-2,2,2,2,2
303,0,-1,3,0,1,-2,0,2,2,2,1
304,0,1,-1,2,-2,3,-2,0,-3,1,-2
305,1,-3,-2,-2,-2,-2,-2,-2,-2,-1,-2
306,-1,-2,-2,-2,-2,2,2,2,2,2,-1
307,-2,2,2,2,1,-1,0,1,-2,-2,-2
308,-2,-2,-1,1,-1,-2,-2,2,1,2,2
309,-2,-2,-2,-1,-3,-2,1,2,2,2,2
310,-2,-1,1,1,2,1,3,-2,2,2,-1
311,0,1,2,2,2,0,0,-2,-2,2,2
312,-2,-2,2,2,2,2,2,2,-2,-2,-2
313,2,2,2,2,2,0,-2,0,-3,2,-1
314,2,-2,-1,2,2,2,2,2,2,0,2
315,0,2,1,1,0,1,2,-1,-1,-2,-2
316,-3,2,-1,3,-2,2,2,2,2,0,2
317,-1,-2,-2,-1,2,2,2,2,2,1,2
318,1,-2,0,2,2,2,1,-2,-2,2,-3
319,2,2,2,2,2,2,2,1,1,-2,-2
320,1,-1,-1,-2,-2,-2,-2,-2,1,0,1
321,-2,2,2,2,-2,-2,0,2,2,2,2
322,2,2,0,2,2,2,2,2,-2,3,-1
323,2,-2,-2,-2,-1,2,1,-2,-2,-2,1
324,-2,-2,0,-3,2,-3,-2,-2,2,2,2
325,2,1,-2,-2,2,-3,2,1,-2,-2,-2
326,0,2,0,-2,0,2,2,2,2,2,0
327,-2,-2,-2,-2,0,-3,-1,-2,3,-2,1
328,2,-3,2,0,-1,-2,-2,-1,0,2,0
329,-2,-2,-2,1,0,1,1,-2,2,-3,2
330,0,2,2,-1,3,2,2,2,2,2,-1
331,2,2,2,1,2,2,2,0,1,1,2
332,-2,-2,2,2,0,-2,-2,-2,-2,-2,2
333,0,-2,-2,-1,1,-1,-2,-2,2,1,2
334,0,-3,-1,-2,-2,-2,-2,-2,-2,2,2
335,2,0,-2,0,2,2,2,2,2,0,-2
336,0,1,-2,-2,-2,-2,1,0,-2,-2,-2
337,-2,-2,-2,-2,1,2,2,-2,1,2,-2
338,1,3,1,2,2,-1,0,1,-1,-2,-1
339,-2,-2,-2,-2,-2,-2,-2,-2,-2,1,0
340,-2,-2,2,2,2,2,2,2,1,3,-2
341,1,2,2,1,-2,2,-3,2,-2,-2,-1
342,2,1,2,2,2,0,1,1,2,2,2
343,-2,-2,-2,-2,-2,-2,-2,-2,-2,2,-3
344,-2,-2,-2,1,-3,2,2,2,2,2,2
345,2,2,2,1,-2,-2,-2,2,-2,-2,-2
346,-2,1,2,2,-2,1,2,-2,3,-2,1
347,0,-3,-1,-2,-2,-2,-2,-2,-2,-2,-2
348,2,2,1,-1,2,2,2,2,2,0,-2
349,0,-1,-1,-2,-2,-2,-2,-2,-1,2,2
350,0,0,2,2,2,2,2,-2,1,0,2
351,2,1,-2,-2,-2,2,-2,-2,-2,1,2
352,2,1,2,-2,-2,-2,-2,0,-3,2,-3
353,-2,-2,-2,-2,2,-3,2,-2,-2,-2,-2
354,-2,0,-3,-1,-2,-2,-2,-2,-2,-2,-2
355,2,2,2,2,1,-1,2,2,2,2,2
356,-2,2,-3,2,0,2,0,3,-2,2,2
357,-2,1,1,-1,-2,-1,-1,1,-1,-2,1
358,3,-2,0,-2,-2,-2,-2,-2,-2,0,-3
359,-2,2,2,2,2,0,2,3,2,2,1
360,-2,-2,-1,2,2,2,2,2,1,2,0
361,-3,-2,-2,-2,0,2,0,2,2,2,1
362,2,2,2,2,2,0,-2,-2,-2,-2,-1
363,-2,-2,-2,-2,0,-3,2,-2,-2,-1,2
364,-2,-2,-2,-2,-2,-2,-1,-3,-2,1,2
365,2,2,2,2,2,0,2,-1,-2,2,-3
366,-2,-2,-2,-2,0,2,2,-2,3,-2,-2
367,-2,2,-3,1,0,-2,-1,-2,-2,-2,-2
368,0,2,0,3,-2,2,2,1,-2,1,2
369,-2,1,-2,1,-1,-2,-2,-2,-2,2,2
370,2,2,2,2,2,-1,-1,1,2,0,-2
371,2,-3,-1,-2,-2,-1,2,2,2,2,2
372,-2,-2,-2,-2,-1,2,2,2,-2,-2,2
373,-2,-2,1,-1,-2,2,-3,2,1,-3,-1
374,3,-2,2,-1,-1,0,-2,-2,-2,-2,2
375,0,2,2,2,1,-2,-2,2,-3,2,1
376,3,-2,0,-3,1,-2,-1,1,1,2,1
377,0,2,2,2,1,0,-3,2,-2,-2,-2
378,2,2,2,2,2,2,-2,-2,-2,-2,-2
379,-3,-2,1,2,2,2,2,2,2,2,2
380,-3,2,0,2,0,3,-2,2,2,1,-2
381,-2,-1,2,2,2,-2,3,-2,0,0,0
382,-2,-2,-2,1,-1,-2,2,-3,2,1,-3
383,-2,1,-1,-1,2,2,2,0,3,1,2
384,2,2,2,2,1,1,-2,-2,-2,-2,-1
385,2,2,2,2,1,2,2,2,1,1,-2
386,2,2,2,2,2,2,2,2,2,-2,-2
387,2,2,2,-2,-2,-2,-2,-2,-2,-2,-2
388,0,1,2,1,1,-1,-1,0,0,-2,-2
389,2,2,2,-2,-2,-2,-2,2,2,1,-2
390,-2,-2,-2,-2,-1,-1,-2,-2,0,1,2
391,2,2,2,2,2,2,2,-2,-2,-2,-2
392,-1,-2,2,2,2,0,-1,-1,0,-2,-2
393,0,-2,-2,-1,0,-1,-2,-2,-2,-1,-1
394,3,-1,2,0,-2,0,-1,1,-2,-1,-2
395,-2,3,-2,2,0,0,-1,-1,-1,-1,-2
396,-1,-2,1,-2,-2,1,1,-2,-2,-2,-2
397,-1,2,2,-1,-2,2,0,3,-2,1,2
398,-2,-2,1,2,2,-2,1,2,-2,3,-2
399,2,2,-2,1,-3,0,-2,2,2,1,1
400,-2,-2,-2,-2,-2,-2,-2,2,-3,2,-2
401,-3,1,0,-2,-1,-2,-2,-2,-2,1,-1
402,0,2,-2,3,-2,-2,1,2,2,-2,-2
403,-1,-2,3,-2,1,-2,2,-3,2,0,2
404,2,2,2,2,2,2,2,2,2,1,1
405,2,1,1,1,0,0,2,2,2,2,2
406,2,-1,-2,-1,0,-2,0,-1,3,0,1
407,2,2,2,-1,-2,-2,-1,2,2,2,-2
408,2,2,2,2,2,2,2,2,2,0,2
409,0,2,0,-2,-2,-2,-2,-1,-1,-2,-2
410,-2,-1,-1,2,2,2,-2,1,-3,0,-2
411,-1,2,2,2,2,1,2,2,2,2,2
412,2,-3,-1,-2,-2,0,2,2,2,2,-1
413,1,-2,-2,-2,-2,-2,-2,0,-1,1,2
414,2,2,0,-2,-2,2,2,2,2,1,-2
415,-2,-2,-2,-2,-1,2,-1,3,0,2,-2
416,1,2,0,1,2,2,2,2,2,2,-1
417,2,2,1,3,-2,0,-2,-2,-1,0,-1
418,-2,-2,-2,1,-1,-2,-2,-2,1,-2,2
419,-2,-2,-2,-2,1,1,1,1,2,2,2
420,2,0,1,1,2,2,2,-1,-2,-1,1
421,2,2,2,-2,1,0,2,2,2,0,2
422,0,1,2,2,1,-2,2,-3,2,-2,-2
423,2,-1,3,-2,2,2,2,2,2,2,2
424,1,2,2,-2,1,2,-2,3,-2,1,1
425,-2,-2,-2,-2,-2,0,2,2,1,-1,-1
426,-1,2,2,2,2,2,1,2,0,1,2
427,2,1,-2,1,2,2,2,2,2,2,2
428,2,2,-1,-2,2,2,2,-2,-2,-2,-2
429,2,-2,-2,-2,-2,-2,0,-3,2,1,2
430,-1,-2,-2,-2,-2,0,-2,1,2,2,2
431,-2,0,-2,1,2,2,2,2,2,-2,-2
432,-2,-2,1,-3,1,-2,-2,2,-3,-1,-2
433,-2,2,2,2,2,2,2,2,2,2,2
434,-2,2,-3,-1,-2,-2,-1,2,2,2,2
435,2,2,2,-1,3,-2,2,2,2,2,2
436,2,2,2,-2,-2,-2,-2,-2,-2,-2,-2
437,2,2,2,2,2,2,0,2,2,2,2
438,2,2,2,2,2,-1,-2,-2,-1,2,2
439,2,2,2,2,0,2,2,2,1,1,-1
440,1,-2,-1,-2,2,2,2,0,-1,-1,0
441,2,0,3,0,-1,0,2,-2,0,-3,-1
442,0,-3,2,-2,-2,-2,-2,1,1,0,2
443,-2,1,2,2,2,2,2,2,2,2,2
444,1,2,2,2,2,1,2,2,1,-2,-2
445,-2,1,-1,-2,2,-3,2,1,-3,-1,-2
446,1,2,2,2,2,2,2,2,2,2,-2
447,-2,-2,2,2,2,2,-2,-2,-2,1,2
448,0,3,-2,2,2,1,-2,1,2,2,2
449,0,3,1,2,2,2,2,2,2,2,0
450,-3,-1,0,0,0,-1,-1,-2,-2,-2,1
451,1,2,2,2,0,1,1,2,2,2,-1
452,2,2,1,2,2,2,2,2,2,2,2
453,1,-3,-2,-2,-1,-2,-1,-3,-2,-2,-2
454,1,1,2,1,1,1,0,0,2,2,2
455,3,-2,2,-2,-2,-2,-1,2,1,-2,-2
456,2,2,2,-2,-2,-2,-2,-2,0,-3,2
457,-2,0,-3,-2,-2,2,2,2,2,2,2
458,0,-2,2,2,2,1,-1,0,1,-2,-2
459,1,2,2,2,2,2,2,-1,-1,1,2
460,2,2,-1,-2,-2,-2,-2,0,-2,1,2
461,-1,-1,-1,-2,0,-3,-1,-2,-2,-2,-2
462,-2,-2,-2,-2,-2,-2,-1,-2,-2,-2,-2
463,-1,1,2,2,1,2,2,2,2,-1,-2
464,2,1,0,2,0,-1,-2,-1,-2,-1,2
465,2,2,0,-2,-2,-2,-2,-1,-1,2,2
466,0,-3,-1,-2,0,1,2,1,1,-1,-1
467,2,1,-2,-2,-2,-2,2,2,2,2,-1
468,-1,-2,-1,1,2,2,1,2,2,2,2
469,-2,-2,-2,-1,-2,1,-2,-2,-2,-2,-2
470,2,1,-2,-2,-2,-2,-2,-2,0,-1,1
471,2,2,3,3,-2,0,-2,-2,-2,-2,-2
472,1,2,2,2,0,0,-2,-2,2,2,0
473,0,-3,-1,-2,3,-2,1,-2,2,-3,2
474,0,1,2,2,2,2,2,2,-1,-1,1
475,-1,2,1,-2,-2,-2,1,-1,-2,-2,-2
476,1,2,2,1,2,2,2,2,-1,-2,-2
477,1,3,-2,0,-2,-2,-1,0,-1,-2,-2
478,-1,-2,-2,-1,2,2,2,2,2,-2,1
479,-1,-2,-2,-2,2,-1,3,-1,1,2,1
480,2,2,0,-1,2,0,2,0,2,-1,0
481,-3,2,2,2,2,2,2,2,1,-1,1
482,-2,-2,0,-2,-2,-2,-2,-2,-2,-2,-2
483,2,2,2,2,2,3,3,-2,0,-2,-2
484,2,2,2,1,3,-2,0,-2,-2,-1,0
485,2,2,2,2,2,-2,-1,0,1,2,-2
486,2,2,1,0,-3,2,-2,-2,-2,-2,1
487,2,1,2,0,1,2,2,2,2,2,2
488,3,-2,1,2,0,3,-1,1,-2,-2,-2
489,2,2,2,0,2,-1,-2,2,-3,-1,-2
490,2,0,2,-1,-2,2,-3,-1,-2,-1,-2
491,-1,-2,-2,2,1,2,2,2,2,0,-2
492,0,2,2,2,1,3,1,2,2,-1,0
493,2,2,2,2,2,-2,1,0,2,2,2
494,-2,-2,-2,0,-3,2,-2,-2,-1,2,2
495,-2,-2,0,-2,-2,-1,0,1,2,2,2
496,2,0,1,2,2,2,2,2,2,-1,-1
497,2,1,-2,-2,-2,1,-1,-2,-2,-2,1
498,-2,-2,-2,-2,2,-1,3,0,2,0,-2
499,2,1,2,2,2,2,-1,-2,-2,-2,-2
500,-2,1,2,2,2,2,2,1,2,2,2
501,-2,3,-2,1,1,2,2,2,2,-1,-1
502,0,2,-1,-2,2,-3,-1,-2,-1,-2,-1
503,-2,-2,-2,2,-1,3,-1,1,2,1,0
504,-2,-2,-2,-2,-2,-2,2,2,2,2,2
505,1,-2,2,-3,2,0,2,0,3,-2,2
506,0,-2,1,2,-1,-2,-2,-2,-2,-2,-2
507,0,-2,-2,-1,-1,-1,-2,0,-3,-1,-2
508,1,1,-2,-2,-2,-2,-1,2,2,2,-2
509,2,2,2,2,2,2,2,0,-2,0,-3
510,-2,-2,-2,-2,1,-1,-1,2,2,2,0
511,0,0,-2,-2,-2,2,2,0,-2,-2,2
512,1,1,2,1,3,-2,2,2,-1,-2,-1
513,2,2,0,2,1,1,0,1,2,-1,-1
514,-2,-2,2,-3,2,-2,-2,-2,-2,-2,-2
515,2,2,2,2,0,2,2,2,1,0,-3
516,-2,-2,-1,-3,-2,1,2,2,2,2,2
517,-2,0,2,2,2,2,2,-2,-2,-2,-2
518,2,2,-1,-1,-2,0,-2,2,2,2,1
519,-1,-2,-2,-1,2,2,2,-2,3,-2,0
520,-2,-2,2,2,2,-1,-2,-2,-2,-2,0
521,-2,-2,-2,-2,-2,1,2,2,-2,1,2
522,2,2,2,1,2,0,1,2,2,2,2
523,-2,1,-1,-2,-2,-2,-2,2,2,2,2
524,0,2,0,-2,-2,-2,0,2,0,-2,-2
525,2,2,-2,3,-2,2,-2,-1,-2,-2,-2
526,-2,-2,1,2,2,-2,-2,0,2,2,2
527,0,0,2,2,2,1,3,1,2,2,-1
528,-2,-2,-2,-1,-1,-2,-2,1,-3,-1,-2
529,1,1,0,0,2,2,2,2,2,-2,1
530,1,2,2,2,2,2,2,2,0,-2,0
531,2,2,2,2,2,2,1,2,2,2,1
532,0,-2,-2,-2,-2,1,-1,-2,2,-3,2
533,-2,-1,-2,2,2,2,0,-1,-1,0,-2
534,-2,2,2,2,2,2,2,1,3,-2,0
535,2,2,2,2,2,2,2,2,2,2,2
536,2,2,0,1,1,2,2,2,-1,-2,-1
537,3,0,2,0,-2,0,2,2,2,2,2
538,-2,1,-3,0,-2,2,2,1,1,1,0
539,-2,-2,1,2,2,2,2,-1,-2,2,2
540,2,-2,-2,-2,-2,2,2,-2,3,-2,2
541,2,2,-2,3,-1,2,0,-2,0,-1,1
542,2,2,2,2,3,3,-2,0,-2,-2,-2
543,-1,-2,-2,1,-3,-2,-2,-1,-2,-1,-3
544,2,2,2,-1,-1,1,2,0,-2,-2,-2
545,-2,-2,0,-1,1,2,0,3,-2,2,-2
546,-2,1,2,2,1,1,2,1,1,1,0
547,2,-2,3,-1,2,0,-2,0,-1,1,-2
548,-2,-2,-2,2,-3,2,2,2,-1,3,-2
549,-1,-1,2,2,2,0,3,1,2,2,2
550,2,-1,-2,-1,1,2,2,1,2,2,2
551,-2,-2,-2,-2,-2,2,2,2,2,2,2
552,2,1,2,2,2,-1,2,2,2,-2,-2
553,2,2,2,2,2,-2,-2,-2,-2,-2,-2
554,-3,-2,-2,-2,-2,1,1,1,1,2,2
555,0,-3,1,-2,-1,1,1,2,1,3,-2
556,1,-2,-2,1,2,2,2,2,-1,-2,2
557,-2,-2,-1,-1,-2,-2,-2,-2,2,-3,-1
558,-1,-1,-2,0,-2,2,2,2,1,-1,0
559,-2,1,0,-2,-2,-2,-2,-2,-2,2,2
560,-1,3,0,2,2,0,3,0,-1,0,2
561,-2,-2,-2,-2,-1,-2,-2,-2,-2,-2,-2
562,2,2,-2,3,-2,-2,-2,-2,-2,2,-3
563,-2,-2,-2,-2,0,-3,2,1,2,2,1
564,-1,-2,-2,-2,-2,-2,-2,0,-2,-2,-2
565,2,0,2,2,2,2,2,-2,3,-1,2
566,-2,-2,1,1,-2,-2,-2,-2,2,-1,2
567,2,0,0,-1,-1,-1,-1,-2,2,-3,1
568,2,2,-2,-2,0,2,2,2,2,2,2
569,2,2,2,2,2,0,-2,-2,0,-2,-2
570,2,2,2,2,2,2,2,2,2,2,1
571,-2,1,2,2,-2,-2,-2,-2,0,2,2
572,2,2,-1,-2,-1,1,2,2,1,2,2
573,0,2,2,-2,-2,-1,-1,-2,-2,-2,-2
574,-2,1,2,2,2,2,2,-2,-2,-2,2
575,3,-2,0,-2,-2,-1,0,-1,-2,-2,-2
576,1,-1,2,-2,3,-2,0,-3,1,-2,-1
577,2,2,1,-1,0,1,-2,-2,-2,-2,1
578,2,2,1,-1,-1,-2,-2,-2,-2,-2,1
579,-2,0,1,2,1,0,-2,0,1,2,-1
580,-2,-2,-2,0,-3,-2,-2,2,2,2,2
581,2,0,2,2,2,1,0,-3,2,-2,-2
582,1,2,1,-1,2,2,2,2,2,-2,1
583,2,2,2,1,-1,2,2,2,2,2,0
584,2,2,2,2,2,2,-2,-2,-2,-2,-2
585,1,2,-2,3,-2,1,1,2,2,2,2
586,-2,-2,-2,-2,0,2,2,1,-1,-1,-2
587,-2,-2,-2,-2,-2,-2,-2,-2,-2,-2,-2
588,2,-2,3,-2,1,1,2,2,2,2,-1
589,2,2,2,2,2,2,2,0,2,2,2
590,2,1,-1,-1,-2,-2,-2,-2,-2,1,0
591,0,-3,-2,-2,2,2,2,2,2,2,2
592,-2,-2,-2,0,-2,-2,-2,-2,-2,-2,-2
593,-1,2,2,2,2,2,-2,1,-2,1,-1
594,-1,-1,-1,-1,-2,2,-3,1,0,-2,-1
595,0,1,2,-1,-2,2,2,2,2,2,2
596,1,2,2,1,-2,-2,-2,-2,2,2,2
597,2,0,2,-1,0,-3,-1,-2,-2,-2,-2
598,-2,-2,-2,-2,-2,-1,-2,-2,-2,-2,-2
599,-2,-2,-2,2,2,2,2,2,2,1,3
600,-2,-2,-2,0,2,0,-2,-2,-2,-2,-2
601,2,-3,2,0,-3,1,2,2,2,2,2
602,-2,-2,-2,-2,-2,-2,-1,-2,1,-2,-2
603,1,-1,-2,-2,-2,-2,2,2,2,2,2
604,1,0,-2,0,1,2,-1,-2,2,2,2
605,2,2,1,2,2,2,0,1,1,2,2
606,2,-1,3,0,2,-2,-1,-1,2,2,2
607,0,0,-1,0,-2,1,2,-1,-2,-2,-2
608,0,-1,0,2,-2,0,-3,-1,0,0,0
609,2,2,0,0,-1,0,-2,1,2,-1,-2
610,-1,-2,2,0,3,-2,1,2,0,3,-1
611,-2,-1,0,1,2,-2,-2,-2,-2,2,2
612,-1,-2,0,-2,2,2,2,1,-1,0,1
613,2,2,2,1,3,1,2,2,-1,0,1
614,-2,-2,-1,-2,-2,1,-3,-2,-2,-1,-2
615,2,-2,-2,-2,-2,-2,2,2,2,-1,-2
616,2,-2,-2,-2,-2,-2,1,2,2,-2,1
617,3,1,2,2,-1,0,1,-1,-2,-1,0
618,-1,-2,-2,-2,-2,2,-3,-1,-2,-2,-1
619,2,-2,-2,-2,-2,-2,-2,-2,-2,0,-3
620,-2,-2,-1,-2,2,2,2,1,2,2,2
621,1,1,-1,0,-1,1,2,2,2,2,1
622,-1,2,2,2,-2,-2,-2,-2,2,2,1
623,0,1,2,-1,-1,-2,-2,-2,1,-3,1
624,0,2,2,2,2,1,-1,2,2,2,2
625,-2,-2,1,-3,-2,-2,-2,-2,-2,-2,-2
626,2,2,2,2,2,0,2,2,2,1,1
627,-1,0,-3,-1,-2,-2,-2,-2,-2,-2,2
628,-2,-2,-2,0,-2,1,2,2,2,2,2
629,-2,-2,-2,-2,0,-3,2,-3,-2,-2,2
630,-2,1,-3,-2,-2,-2,-2,-2,-2,-2,-1
631,2,2,2,2,2,2,1,1,-2,-2,-2
632,2,2,2,2,0,-2,-2,0,-2,-2,-1
633,-2,-2,-2,-2,-2,-2,-2,-2,-2,-2,-2
634,2,2,2,-2,3,-1,2,0,-2,0,-1
635,-2,3,-2,2,-2,-1,-2,-2,-2,-2,-2
636,-2,-2,-2,-2,-1,-2,1,-2,-2,-2,-2
637,2,-3,-1,-2,-1,-2,-1,0,-1,0,0
638,2,2,0,3,1,2,2,2,2,2,2
639,0,2,2,0,3,0,-1,0,2,-2,0
640,-1,0,0,2,2,-1,-2,2,-3,2,-1
641,2,2,2,2,1,-2,-2,-1,2,0,1
642,0,2,0,2,-1,0,-3,-1,-2,-2,-2
643,1,-3,2,2,2,2,2,3,3,-2,0
644,-2,-2,-2,-2,-2,-2,0,-2,-2,-2,-2
645,2,2,2,-2,-2,-2,-2,-2,1,2,2
646,-2,-2,-2,-2,2,-3,-2,-2,-2,0,2
647,-2,0,1,2,-1,-2,2,2,2,2,2
648,-2,-2,0,1,2,0,1,2,2,1,-2
649,0,-1,-2,-2,-2,-1,-1,-2,-2,1,-3
650,-2,0,-1,0,-2,-2,-2,-2,-2,-1,-1
651,2,2,2,1,2,2,2,2,2,2,2
652,0,3,-2,2,-2,-2,-2,-1,2,1,-2
653,2,2,2,2,2,2,2,-1,3,-2,2
654,-2,-2,-2,-2,-2,-2,0,-3,-2,-2,2
655,2,-1,-2,2,-3,-1,-2,-1,-2,-1,0
656,-2,2,2,2,-1,-2,-2,-2,-2,0,-2
657,-1,-2,-1,2,2,2,2,1,2,2,2
658,2,2,2,2,-2,-2,-2,1,2,2,1
659,-2,-2,-2,-1,-2,-2,-2,-2,-2,-2,0
660,-2,-2,-2,-2,-2,2,2,2,2,2,2
661,0,-1,0,0,2,2,-1,-2,2,-3,2
662,-1,-2,-2,-2,-2,-2,1,0,1,2,1
663,-2,0,2,2,2,2,2,2,2,0,0
664,-2,2,-3,2,1,-3,-1,-2,-1,-1,0
665,-3,-2,-2,-1,-2,-1,-3,-2,-2,-2,-2
666,2,2,1,-2,1,2,2,2,2,2,2
667,2,2,2,2,2,0,2,2,2,2,2
668,2,2,2,0,2,2,2,2,2,-2,3
669,1,2,2,2,-1,-2,-1,1,2,2,1
670,2,2,-2,-2,-2,-2,2,2,1,-2,2
671,1,2,2,-2,-2,-2,-2,0,2,2,-2
672,-2,-2,0,-3,-2,-2,2,2,2,2,2
673,-2,0,2,2,-2,3,-2,-2,-2,-2,-2
674,2,2,2,3,3,-2,0,-2,-2,-2,-2
675,2,0,3,-2,1,2,0,3,-1,1,-2
676,-1,2,2,2,2,2,0,-2,-2,-2,-2
677,-2,1,-3,-2,-2,-1,-2,-1,-3,-2,-2
678,-2,-2,0,2,2,-2,3,-2,-2,-2,-2
679,0,2,2,1,-1,-1,-2,-2,-2,-2,-2
680,-2,-2,-2,-2,-2,2,2,-1,-2,-2,2
681,-1,-1,-2,-2,1,-3,-1,-2,-1,1,2
682,-2,0,-1,1,2,0,3,-2,2,-2,-2
683,-2,0,-1,0,0,2,2,-1,-2,2,-3
684,2,2,1,-2,-2,-2,-2,-2,-2,0,2
685,3,-2,-2,-2,-2,-2,2,-3,2,-2,0
686,-2,-2,-2,-2,-2,-2,2,-3,2,-2,-2
687,2,2,-2,-2,-1,-1,-2,-2,-2,-2,2
688,-2,-1,0,2,0,-2,-2,-2,0,2,0
689,-2,-2,-2,-2,-2,-2,-1,2,-1,3,0
690,-2,-2,-2,-2,-2,-2,-2,-2,-2,-2,1
691,-2,2,-3,2,-1,3,-2,2,2,2,2
692,-2,-1,-3,-2,1,2,2,2,2,2,2
693,3,-1,1,-2,-2,-2,-1,1,0,-2,-2
694,1,1,0,2,2,2,2,1,-1,2,2
695,2,2,2,0,0,-1,0,-2,1,2,-1
696,2,1,1,0,1,2,-1,-1,-2,-2,-2
697,2,2,2,2,2,2,2,2,2,2,2
698,0,2,-1,0,-3,-1,-2,-2,-2,-2,-2
699,1,-2,-2,1,1,-2,-2,-2,-2,2,-1
700,-2,1,-3,-1,-2,-1,1,2,2,2,2
701,2,2,2,2,2,2,2,2,1,1,-2
702,2,1,-1,2,2,2,2,2,-2,1,2
703,2,2,2,2,2,1,2,0,1,2,2
704,-2,-2,-2,-2,-2,-2,-2,2,-3,-2,-2
705,-1,0,2,-2,3,-2,-2,1,2,2,-2
706,2,2,2,2,2,0,0,-1,0,-2,1
707,-2,-2,-2,1,1,2,-2,3,-2,-2,0
708,-2,1,-1,-2,-2,-2,1,-2,2,-3,2
709,2,2,-1,3,2,2,2,2,2,-1,-1
710,-2,1,-2,2,-3,2,0,2,1,0,2
711,2,2,2,2,2,-2,-2,-2,-2,-2,2
712,2,2,2,2,0,-2,0,-3,2,-1,-2
713,2,2,2,2,2,1,2,2,2,-1,2
714,-2,2,2,1,-2,1,2,2,2,2,2
715,-2,0,-2,-2,-2,-2,-2,-2,0,-3,2
716,2,2,2,2,2,1,-1,1,-2,-1,-2
717,-2,1,0,1,2,1,-1,0,2,-2,3
718,-2,2,2,2,2,2,2,-2,-1,2,2
719,-1,1,-2,-1,-2,1,-2,-2,1,1,-2
720,2,-1,-2,2,2,-1,3,0,2,2,0
721,0,-2,0,-1,1,-2,-1,-2,1,-2,-2
722,-1,-2,-1,-3,-2,-2,-2,-2,1,1,1
723,-2,-1,2,2,2,2,2,1,2,0,1
724,0,2,2,2,2,-1,0,-2,0,-1,0
725,-2,-2,-2,-2,-2,0,-2,-2,-2,-2,-2
726,-1,-2,-1,-1,1,-1,-2,1,2,1,-1
727,2,0,-1,-1,0,-2,-2,-2,2,2,2
728,-2,2,2,-1,3,0,2,2,0,3,0
729,-2,2,2,2,1,2,2,2,0,1,1
730,-2,-2,-2,-2,-2,0,1,-1,2,-2,3
731,-2,-1,2,1,2,0,0,1,2,2,2
732,0,0,-1,-1,-1,-1,-2,2,-3,1,0
733,1,1,2,2,2,-1,-2,-1,1,2,2
734,-2,-2,-2,2,-3,-2,-2,-2,0,2,0
735,2,-1,-2,-2,-2,-2,-2,-2,0,-3,-2
736,-2,-2,-2,0,2,2,1,-1,-1,-2,-2
737,2,2,2,2,-2,-2,-2,-2,-2,-2,-1
738,2,1,1,-1,0,-1,1,2,2,2,2
739,2,1,2,2,1,-2,-2,-2,-2,2,2
740,2,2,2,0,0,1,2,2,2,0,0
741,-2,-1,-1,-2,-2,0,1,2,0,1,2
742,2,1,0,-3,2,-2,-2,-2,-2,1,1
743,2,2,2,2,0,-2,-2,-2,-2,-1,-1
744,-2,-2,-2,2,2,1,-2,2,2,-2,-2
745,2,3,2,2,1,-3,2,2,2,2,2
746,-2,-2,-2,-2,0,-1,1,2,0,3,-2
747,2,-1,3,-2,2,2,2,2,0,2,3
748,-2,0,2,2,1,-1,-1,-2,-2,-2,-2
749,-2,-2,-2,-2,-2,-2,-1,-2,2,2,2
750,-2,-2,2,-1,3,0,2,0,-2,0,2
751,0,2,2,2,1,1,-1,0,-1,1,2
752,-2,-2,-2,-1,-2,-2,1,-3,-2,-2,-1
753,-2,-2,-2,-2,2,-1,2,2,2,-2,-2
754,-2,-2,-2,1,-3,-2,-2,-2,-2,-2,-2
755,-2,0,-3,-1,-2,3,-2,1,-2,2,-3
756,0,-2,-2,-2,-2,-2,-2,-2,-2,-2,-2
757,2,-2,-2,-2,-2,-2,-2,-2,1,1,2
758,-1,-2,-2,-2,-1,-2,-2,1,-3,-2,-2
759,1,-2,2,-3,2,-2,-2,-1,2,2,-1
760,2,2,2,2,2,1,1,-2,-2,-2,-2
761,-2,-2,-2,-2,-2,-2,-2,-2,-2,-1,-2
762,-2,-2,-2,-2,-2,-2,-2,-2,-2,2,-3
763,-1,1,2,2,2,2,2,0,2,-1,-2
764,-3,1,-2,-2,2,-3,-1,-2,-2,0,2
765,-2,-2,1,0,1,2,1,-1,0,2,-2
766,-2,-2,1,-3,-1,-2,-1,1,2,2,2
767,2,2,1,-2,-2,-2,2,-2,-2,-2,1
768,2,2,2,0,-2,-2,-2,-2,-1,-1,2
769,-2,0,2,0,2,2,2,1,-2,-2,-2
770,-3,-1,-2,-1,-1,0,2,1,2,-2,-2
771,-2,2,-3,-1,-2,-1,-2,-1,0,-1,0
772,-2,-2,-2,-1,2,2,2,-2,-2,2,2
773,-2,2,-1,2,2,2,-2,-2,-2,-2,2
774,2,2,2,-2,-2,0,2,2,2,2,2
775,2,2,2,1,2,2,2,1,1,-2,-2
776,-2,-2,-2,-2,-1,2,2,-1,-2,-2,-1
777,-2,-1,-2,1,-2,-2,-2,-2,-2,2,-2
778,-1,-2,2,2,2,1,2,2,2,0,1
779,3,3,-2,0,-2,-2,-2,-2,-2,-2,0
780,1,2,-2,-2,-2,-2,0,-3,2,-3,-2
781,2,2,2,-2,1,-3,0,-2,2,2,1
782,-2,-2,0,-3,2,-2,-2,-1,2,2,-1
783,1,2,2,2,2,-1,-2,2,2,-1,3
784,0,2,2,2,1,-2,-2,-2,2,-2,-2
785,2,2,2,2,-1,-2,-2,-2,-2,2,2
786,2,2,2,2,2,-2,-2,0,2,2,-2
787,-2,-2,1,2,2,1,1,2,1,1,1
788,-2,0,0,0,2,2,2,2,2,2,1
789,-1,-2,-2,-2,-2,-2,-2,2,2,2,2
790,-2,-2,-2,-2,-2,-2,1,0,1,1,-2
791,-2,-2,-2,-2,0,-3,-2,-2,2,2,2
792,-2,-2,-2,-2,-2,-2,-2,-2,2,-3,-2
793,-2,-2,-2,-2,-2,-2,-2,-2,-2,-2,-2
794,3,0,-2,-2,-1,1,-1,-2,-2,2,1
795,0,2,2,-2,3,-2,-2,-2,-2,-2,2
796,-3,2,-1,-2,-2,-2,-2,-2,-2,0,-3
797,-2,-2,-2,1,0,1,2,1,-1,0,2
798,-2,2,-3,2,1,-2,-2,-2,-2,-2,-2
799,2,-2,0,2,2,-1,3,2,2,2,2
800,-1,-1,0,-2,-2,-2,2,2,2,0,-1
801,2,2,2,2,-2,-2,0,2,2,-2,-2
802,-1,2,-1,3,0,2,-2,-1,-1,2,2
803,-1,0,-2,-2,-2,-2,-2,-1,-1,1,1
804,3,-2,2,-2,-1,-2,-2,-2,-2,-2,-2
805,1,2,-1,-2,-2,-2,-2,-2,-2,-2,-1
806,-2,-2,-2,2,-1,3,0,2,0,-2,0
807,2,-1,3,-2,2,-1,-1,0,-2,-2,-2
808,1,2,2,2,2,2,2,2,2,2,2
809,1,1,1,0,0,2,2,2,2,2,-2
810,-3,2,2,2,2,2,3,3,-2,0,-2
811,2,1,-2,0,-1,0,-2,-2,-2,-2,-2
812,0,-2,-2,-2,-2,-2,1,-3,-2,-2,-2
813,-1,3,-2,2,2,2,2,0,2,3,2
814,2,-2,1,2,2,2,2,2,0,0,1
815,2,-2,3,-2,-2,1,2,2,-2,-2,0
816,-2,-2,-2,-2,-2,-1,2,2,-1,-2,-2
817,2,0,-2,-2,-2,-2,-1,-1,-2,-2,0
818,2,2,2,2,2,2,1,-1,1,-2,-1
819,-2,1,2,2,-2,-2,0,2,2,2,2
820,2,2,2,2,-2,-1,0,1,2,-2,-2
821,0,-2,-2,-2,-2,-1,-1,2,2,2,-2
822,0,3,0,-1,0,2,-2,0,-3,-1,0
823,-2,-2,-2,-2,-2,0,-3,-2,-2,2,2
824,2,-2,-1,-2,-2,-2,-2,-2,-2,-2,-2
825,2,2,2,2,2,2,2,2,2,2,2
826,-1,-1,-2,-2,-2,1,-3,1,-2,-2,2
827,2,0,2,2,2,2,2,-2,-2,-2,-2
828,2,2,2,2,2,-2,3,-1,2,0,-2
829,-2,-2,1,2,2,1,-2,0,-1,0,-2
830,3,-2,2,2,2,2,0,2,3,2,2
831,1,2,2,2,2,2,0,0,1,2,2
832,2,0,2,2,2,1,1,-1,0,-1,1
833,2,2,2,2,0,2,2,2,2,2,-2
834,2,2,2,2,2,-1,-1,-2,0,-2,2
835,-2,-2,0,2,0,-2,-2,-2,-2,-2,1
836,-2,-2,2,2,2,0,-1,2,0,2,0
837,2,2,2,2,2,2,2,1,-1,1,-2
838,-1,-2,-2,1,-3,-1,-2,-1,1,2,2
839,-2,-2,-2,-2,-2,-2,-2,-2,1,0,1
840,-2,-2,2,2,0,-2,-2,2,2,2,2
841,2,2,2,-1,2,2,2,-2,-2,-2,-2
842,1,1,2,-2,3,-2,-2,0,-1,-1,-2
843,-2,-2,-2,1,-2,2,-3,2,0,2,1
844,2,2,-1,-1,-2,0,-2,-2,-1,-1,-1
845,2,2,2,2,1,2,0,1,2,2,2
846,2,0,-2,-2,0,-2,-2,-1,0,1,2
847,2,2,2,0,-1,2,0,2,0,2,-1
848,2,0,-2,-2,-2,-2,-2,2,2,2,2
849,-1,0,1,2,2,2,2,2,2,2,2
850,-2,-2,-2,-2,-2,-1,2,-1,3,0,2
851,-1,0,-2,-2,-2,-2,2,-1,3,0,2
852,-1,-1,2,2,2,2,2,1,-2,-2,-1
853,2,-3,1,0,-2,-1,-2,-2,-2,-2,1
854,-2,2,2,1,1,1,0,2,0,-2,-2
855,2,2,2,2,1,2,2,2,0,2,1
856,-2,-2,-2,-2,0,1,-1,2,-2,3,-2
857,2,2,-1,-2,2,2,-1,3,0,2,2
858,-2,-2,-2,2,2,2,2,2,0,2,2
859,2,2,2,2,2,1,2,2,2,0,2
860,-2,-2,-2,-2,-2,1,2,2,2,2,2
861,-2,-2,-1,2,1,2,0,0,1,2,2
862,2,-1,-2,-2,-1,2,2,2,-2,3,-2
863,2,0,2,2,2,1,-2,-2,-2,2,-2
864,-2,-2,-2,0,1,-1,2,-2,3,-2,0
865,1,2,2,2,0,2,1,1,0,1,2
866,0,-1,1,-2,-1,-2,1,-2,-2,1,1
867,2,2,2,-2,-2,-2,-2,-2,2,2,2
868,0,-3,2,-3,-2,-2,2,2,2,-2,-2
869,1,1,2,2,2,2,2,-1,-2,-2,-1
870,2,-1,-2,2,-3,2,-1,3,-2,2,2
871,2,2,1,-2,2,-3,2,-2,-2,-1,2
872,-2,2,-1,3,0,2,0,-2,0,2,2
873,-2,2,0,3,-2,1,2,0,3,-1,1
874,-3,-2,-2,2,2,2,2,2,2,2,-1
875,2,2,2,-2,-2,-2,2,2,2,2,-2
876,2,2,0,2,3,2,2,1,-3,2,2
877,-2,2,-3,2,0,-3,1,2,2,2,2
878,1,1,2,2,2,2,-1,-1,-2,0,-2
879,-2,-1,2,2,-1,-2,2,0,3,-2,1
880,-2,-2,-2,2,2,2,2,-2,-2,-2,1
881,-1,2,2,2,-2,1,-3,0,-2,2,2
882,2,2,2,2,1,-2,-2,-2,-2,-2,-2
883,2,2,2,2,-1,-2,-2,-1,2,2,2
884,-2,-2,-2,1,2,2,-2,1,2,-2,3
885,-2,1,-3,2,2,2,2,2,2,2,1
886,0,-2,-2,-1,0,1,2,2,2,2,2
887,-2,-2,-2,-2,2,-3,-1,-2,-2,-1,2
888,-2,-2,-2,-2,-1,-2,2,2,2,1,2
889,2,2,2,2,2,2,1,3,-2,0,-2
890,-2,-2,1,0,1,1,-2,2,-3,2,0
891,-2,-2,-2,-2,2,2,2,-1,-2,-2,-2
892,-2,-2,-2,-2,2,2,1,-2,2,2,-2
893,-2,-2,-2,-2,-2,-2,0,1,-1,2,-2
894,-1,2,2,2,-2,-2,2,2,2,2,2
895,2,0,-1,2,0,2,0,2,-1,0,-3
896,1,2,1,1,1,0,0,2,2,2,2
897,0,1,-2,0,2,2,2,1,-2,-2,2
898,2,1,3,1,2,2,-1,0,1,-1,-2
899,3,-2,2,2,1,-2,1,2,2,2,2
900,1,-1,-1,0,0,-2,-2,-2,2,2,0
901,1,2,2,1,-2,-2,-2,-2,-2,-2,0
902,-2,-2,-2,-1,1,0,-2,-2,-2,-2,1
903,-3,-1,-2,-2,0,2,2,2,2,-1,0
904,-2,-2,-1,-2,1,-2,-2,-2,-2,-2,2
905,2,2,0,-2,-2,0,-2,-2,-1,0,1
906,2,1,2,2,2,2,2,2,2,2,-2
907,2,2,2,0,2,3,2,2,1,-3,2
908,1,-1,1,-2,-1,-2,2,2,2,0,-1
909,-2,2,-2,-2,-2,-1,2,1,-2,-2,-2
910,-2,-2,-2,-2,2,-3,2,2,2,-1,3
911,-3,2,0,2,1,0,2,0,-1,-2,-1
912,2,-2,-2,-2,-2,-2,-2,-2,-2,-2,-1
913,-2,-2,-2,-2,1,-1,-2,2,-3,2,1
914,-2,-2,-2,-2,-2,2,-3,2,-2,0,2
915,2,2,2,0,2,2,2,2,2,-2,-2
916,2,2,1,2,0,1,2,2,2,2,2
917,2,2,1,1,-2,-2,-2,-2,-1,2,2
918,-2,-2,-2,-2,-2,-2,2,2,-1,-2,-2
919,-2,-2,-2,2,-2,3,-2,0,1,2,1
920,2,-2,3,-2,0,1,2,1,0,-2,0
921,-1,1,-1,-2,1,2,1,-1,2,2,2
922,-1,-2,-2,-2,-2,-2,-2,-2,-1,-2,-2
923,-1,0,2,-1,3,0,-2,-2,-1,1,-1
924,-2,-1,-2,-1,2,2,2,2,1,2,2
925,2,2,2,2,2,-2,1,-2,1,-1,-2
926,-2,2,-2,-1,-2,-2,-2,-2,-2,-2,-2
927,2,-1,3,0,2,2,0,3,0,-1,0
928,1,-1,2,2,2,2,2,-2,1,2,2
929,0,0,2,2,-1,-2,2,-3,2,-1,3
930,0,0,0,2,2,2,2,2,2,1,2
931,-2,-2,-2,-2,2,2,-2,3,-2,2,-2
932,-2,-2,-2,-2,2,2,2,2,2,2,1
933,2,-2,3,-2,0,0,0,2,2,2,2
934,2,2,2,2,-1,3,-2,2,-1,-1,0
935,2,-3,2,-1,3,-2,2,2,2,2,0
936,2,2,2,2,2,2,2,2,-2,-1,0
937,1,-1,-2,-2,-2,-1,-2,-2,1,-3,-2
938,-2,-1,-1,2,2,2,2,2,1,-2,-2
939,-2,-2,-2,-2,-1,-3,-2,1,2,2,2
940,-2,0,2,2,-1,3,2,2,2,2,2
941,2,2,2,2,2,2,0,0,-1,0,-2
942,0,-1,-2,-2,-1,0,2,0,-2,-2,-2
943,2,0,2,1,1,0,1,2,-1,-1,-2
944,-1,3,0,2,-2,-1,-1,2,2,2,2
945,-2,-2,-2,1,-3,1,-2,-2,2,-3,-1
946,-2,-2,2,2,2,2,-1,-2,2,2,2
947,2,0,3,-2,2,-2,-2,-2,-1,2,1
948,1,2,2,2,1,1,-2,-2,1,2,2
949,-2,0,2,2,2,2,2,0,-2,-2,0
950,2,2,2,2,0,2,3,2,2,1,-3
951,-3,2,-2,-2,-1,2,2,-1,-2,2,0
952,-2,-2,-2,-2,2,2,2,2,2,2,-2
953,2,2,2,2,2,2,2,-2,-2,-2,-2
954,-2,-2,2,2,2,2,2,2,1,2,2
955,-1,3,0,1,-2,0,2,2,2,1,-2
956,-2,0,-3,2,-1,-2,-2,-2,-2,-2,-2
957,-3,-1,-2,0,1,2,1,1,-1,-1,0
958,2,2,2,2,0,-2,-2,2,2,2,2
959,2,2,-2,-1,0,1,2,-2,-2,-2,-2
960,-1,-2,-1,0,2,-1,3,0,-2,-2,-1
961,2,2,2,2,-1,-1,1,2,0,-2,-2
962,2,2,2,-2,-2,2,2,2,2,2,2
963,-1,2,2,2,-2,-2,-2,-2,-2,1,2
964,2,-2,-2,-2,2,2,2,2,-2,-2,-2
965,-2,-2,0,0,0,2,2,-2,3,-2,2
966,2,2,-1,3,-2,2,2,2,2,2,2
967,1,2,0,3,-1,1,-2,-2,-2,-1,1
968,2,-2,3,-2,2,0,0,-1,-1,-1,-1
969,0,1,2,2,2,2,2,2,2,2,2
970,-2,2,2,2,0,-1,-1,0,-2,-2,-2
971,0,-2,-2,2,2,0,-2,-2,-2,-2,-2
972,-2,3,-1,2,0,-2,0,-1,1,-2,-1
973,-2,-2,-2,-2,0,-2,-2,-2,-2,-2,-2
974,1,-2,-2,-2,2,-2,-2,-2,1,2,2
975,-2,-2,-1,2,1,-2,-2,-2,1,-1,-2
976,-2,1,2,-2,3,-2,1,1,2,2,2
977,1,2,2,-1,0,1,-1,-2,-1,0,2
978,2,-3,2,1,-2,-2,-2,-2,-2,-2,0
979,2,1,0,-2,0,1,2,-1,-2,2,2
980,2,0,0,-1,0,-2,1,2,-1,-2,-2
981,2,2,2,0,-1,-1,0,-2,-2,-2,2
982,2,2,2,2,2,2,-1,-1,1,2,0
983,-2,-2,2,-3,2,2,2,-1,3,-2,2
984,1,2,2,2,2,2,2,2,2,2,2
985,2,-2,-2,-2,-2,-2,-2,-2,-2,1,2
986,1,2,1,0,-2,0,1,2,-1,-2,2
987,2,2,-2,-2,-2,-2,-2,2,2,2,-1
988,-2,-2,-2,-1,-1,-2,-2,0,1,2,0
989,2,2,-1,0,1,-1,-2,-1,0,2,-1
990,2,-1,-1,1,2,0,-2,-2,-2,-1,2
991,-2,-1,-2,-2,-2,-2,1,-1,-1,2,2
992,1,0,2,2,2,2,1,-1,2,2,2
993,2,-1,-2,-2,2,-3,2,0,-1,-2,-2
994,-1,3,2,2,2,2,2,-1,-1,-2,0
995,-2,-2,-2,2,2,2,0,-1,2,0,2
996,2,2,-2,-2,-2,2,2,2,2,-2,-2
997,-1,-2,1,-2,-2,-2,-2,-2,2,-2,3
998,-2,2,-3,-2,-2,-2,0,2,0,2,2
999,-2,2,-2,-2,-2,1,2,2,1,-2,0
1000,1,-2,-1,-2,1,-2,-2,1,1,-2,-2
1001,-2,-2,-2,-2,-2,-2,2,2,2,2,2
1002,-2,-2,2,2,2,-2,-2,0,2,2,2
1003,2,-2,1,0,2,2,2,0,2,2,2
1004,1,-2,-2,-1,2,0,1,-1,-2,-2,-2
1005,-2,-2,2,-3,-2,-2,-2,0,2,0,2
1006,2,2,2,-1,-2,2,2,-1,3,0,2
1007,0,-2,-2,-2,0,2,0,-2,-2,-2,-2
1008,-2,1,-2,-2,1,1,-2,-2,-2,-2,2
1009,2,2,0,-1,-1,0,-2,-2,-2,2,2
1010,-2,-2,-2,-2,-2,-1,-3,-2,1,2,2
1011,2,2,1,2,2,2,-1,2,2,2,-2
1012,2,2,0,-2,-2,-2,-2,-2,2,2,2
1013,2,-2,1,2,-2,3,-2,1,1,2,2
1014,1,-1,-2,2,-3,2,1,-3,-1,-2,-1
1015,0,-2,-2,-2,2,2,2,0,-1,2,0
1016,1,1,0,2,0,-2,-2,-2,-2,-1,-1
1017,-2,-2,1,0,-2,-2,-2,-2,-2,-2,2
1018,2,2,2,2,2,2,2,2,-2,-2,-2
1019,1,1,0,1,2,-1,-1,-2,-2,-2,1
1020,-2,-1,-3,-2,-2,-2,-2,1,1,1,1
1021,1,2,-2,3,-2,-2,0,-1,-1,-2,-2
1022,-2,-2,-2,-2,-2,-2,2,-3,-2,-2,-2
1023,1,2,2,2,2,0,-2,-2,2,2,2
1024,-2,-2,-2,-2,-2,-2,-2,1,1,2,-2
1025,2,-1,-2,-2,-1,2,2,2,2,2,1
1026,2,2,2,-2,1,2,2,2,2,2,0
1027,2,1,-3,2,2,2,2,2,3,3,-2
1028,1,-1,2,2,2,2,2,0,-2,-2,-2
1029,2,0,2,1,0,2,0,-1,-2,-1,-2
1030,-1,3,-2,2,2,2,2,2,2,2,2
1031,2,2,2,2,2,2,2,2,2,2,2
1032,-2,2,-3,2,-2,-2,-1,2,2,-1,-2
1033,2,0,0,1,2,2,2,0,0,-2,-2
1034,0,0,2,2,-2,3,-2,2,0,0,-1
1035,1,0,0,2,2,2,2,2,-2,1,0
1036,-3,2,-2,-2,-2,-2,-2,-2,-2,-2,0
1037,-1,-2,-1,-1,0,2,1,2,-2,-2,-2
1038,3,-2,1,-2,2,-3,2,0,2,0,3
1039,-2,0,-3,2,-3,-2,-2,2,2,2,-2
1040,2,2,2,1,-2,-2,-1,2,0,1,-1
1041,-1,0,1,2,-2,-2,-2,-2,2,2,-2
1042,-2,2,-3,2,-2,-2,-2,-2,-2,-2,-2
1043,-2,-2,-2,-2,-2,2,-3,-2,-2,-2,0
1044,-3,2,0,-1,-2,-2,-1,0,2,0,-2
1045,2,2,2,2,2,2,2,2,2,2,0
1046,1,2,0,1,2,2,1,-2,2,-3,2
1047,3,-2,0,1,2,1,0,-2,0,1,2
1048,0,0,0,2,2,2,1,3,1,2,2
1049,-2,-2,-2,-2,2,2,2,2,-1,-2,2
1050,0,-1,-1,-2,-2,-2,1,1,-1,-2,-1
1051,2,2,2,2,2,2,2,-2,-1,0,1
1052,2,-1,3,0,-2,-2,-1,1,-1,-2,-2
1053,-1,1,2,0,3,-2,2,-2,-2,-2,-1
1054,-2,-2,-2,0,-3,2,1,2,2,1,-2
1055,2,2,2,2,1,0,-2,-2,-2,0,0
1056,-3,-2,-2,-2,-2,-2,-2,-2,-1,-2,1
1057,-2,-2,-1,2,0,1,-1,-2,-2,-2,-1
1058,-2,0,-2,-2,-2,-2,-2,-2,-2,-2,-2
1059,-1,-2,0,-3,-1,-2,-2,-2,-2,-2,-2
1060,-2,-2,-2,-2,-2,2,-3,2,2,2,-1
1061,2,-2,1,-3,0,-2,2,2,1,1,1
1062,2,0,-2,-2,2,2,2,2,1,-2,-2
1063,2,2,2,2,2,2,-2,-2,0,2,2
1064,1,2,2,2,2,-1,-1,-2,0,-2,-2
1065,-2,1,2,-1,-2,-2,-2,-2,-2,-2,-2
1066,1,2,1,1,-1,-1,0,0,-2,-2,-2
1067,1,2,2,2,-1,2,2,2,-2,-2,-2
1068,-1,-2,2,-3,1,0,-2,-1,-2,-2,-2
1069,2,2,-1,-2,-2,-1,2,2,2,-2,3
1070,-2,-2,-1,0,2,0,-2,-2,-2,0,2
1071,2,-2,-2,-2,-2,-2,-2,-1,2,-1,3
1072,1,2,2,2,2,2,1,2,2,2,-1
1073,2,0,-2,-2,-2,-2,-2,1,-3,-2,-2
1074,-2,-2,1,1,-1,-2,-1,-1,1,-1,-2
1075,-2,-2,2,-2,-2,-2,1,2,2,1,-2
1076,-2,-1,2,1,-2,-2,-2,1,-1,-2,-2
1077,-2,3,-2,-2,1,2,2,-2,-2,0,2
1078,0,-1,0,-2,-2,-2,-2,-2,-1,-1,1
1079,-2,1,-2,2,-3,2,0,2,0,3,-2
1080,0,1,-1,-2,-2,-2,-1,-2,-2,1,-3
1081,2,2,-2,-2,-2,-2,-2,-2,-1,2,-1
1082,-1,-2,-2,-2,-2,1,-1,-1,2,2,2
1083,2,1,-3,-1,-2,-1,-1,0,2,1,2
1084,0,-1,-1,0,-2,-2,-2,2,2,2,0
1085,2,-3,2,1,-3,-1,-2,-1,-1,0,2
1086,2,2,2,2,2,1,2,2,2,1,1
1087,-2,-2,-2,-2,-2,0,-3,2,-2,-2,-1
1088,2,1,-1,1,-2,-1,-2,2,2,2,0
1089,2,0,-2,-2,-2,-2,-1,-1,2,2,2
1090,-2,-1,-2,-1,-3,-2,-2,-2,-2,1,1
1091,1,2,2,2,2,-1,-2,-2,-2,-2,2
1092,-1,0,-2,0,-1,0,0,2,2,-1,-2
1093,1,-3,-1,-2,-1,-1,0,2,1,2,-2
1094,-2,-2,-2,-2,-2,1,-3,-2,-2,-2,-2
1095,-1,2,0,1,-1,-2,-2,-2,-1,-2,-2
1096,0,1,2,-2,-2,-2,-2,2,2,-2,3
1097,-2,-2,-1,-2,-1,-3,-2,-2,-2,-2,1
1098,2,-2,3,-2,2,-2,-1,-2,-2,-2,-2
1099,0,2,2,2,0,2,2,2,2,2,-2
1100,2,-1,0,-3,-1,-2,-2,-2,-2,-2,-2
1101,-2,-2,-2,-1,-2,2,2,2,1,2,2
1102,-2,-1,-1,-2,-2,1,-3,-1,-2,-1,1
1103,-1,2,1,2,0,0,1,2,2,2,2
1104,-1,-1,0,2,1,2,-2,-2,-2,-2,0
1105,1,2,-2,-2,-2,-2,2,2,-2,3,-2
1106,-2,-2,-1,1,0,-2,-2,-2,-2,1,-3
1107,2,2,2,2,2,2,-1,3,-2,2,-1
1108,-2,3,-2,-2,-2,-2,-2,2,-3,2,-2
1109,-2,0,-3,1,-2,-1,1,1,2,1,3
1110,-2,2,2,1,-2,2,2,-2,-2,-2,-2
1111,-2,-2,2,-3,2,-2,0,2,2,-1,3
1112,-2,-2,-2,-2,1,1,0,2,2,2,2
1113,-2,-2,-2,-1,2,1,2,0,0,1,2
1114,2,2,2,1,2,2,1,-2,-2,-2,-2
1115,-2,-2,-2,2,-3,2,-2,0,2,2,-1
1116,1,-3,2,2,2,2,2,2,2,1,-1
1117,-2,-2,0,-3,2,1,2,2,1,-2,-2
1118,-2,0,2,2,2,2,-1,0,-2,0,-1
1119,1,2,2,2,2,2,0,2,-1,-2,2
1120,-2,-1,-2,-2,1,-3,-2,-2,-1,-2,-1
1121,-3,2,-2,-2,-2,-2,1,1,0,2,2
1122,-2,-2,-2,-1,2,1,-2,-2,-2,1,-1
1123,-2,-2,-1,-1,-1,-2,0,-3,-1,-2,-2
1124,-1,0,2,1,2,-2,-2,-2,-2,0,-3
1125,-1,1,2,1,0,-2,-2,-2,-2,1,-1
1126,2,2,0,3,0,-1,0,2,-2,0,-3
1127,-2,-1,2,2,2,2,1,2,2,2,2
1128,1,-1,-1,2,2,2,0,3,1,2,2
1129,-1,-1,-1,-2,2,-3,1,0,-2,-1,-2
1130,-2,-2,0,-1,-1,-2,-2,-2,-2,-2,-1
1131,2,2,0,2,2,2,1,1,-1,0,-1
1132,-2,-2,-1,0,1,2,2,2,2,2,2
1133,2,2,2,2,2,0,0,1,2,2,2
1134,2,0,3,-1,1,-2,-2,-2,-1,1,0
1135,0,-2,-2,-2,-2,1,-3,2,2,2,2
1136,2,-2,0,-3,-1,0,0,0,-1,-1,-2
1137,-1,-1,1,2,0,-2,-2,-2,-1,2,1
1138,-2,-2,2,2,2,2,2,2,-2,-1,2
1139,-2,0,-1,3,0,1,-2,0,2,2,2
1140,2,2,2,2,1,-1,1,-2,-1,-2,2
1141,2,-1,3,2,2,2,2,2,-1,-1,-2
1142,2,2,2,2,2,2,2,2,2,2,-2
1143,0,2,2,2,2,2,0,-2,-2,0,-2
1144,2,2,1,-3,2,2,2,2,2,3,3
1145,-2,-2,-2,-2,2,2,-1,-2,-2,2,-3
1146,-2,-2,-2,2,-2,-2,-2,1,2,2,1
1147,2,2,1,3,1,2,2,-1,0,1,-1
1148,-2,-2,-2,2,-1,2,2,2,-2,-2,-2
1149,2,2,2,1,1,-1,0,-1,1,2,2
1150,-2,-2,-2,1,2,2,2,2,2,1,2
1151,-3,2,1,2,2,1,-2,-2,-2,-2,2
1152,2,-3,2,0,2,1,0,2,0,-1,-2
1153,-2,2,2,2,2,2,2,1,2,2,2
1154,-2,1,2,0,3,-1,1,-2,-2,-2,-1
1155,0,2,1,0,2,0,-1,-2,-1,-2,-1
1156,1,2,2,2,2,2,-2,-2,-2,2,2
1157,-2,2,0,0,-1,-1,-1,-1,-2,2,-3
1158,1,2,2,-2,-2,0,2,2,2,2,2
1159,2,1,-2,-2,-1,2,0,1,-1,-2,-2
1160,2,1,3,-2,0,-2,-2,-1,0,-1,-2
1161,0,-2,0,2,2,2,2,2,0,-2,-2
1162,3,1,2,2,2,2,2,2,2,0,-2
1163,2,2,2,2,1,3,-2,0,-2,-2,-1
1164,-2,-2,-2,0,-1,1,2,0,3,-2,2
1165,-2,0,1,2,1,1,-1,-1,0,0,-2
1166,-1,-1,-2,-2,-2,-2,2,-3,-1,-2,-2
1167,0,1,2,1,0,-2,0,1,2,-1,-2
1168,-2,-2,-1,2,-1,3,0,2,-2,-1,-1
1169,2,2,2,-2,1,-2,1,-1,-2,-2,-2
1170,-1,-1,-2,0,-2,-2,-1,-1,-1,-2,0
1171,2,2,2,2,2,2,-2,-1,2,2,2
1172,2,2,1,-2,2,2,-2,-2,-2,-2,-2
1173,-2,-2,-2,-2,-2,0,-3,2,1,2,2
1174,2,1,1,2,1,1,1,0,0,2,2
1175,2,2,2,2,2,1,-2,-2,-1,2,0
1176,2,0,1,2,2,1,-2,2,-3,2,-2
1177,3,0,2,-2,-1,-1,2,2,2,2,2
1178,0,0,1,2,2,2,0,0,-2,-2,2
1179,-2,-2,-1,-1,-2,-2,0,1,2,0,1
1180,-2,-2,-2,-2,-2,-2,-2,-2,2,-3,2
1181,2,2,2,-2,-2,-2,1,2,2,1,1
1182,2,-2,-2,-2,1,2,2,1,1,2,1
1183,1,1,-1,-2,-1,-1,1,-1,-2,1,2
1184,-2,-2,2,-3,2,0,-1,-2,-2,-1,0
1185,-2,-2,0,2,2,2,2,2,-2,-2,-2
1186,2,2,2,2,2,1,3,-2,0,-2,-2
1187,2,2,1,-2,-2,2,-3,2,1,-2,-2
1188,0,0,0,2,2,-2,3,-2,2,0,0
1189,2,2,0,0,1,2,2,2,0,0,-2
1190,-2,-2,1,-3,2,2,2,2,2,2,2
1191,-3,2,-2,-2,-1,2,2,-1,-2,-2,-2
1192,2,2,2,2,-1,-2,2,2,-1,3,0
1193,2,-1,2,2,2,-2,-2,-2,-2,2,2
1194,-2,2,0,0,-1,-1,-1,-1,-2,2,-3
1195,2,1,2,-2,-2,-2,-2,0,-3,2,-3
1196,-2,2,0,0,-1,-1,-1,-1,-2,2,-3
1197,-2,-2,-2,-2,-2,-2,-2,-2,-2,2,-3
1198,-2,-2,-2,-2,-2,-2,-2,-2,-2,2,-3
1199,-2,-2,-2,-2,1,0,1,1,-2,2,-3
1200,2,2,2,2,0,2,2,2,1,0,-3
1201,2,2,2,2,2,0,2,-1,-2,2,-3
1202,2,0,-1,2,0,2,0,2,-1,0,-3
1203,2,2,2,2,0,2,2,2,1,0,-3
1204,2,-2,-2,-2,-2,-2,-2,-2,-2,0,-3
1205,-2,-2,-2,-2,-2,-2,-2,-2,-2,2,-3
1206,2,2,2,2,-2,-2,-2,-2,-2,0,-3
1207,-2,0,2,0,-2,-2,-2,-2,-2,1,-3
1208,-2,-2,-2,-2,2,2,-1,-2,-2,2,-3
1209,-2,-2,-2,1,-1,-2,2,-3,2,1,-3
1210,-2,0,-1,0,0,2,2,-1,-2,2,-3
1211,2,1,2,-2,-2,-2,-2,0,-3,2,-3
1212,-2,-2,-2,-2,2,2,-1,-2,-2,2,-3
1213,-1,-2,-2,1,-3,-2,-2,-1,-2,-1,-3
1214,-2,0,-3,-1,-2,3,-2,1,-2,2,-3
1215,-2,0,-1,0,0,2,2,-1,-2,2,-3
1216,-2,2,0,0,-1,-1,-1,-1,-2,2,-3
1217,0,-1,-2,-2,-2,-1,-1,-2,-2,1,-3
1218,2,2,-2,3,-2,-2,-2,-2,-2,2,-3
1219,3,-2,0,-2,-2,-2,-2,-2,-2,0,-3
1220,3,-2,0,-2,-2,-2,-2,-2,-2,0,-3
1221,-2,2,0,0,-1,-1,-1,-1,-2,2,-3
1222,0,1,2,0,1,2,2,1,-2,2,-3
1223,-2,-2,-1,1,0,-2,-2,-2,-2,1,-3
1224,3,-2,0,-2,-2,-2,-2,-2,-2,0,-3
1225,0,1,2,0,1,2,2,1,-2,2,-3
1226,0,-1,-2,-2,-2,-1,-1,-2,-2,1,-3
1227,2,1,2,-2,-2,-2,-2,0,-3,2,-3
1228,-2,0,2,0,-2,-2,-2,-2,-2,1,-3
1229,-3,2,-1,-2,-2,-2,-2,-2,-2,0,-3
1230,0,1,2,0,1,2,2,1,-2,2,-3
1231,2,1,2,-2,-2,-2,-2,0,-3,2,-3
1232,2,2,2,2,0,2,3,2,2,1,-3
1233,2,2,2,2,0,2,2,2,1,0,-3
1234,1,-2,0,2,2,2,1,-2,-2,2,-3
1235,-2,-2,-2,-2,-2,-2,-2,-2,-2,2,-3
1236,-1,-2,-2,1,-3,-2,-2,-1,-2,-1,-3
1237,-2,-2,-2,1,-1,-2,2,-3,2,1,-3
1238,-1,-2,-2,1,-3,-2,-2,-1,-2,-1,-3
1239,-2,-2,-1,1,0,-2,-2,-2,-2,1,-3
1240,1,-2,0,2,2,2,1,-2,-2,2,-3
1241,0,1,2,0,1,2,2,1,-2,2,-3
1242,-1,-2,-2,1,-3,-2,-2,-1,-2,-1,-3
1243,-2,0,2,0,-2,-2,-2,-2,-2,1,-3
1244,-1,0,2,1,2,-2,-2,-2,-2,0,-3
1245,2,1,2,-2,-2,-2,-2,0,-3,2,-3
1246,2,2,2,2,2,2,2,0,-2,0,-3
1247,2,2,2,2,2,2,2,0,-2,0,-3
1248,-2,-2,1,-1,-2,-2,-2,1,-2,2,-3
1249,1,-2,0,2,2,2,1,-2,-2,2,-3
1250,0,1,2,0,1,2,2,1,-2,2,-3
1251,2,2,2,2,2,0,2,-1,-2,2,-3
1252,-1,0,2,1,2,-2,-2,-2,-2,0,-3
1253,0,-1,-2,-2,-2,-1,-1,-2,-2,1,-3
1254,-2,-2,-1,1,0,-2,-2,-2,-2,1,-3
1255,-2,-2,-2,-2,2,2,-1,-2,-2,2,-3
1256,2,2,2,2,0,2,2,2,1,0,-3
1257,-2,-2,-2,1,-1,-2,2,-3,2,1,-3
1258,2,0,-1,2,0,2,0,2,-1,0,-3
1259,2,1,2,-2,-2,-2,-2,0,-3,2,-3
1260,2,2,0,3,0,-1,0,2,-2,0,-3
1261,0,-1,-2,-2,-2,-1,-1,-2,-2,1,-3
1262,2,2,2,2,-2,-2,-2,-2,-2,0,-3
1263,-2,-2,-2,-2,1,0,1,1,-2,2,-3
1264,-2,-2,1,-1,-2,-2,-2,1,-2,2,-3
1265,2,0,-1,2,0,2,0,2,-1,0,-3
1266,0,1,2,0,1,2,2,1,-2,2,-3
1267,2,2,2,2,0,2,3,2,2,1,-3
1268,3,-2,0,-2,-2,-2,-2,-2,-2,0,-3
1269,-2,0,2,0,-2,-2,-2,-2,-2,1,-3
1270,-1,-2,-2,1,-3,-2,-2,-1,-2,-1,-3
1271,-2,-2,-2,-2,2,2,-1,-2,-2,2,-3
1272,2,0,-1,2,0,2,0,2,-1,0,-3
1273,-3,2,-1,-2,-2,-2,-2,-2,-2,0,-3
1274,-2,-2,-2,-2,1,0,1,1,-2,2,-3
1275,1,-2,0,2,2,2,1,-2,-2,2,-3
1276,-1,-2,-2,-2,-2,-2,-2,-2,-2,-1,-3
1277,-2,-2,-2,-2,-2,-2,-2,-2,-2,2,-3
1278,2,2,-2,3,-2,-2,-2,-2,-2,2,-3
1279,1,-2,0,2,2,2,1,-2,-2,2,-3
1280,2,2,2,2,2,0,2,-1,-2,2,-3
1281,2,1,2,-2,-2,-2,-2,0,-3,2,-3
1282,0,1,-1,-2,-2,-2,-1,-2,-2,1,-3
1283,-2,2,0,0,-1,-1,-1,-1,-2,2,-3
1284,2,2,2,2,2,0,2,-1,-2,2,-3
1285,-2,-2,-2,-2,-2,-2,-2,-2,-2,2,-3
1286,-2,-2,-1,1,0,-2,-2,-2,-2,1,-3
1287,0,1,-1,-2,-2,-2,-1,-2,-2,1,-3
1288,2,2,2,2,2,2,2,0,-2,0,-3
1289,-2,0,2,0,-2,-2,-2,-2,-2,1,-3
1290,2,2,2,2,2,2,2,0,-2,0,-3
1291,-1,-2,-2,1,-3,-2,-2,-1,-2,-1,-3
1292,0,1,2,0,1,2,2,1,-2,2,-3
1293,2,2,2,2,-2,-2,-2,-2,-2,0,-3
1294,0,1,2,0,1,2,2,1,-2,2,-3
1295,-2,-2,-2,-2,2,2,-1,-2,-2,2,-3
1296,-2,-2,1,-1,-2,-2,-2,1,-2,2,-3
1297,0,-1,-2,-2,-2,-1,-1,-2,-2,1,-3
1298,-1,0,2,1,2,-2,-2,-2,-2,0,-3
1299,-2,-2,-2,-2,2,2,-1,-2,-2,2,-3
1300,2,0,-1,2,0,2,0,2,-1,0,-3
1301,2,2,2,2,2,2,2,0,-2,0,-3
1302,-1,0,2,1,2,-2,-2,-2,-2,0,-3
1303,0,1,2,0,1,2,2,1,-2,2,-3
1304,-2,-2,1,-1,-2,-2,-2,1,-2,2,-3
1305,0,1,2,0,1,2,2,1,-2,2,-3
1306,2,1,2,-2,-2,-2,-2,0,-3,2,-3
1307,-2,-2,-2,1,-1,-2,2,-3,2,1,-3
1308,2,2,0,3,0,-1,0,2,-2,0,-3
1309,-2,-2,-2,-2,2,2,-1,-2,-2,2,-3
1310,-2,-2,-2,-2,2,2,-1,-2,-2,2,-3
1311,-2,-2,-1,1,0,-2,-2,-2,-2,1,-3
1312,2,1,2,-2,-2,-2,-2,0,-3,2,-3
1313,-2,-2,-2,-2,2,2,-1,-2,-2,2,-3
1314,-2,-2,-2,1,-1,-2,2,-3,2,1,-3
1315,-2,-2,-2,1,-1,-2,2,-3,2,1,-3
1316,2,2,2,2,2,2,2,0,-2,0,-3
1317,2,2,2,2,2,0,2,-1,-2,2,-3
1318,0,1,-1,-2,-2,-2,-1,-2,-2,1,-3
1319,0,1,-1,-2,-2,-2,-1,-2,-2,1,-3
1320,-2,-2,-2,-2,2,2,-1,-2,-2,2,-3
1321,0,-1,-2,-2,-2,-1,-1,-2,-2,1,-3
1322,3,-2,0,-2,-2,-2,-2,-2,-2,0,-3
1323,-2,-2,-2,-2,-2,-2,-2,-2,-2,2,-3
1324,0,1,-1,-2,-2,-2,-1,-2,-2,1,-3
1325,2,0,-1,2,0,2,0,2,-1,0,-3
1326,2,2,2,2,2,2,2,0,-2,0,-3
1327,2,2,0,3,0,-1,0,2,-2,0,-3
1328,1,-2,0,2,2,2,1,-2,-2,2,-3
1329,2,1,2,-2,-2,-2,-2,0,-3,2,-3
1330,2,2,0,3,0,-1,0,2,-2,0,-3
1331,-2,2,0,0,-1,-1,-1,-1,-2,2,-3
1332,-1,-2,-2,-2,-2,-2,-2,-2,-2,-1,-3
1333,2,2,-2,3,-2,-2,-2,-2,-2,2,-3
1334,-2,0,-3,-1,-2,3,-2,1,-2,2,-3
1335,0,-1,-2,-2,-2,-1,-1,-2,-2,1,-3
1336,1,-2,0,2,2,2,1,-2,-2,2,-3
1337,0,-1,-2,-2,-2,-1,-1,-2,-2,1,-3
1338,2,2,-2,3,-2,-2,-2,-2,-2,2,-3
1339,-2,-2,-2,-2,-2,-2,-2,-2,-2,2,-3
1340,-1,-2,-2,1,-3,-2,-2,-1,-2,-1,-3
1341,-2,-2,-2,-2,1,0,1,1,-2,2,-3
1342,2,1,2,-2,-2,-2,-2,0,-3,2,-3
1343,-2,0,-1,0,0,2,2,-1,-2,2,-3
1344,2,1,2,-2,-2,-2,-2,0,-3,2,-3
1345,1,-2,0,2,2,2,1,-2,-2,2,-3
1346,-2,0,2,0,-2,-2,-2,-2,-2,1,-3
1347,-1,-2,-2,1,-3,-2,-2,-1,-2,-1,-3
1348,-1,0,2,1,2,-2,-2,-2,-2,0,-3
1349,2,2,-2,3,-2,-2,-2,-2,-2,2,-3
1350,2,2,-2,3,-2,-2,-2,-2,-2,2,-3
1351,-3,2,-1,-2,-2,-2,-2,-2,-2,0,-3
1352,-1,-2,-2,1,-3,-2,-2,-1,-2,-1,-3
1353,3,-2,0,-2,-2,-2,-2,-2,-2,0,-3
1354,-1,-2,-2,-2,-2,-2,-2,-2,-2,-1,-3
1355,0,1,2,0,1,2,2,1,-2,2,-3
1356,3,-2,0,-2,-2,-2,-2,-2,-2,0,-3
1357,-1,-2,-2,1,-3,-2,-2,-1,-2,-1,-3
1358,-2,0,-1,0,0,2,2,-1,-2,2,-3
1359,-2,-2,-1,1,0,-2,-2,-2,-2,1,-3
1360,-2,0,-1,0,0,2,2,-1,-2,2,-3
1361,-2,-2,-2,-2,-2,-2,-2,-2,-2,2,-3
1362,2,2,2,2,0,2,2,2,1,0,-3
1363,2,1,2,-2,-2,-2,-2,0,-3,2,-3
1364,2,2,2,2,0,2,3,2,2,1,-3
1365,-2,-2,1,-1,-2,-2,-2,1,-2,2,-3
1366,-3,2,-1,-2,-2,-2,-2,-2,-2,0,-3
1367,2,1,2,-2,-2,-2,-2,0,-3,2,-3
1368,-3,2,-1,-2,-2,-2,-2,-2,-2,0,-3
1369,2,2,0,3,0,-1,0,2,-2,0,-3
1370,2,1,2,-2,-2,-2,-2,0,-3,2,-3
1371,2,0,-1,2,0,2,0,2,-1,0,-3
1372,2,0,-1,2,0,2,0,2,-1,0,-3
1373,1,-2,0,2,2,2,1,-2,-2,2,-3
1374,-2,-2,1,-1,-2,-2,-2,1,-2,2,-3
1375,0,1,-1,-2,-2,-2,-1,-2,-2,1,-3
1376,2,1,2,-2,-2,-2,-2,0,-3,2,-3
1377,-2,-2,-2,1,-1,-2,2,-3,2,1,-3
1378,2,0,-1,2,0,2,0,2,-1,0,-3
1379,-2,-2,-2,-2,-2,-2,-2,-2,-2,2,-3
1380,-3,2,-1,-2,-2,-2,-2,-2,-2,0,-3
1381,2,2,2,2,-2,-2,-2,-2,-2,0,-3
1382,2,2,0,3,0,-1,0,2,-2,0,-3
1383,0,-1,-2,-2,-2,-1,-1,-2,-2,1,-3
1384,2,2,2,2,0,2,2,2,1,0,-3
1385,-1,-2,-2,1,-3,-2,-2,-1,-2,-1,-3
1386,-2,2,0,0,-1,-1,-1,-1,-2,2,-3
1387,-2,-2,-1,1,0,-2,-2,-2,-2,1,-3
1388,-2,-2,-2,-2,-2,-2,-2,-2,-2,2,-3
1389,-2,-2,-2,1,-1,-2,2,-3,2,1,-3
1390,-2,2,0,0,-1,-1,-1,-1,-2,2,-3
1391,0,1,2,0,1,2,2,1,-2,2,-3
1392,2,-2,-2,-2,-2,-2,-2,-2,-2,0,-3
1393,-2,-2,-1,1,0,-2,-2,-2,-2,1,-3
1394,2,2,0,3,0,-1,0,2,-2,0,-3
1395,-2,-2,-2,-2,-2,-2,-2,-2,-2,2,-3
1396,-2,-2,-2,-2,-2,-2,-2,-2,-2,2,-3
1397,2,-2,-2,-2,-2,-2,-2,-2,-2,0,-3
1398,2,0,-1,2,0,2,0,2,-1,0,-3
1399,-2,-2,-2,-2,-2,-2,-2,-2,-2,2,-3
1400,0,1,-1,-2,-2,-2,-1,-2,-2,1,-3
1401,3,-2,0,-2,-2,-2,-2,-2,-2,0,-3
1402,0,-1,-2,-2,-2,-1,-1,-2,-2,1,-3
1403,2,2,-2,3,-2,-2,-2,-2,-2,2,-3
1404,1,-2,0,2,2,2,1,-2,-2,2,-3
1405,-3,2,-1,-2,-2,-2,-2,-2,-2,0,-3
1406,2,2,2,2,0,2,2,2,1,0,-3
1407,-2,-2,-2,-2,-2,-2,-2,-2,-2,2,-3
1408,-2,-2,-2,-2,1,0,1,1,-2,2,-3
1409,2,2,2,2,-2,-2,-2,-2,-2,0,-3
1410,-1,-2,-2,1,-3,-2,-2,-1,-2,-1,-3
1411,2,2,2,2,0,2,2,2,1,0,-3
1412,-2,0,2,0,-2,-2,-2,-2,-2,1,-3
1413,2,0,-1,2,0,2,0,2,-1,0,-3
1414,-1,0,2,1,2,-2,-2,-2,-2,0,-3
1415,2,1,2,-2,-2,-2,-2,0,-3,2,-3
1416,2,2,2,2,2,2,2,0,-2,0,-3
1417,-1,-2,-2,-2,-2,-2,-2,-2,-2,-1,-3
1418,-2,-2,-2,1,-1,-2,2,-3,2,1,-3
1419,2,1,2,-2,-2,-2,-2,0,-3,2,-3
1420,-2,2,0,0,-1,-1,-1,-1,-2,2,-3
1421,0,-1,-2,-2,-2,-1,-1,-2,-2,1,-3
1422,2,2,2,2,2,2,2,0,-2,0,-3
1423,-2,-2,-2,1,-1,-2,2,-3,2,1,-3
1424,2,2,2,2,-2,-2,-2,-2,-2,0,-3
1425,0,1,2,0,1,2,2,1,-2,2,-3
1426,1,-2,0,2,2,2,1,-2,-2,2,-3
1427,2,2,2,2,0,2,3,2,2,1,-3
1428,2,2,2,2,2,0,2,-1,-2,2,-3
1429,-1,-2,-2,-2,-2,-2,-2,-2,-2,-1,-3
1430,2,2,2,2,2,2,2,0,-2,0,-3
1431,-2,-2,-1,1,0,-2,-2,-2,-2,1,-3
1432,-2,0,-1,0,0,2,2,-1,-2,2,-3
1433,2,2,0,3,0,-1,0,2,-2,0,-3
1434,2,0,-1,2,0,2,0,2,-1,0,-3
1435,-1,0,2,1,2,-2,-2,-2,-2,0,-3
1436,2,0,-1,2,0,2,0,2,-1,0,-3
1437,2,2,2,2,0,2,3,2,2,1,-3
1438,2,0,-1,2,0,2,0,2,-1,0,-3
1439,-2,-2,-2,-2,2,2,-1,-2,-2,2,-3
1440,0,1,2,0,1,2,2,1,-2,2,-3
1441,2,2,2,2,2,0,2,-1,-2,2,-3
1442,-2,-2,-2,-2,-2,-2,-2,-2,-2,2,-3
1443,2,0,-1,2,0,2,0,2,-1,0,-3
1444,2,2,2,2,0,2,3,2,2,1,-3
1445,2,2,2,2,-2,-2,-2,-2,-2,0,-3
1446,2,2,2,2,-2,-2,-2,-2,-2,0,-3
1447,2,2,2,2,2,0,2,-1,-2,2,-3
1448,-2,-2,-2,1,-1,-2,2,-3,2,1,-3
1449,2,2,-2,3,-2,-2,-2,-2,-2,2,-3
1450,-1,0,2,1,2,-2,-2,-2,-2,0,-3
1451,-2,-2,-2,1,-1,-2,2,-3,2,1,-3
1452,-2,-2,-2,-2,1,0,1,1,-2,2,-3
1453,2,-2,-2,-2,-2,-2,-2,-2,-2,0,-3
1454,-2,0,-1,0,0,2,2,-1,-2,2,-3
1455,0,-1,-2,-2,-2,-1,-1,-2,-2,1,-3
1456,2,0,-1,2,0,2,0,2,-1,0,-3
1457,2,2,2,2,0,2,3,2,2,1,-3
1458,2,2,2,2,-2,-2,-2,-2,-2,0,-3
1459,-2,0,-3,-1,-2,3,-2,1,-2,2,-3
1460,-3,2,-1,-2,-2,-2,-2,-2,-2,0,-3
1461,-2,-2,-2,-2,-2,-2,-2,-2,-2,2,-3
1462,1,-2,0,2,2,2,1,-2,-2,2,-3
1463,0,1,-1,-2,-2,-2,-1,-2,-2,1,-3
1464,-2,0,2,0,-2,-2,-2,-2,-2,1,-3
1465,2,1,2,-2,-2,-2,-2,0,-3,2,-3
1466,-2,0,2,0,-2,-2,-2,-2,-2,1,-3
1467,-1,-2,-2,1,-3,-2,-2,-1,-2,-1,-3
1468,-1,-2,-2,-2,-2,-2,-2,-2,-2,-1,-3
1469,2,0,-1,2,0,2,0,2,-1,0,-3
1470,-2,-2,-2,1,-1,-2,2,-3,2,1,-3
1471,-2,0,-3,-1,-2,3,-2,1,-2,2,-3
1472,-2,0,2,0,-2,-2,-2,-2,-2,1,-3
1473,-2,-2,-2,-2,-2,-2,-2,-2,-2,2,-3
1474,2,2,2,2,2,0,2,-1,-2,2,-3
1475,-2,-2,-2,-2,1,0,1,1,-2,2,-3
1476,-2,-2,1,-1,-2,-2,-2,1,-2,2,-3
1477,-2,-2,-2,1,-1,-2,2,-3,2,1,-3
1478,-1,0,2,1,2,-2,-2,-2,-2,0,-3
1479,0,-1,-2,-2,-2,-1,-1,-2,-2,1,-3
1480,-2,2,0,0,-1,-1,-1,-1,-2,2,-3
1481,-1,-2,-2,1,-3,-2,-2,-1,-2,-1,-3
1482,-2,0,-1,0,0,2,2,-1,-2,2,-3
1483,-2,-2,1,-1,-2,-2,-2,1,-2,2,-3
1484,0,1,-1,-2,-2,-2,-1,-2,-2,1,-3
1485,3,-2,0,-2,-2,-2,-2,-2,-2,0,-3
1486,-2,0,2,0,-2,-2,-2,-2,-2,1,-3
1487,2,2,0,3,0,-1,0,2,-2,0,-3
1488,0,-1,-2,-2,-2,-1,-1,-2,-2,1,-3
1489,0,-1,-2,-2,-2,-1,-1,-2,-2,1,-3
1490,2,2,2,2,2,2,2,0,-2,0,-3
1491,2,-2,-2,-2,-2,-2,-2,-2,-2,0,-3
1492,-2,2,0,0,-1,-1,-1,-1,-2,2,-3
1493,2,1,2,-2,-2,-2,-2,0,-3,2,-3
1494,-3,2,-1,-2,-2,-2,-2,-2,-2,0,-3
1495,-2,-2,-1,1,0,-2,-2,-2,-2,1,-3
1496,2,2,0,3,0,-1,0,2,-2,0,-3
1497,-1,0,2,1,2,-2,-2,-2,-2,0,-3
1498,-2,-2,-1,1,0,-2,-2,-2,-2,1,-3
1499,-2,-2,-1,1,0,-2,-2,-2,-2,1,-3
1500,-2,0,-3,-1,-2,3,-2,1,-2,2,-3
1501,-1,-2,-2,-2,-2,-2,-2,-2,-2,-1,-3
1502,3,-2,0,-2,-2,-2,-2,-2,-2,0,-3
1503,-2,0,2,0,-2,-2,-2,-2,-2,1,-3
1504,2,2,2,2,0,2,3,2,2,1,-3
1505,-2,-2,-1,1,0,-2,-2,-2,-2,1,-3
1506,2,-2,-2,-2,-2,-2,-2,-2,-2,0,-3
1507,2,2,2,2,2,2,2,0,-2,0,-3
1508,-2,-2,1,-1,-2,-2,-2,1,-2,2,-3
1509,2,2,2,2,2,2,2,0,-2,0,-3
1510,-2,-2,-1,1,0,-2,-2,-2,-2,1,-3
1511,-2,-2,-2,1,-1,-2,2,-3,2,1,-3
1512,-1,-2,-2,-2,-2,-2,-2,-2,-2,-1,-3
1513,0,1,-1,-2,-2,-2,-1,-2,-2,1,-3
1514,-2,-2,-1,1,0,-2,-2,-2,-2,1,-3
1515,-1,0,2,1,2,-2,-2,-2,-2,0,-3
1516,-2,-2,-1,1,0,-2,-2,-2,-2,1,-3
1517,-2,0,2,0,-2,-2,-2,-2,-2,1,-3
1518,2,2,2,2,-2,-2,-2,-2,-2,0,-3
1519,2,2,2,2,2,0,2,-1,-2,2,-3
1520,-2,-2,-2,-2,-2,-2,-2,-2,-2,2,-3
1521,2,0,-1,2,0,2,0,2,-1,0,-3
1522,-2,-2,1,-1,-2,-2,-2,1,-2,2,-3
1523,0,1,-1,-2,-2,-2,-1,-2,-2,1,-3
1524,0,-1,-2,-2,-2,-1,-1,-2,-2,1,-3
1525,-2,-2,1,-1,-2,-2,-2,1,-2,2,-3
1526,-2,-2,-2,-2,2,2,-1,-2,-2,2,-3
1527,-2,-2,-1,1,0,-2,-2,-2,-2,1,-3
1528,-2,-2,-2,-2,-2,-2,-2,-2,-2,2,-3
1529,0,-1,-2,-2,-2,-1,-1,-2,-2,1,-3
1530,-1,-2,-2,1,-3,-2,-2,-1,-2,-1,-3
1531,-2,-2,-1,1,0,-2,-2,-2,-2,1,-3
1532,0,1,-1,-2,-2,-2,-1,-2,-2,1,-3
1533,-2,2,0,0,-1,-1,-1,-1,-2,2,-3
1534,2,2,2,2,0,2,2,2,1,0,-3
1535,-2,-2,-1,1,0,-2,-2,-2,-2,1,-3
1536,2,2,2,2,2,0,2,-1,-2,2,-3
1537,-1,0,2,1,2,-2,-2,-2,-2,0,-3
1538,2,2,0,3,0,-1,0,2,-2,0,-3
1539,-2,0,-3,-1,-2,3,-2,1,-2,2,-3
1540,2,0,-1,2,0,2,0,2,-1,0,-3
1541,2,2,0,3,0,-1,0,2,-2,0,-3
1542,2,2,2,2,0,2,3,2,2,1,-3
1543,2,2,-2,3,-2,-2,-2,-2,-2,2,-3
1544,2,2,2,2,2,2,2,0,-2,0,-3
1545,2,0,-1,2,0,2,0,2,-1,0,-3
1546,-1,-2,-2,-2,-2,-2,-2,-2,-2,-1,-3
1547,2,1,2,-2,-2,-2,-2,0,-3,2,-3
1548,2,-2,-2,-2,-2,-2,-2,-2,-2,0,-3
1549,2,2,2,2,2,0,2,-1,-2,2,-3
1550,-2,2,0,0,-1,-1,-1,-1,-2,2,-3
1551,0,1,-1,-2,-2,-2,-1,-2,-2,1,-3
1552,0,1,2,0,1,2,2,1,-2,2,-3
1553,-2,0,-3,-1,-2,3,-2,1,-2,2,-3
1554,-1,-2,-2,-2,-2,-2,-2,-2,-2,-1,-3
1555,2,2,0,3,0,-1,0,2,-2,0,-3
1556,-1,-2,-2,-2,-2,-2,-2,-2,-2,-1,-3
1557,-2,0,-1,0,0,2,2,-1,-2,2,-3
1558,-1,0,2,1,2,-2,-2,-2,-2,0,-3
1559,2,2,0,3,0,-1,0,2,-2,0,-3
1560,-2,-2,-2,-2,-2,-2,-2,-2,-2,2,-3
1561,-2,-2,-2,-2,1,0,1,1,-2,2,-3
1562,2,2,2,2,0,2,2,2,1,0,-3
1563,-1,-2,-2,-2,-2,-2,-2,-2,-2,-1,-3
1564,-2,0,-1,0,0,2,2,-1,-2,2,-3
1565,-1,-2,-2,-2,-2,-2,-2,-2,-2,-1,-3
1566,-2,-2,-1,1,0,-2,-2,-2,-2,1,-3
1567,-2,-2,-2,-2,-2,-2,-2,-2,-2,2,-3
1568,-2,-2,-2,0,2,2,-2,3,-2,-2,-2
1569,2,2,2,2,0,2,2,2,2,2,-2
1570,-2,-1,-2,2,2,2,0,-1,-1,0,-2
1571,-2,0,-1,1,2,0,3,-2,2,-2,-2
1572,-2,-2,-2,-2,-2,-2,-2,1,1,2,-2
1573,2,2,0,0,1,2,2,2,0,0,-2
1574,0,3,-2,2,-2,-2,-2,-1,2,1,-2
1575,-2,-2,-2,-2,-2,-2,-2,-2,-1,-3,-2
1576,-1,-2,-2,-2,-2,-2,-2,0,-2,-2,-2
1577,-2,-2,-1,2,2,-1,-2,2,0,3,-2
1578,2,2,2,-1,2,2,2,-2,-2,-2,-2
1579,-2,-2,-2,-2,0,2,2,1,-1,-1,-2
1580,2,0,-2,-2,2,2,2,2,1,-2,-2
1581,1,-1,2,2,2,2,2,0,-2,-2,-2
1582,0,-2,0,2,2,2,2,2,0,-2,-2
1583,1,-1,-2,-2,-2,-1,-2,-2,1,-3,-2
1584,-2,3,-2,2,0,0,-1,-1,-1,-1,-2
1585,-2,1,2,0,3,-1,1,-2,-2,-2,-1
1586,2,0,1,2,2,2,2,2,2,-1,-1
1587,-2,-2,1,1,0,2,2,2,2,1,-1
1588,-2,-2,-1,-1,-2,-2,-2,-2,2,-3,-1
1589,-2,0,1,2,1,0,-2,0,1,2,-1
1590,1,-2,0,-1,0,-2,-2,-2,-2,-2,-1
1591,2,0,1,2,2,2,2,2,2,-1,-1
1592,-1,1,2,0,3,-2,2,-2,-2,-2,-1
1593,1,1,2,2,2,2,2,-1,-2,-2,-1
1594,2,2,-1,-1,-2,0,-2,-2,-1,-1,-1
1595,1,2,2,1,-2,2,-3,2,-2,-2,-1
1596,2,2,2,0,-1,2,0,2,0,2,-1
1597,2,2,2,2,2,2,1,-1,1,-2,-1
1598,-2,-2,1,1,0,2,2,2,2,1,-1
1599,0,0,2,2,-2,3,-2,2,0,0,-1
1600,2,2,2,0,0,-1,0,-2,1,2,-1
1601,2,2,2,2,-2,-2,-2,-2,-2,-2,-1
1602,2,2,0,2,2,2,2,2,-2,3,-1
1603,0,2,1,0,2,0,-1,-2,-1,-2,-1
1604,-1,2,2,2,2,2,-2,1,-2,1,-1
1605,2,2,2,2,2,2,1,-1,1,-2,-1
1606,2,2,2,-2,-2,0,2,2,-2,-2,-1
1607,-2,-2,-2,-2,-2,2,-3,2,2,2,-1
1608,-2,-2,-2,1,1,-1,-2,-1,-1,1,-1
1609,-2,-2,-2,1,1,-1,-2,-1,-1,1,-1
1610,1,1,2,2,2,2,2,-1,-2,-2,-1
1611,2,2,2,2,0,2,-1,-2,2,-3,-1
1612,2,2,2,2,2,2,-1,3,-2,2,-1
1613,-2,-1,1,1,2,1,3,-2,2,2,-1
1614,0,2,1,0,2,0,-1,-2,-1,-2,-1
1615,2,2,2,2,2,0,-2,-2,-2,-2,-1
1616,0,-3,-1,-2,0,1,2,1,1,-1,-1
1617,0,2,2,2,2,2,2,2,0,0,-1
1618,2,2,2,-2,3,-1,2,0,-2,0,-1
1619,2,-2,-2,-2,-2,-2,-2,-2,-2,-2,-1
1620,2,2,-2,3,-2,2,0,0,-1,-1,-1
1621,2,2,0,2,2,2,1,1,-1,0,-1
1622,-1,-2,2,-3,-1,-2,-1,-2,-1,0,-1
1623,-1,-2,2,-3,-1,-2,-1,-2,-1,0,-1
1624,-2,-1,-2,-2,1,-3,-2,-2,-1,-2,-1
1625,0,-2,-2,-1,0,-1,-2,-2,-2,-1,-1
1626,-1,0,0,2,2,-1,-2,2,-3,2,-1
1627,0,2,2,-1,3,2,2,2,2,2,-1
1628,-1,-1,-1,-1,-2,2,-3,1,0,-2,-1
1629,2,2,2,2,0,-2,-2,0,-2,-2,-1
1630,2,2,0,1,1,2,2,2,-1,-2,-1
1631,-2,-2,-1,2,0,1,-1,-2,-2,-2,-1
1632,0,2,2,-2,3,-2,2,0,0,-1,-1
1633,1,2,2,1,-2,2,-3,2,-2,-2,-1
1634,2,2,-2,3,-2,2,0,0,-1,-1,-1
1635,-2,0,-1,0,-2,-2,-2,-2,-2,-1,-1
1636,2,-2,-2,-2,-2,-2,-2,-2,-2,-2,-1
1637,2,2,2,2,2,0,-2,0,-3,2,-1
1638,-1,-2,-2,-2,-1,-1,-2,-2,1,-3,-1
1639,0,2,-1,-2,2,-3,-1,-2,-1,-2,-1
1640,1,1,2,2,2,2,2,-1,-2,-2,-1
1641,-2,-2,-1,2,-1,3,0,2,-2,-1,-1
1642,2,2,2,2,1,3,-2,0,-2,-2,-1
1643,2,0,3,0,-1,0,2,-2,0,-3,-1
1644,2,2,-2,-2,0,2,2,-2,-2,-1,-1
1645,-2,3,-2,1,1,2,2,2,2,-1,-1
1646,2,2,-2,-2,-2,-2,-2,-2,-1,2,-1
1647,1,3,1,2,2,-1,0,1,-1,-2,-1
1648,1,2,2,2,2,2,2,2,2,-2,-1
1649,-1,-2,-2,-2,-2,2,-3,-1,-2,-2,-1
1650,0,-1,-1,-2,-2,-2,1,1,-1,-2,-1
1651,-1,-2,-2,-2,-2,2,-3,-1,-2,-2,-1
1652,2,-2,-2,-2,-2,-2,-2,-2,-2,-2,-1
1653,2,2,-1,-1,-2,0,-2,-2,-1,-1,-1
1654,1,2,2,2,0,1,1,2,2,2,-1
1655,2,0,1,2,2,2,2,2,2,-1,-1
1656,0,2,2,2,2,2,2,2,0,0,-1
1657,1,-2,-2,1,1,-2,-2,-2,-2,2,-1
1658,2,2,1,3,1,2,2,-1,0,1,-1
1659,2,2,-2,3,-2,2,0,0,-1,-1,-1
1660,1,3,1,2,2,-1,0,1,-1,-2,-1
1661,2,2,-2,3,-2,2,0,0,-1,-1,-1
1662,2,2,2,0,-1,2,0,2,0,2,-1
1663,2,2,-2,3,-2,2,0,0,-1,-1,-1
1664,-1,1,2,0,3,-2,2,-2,-2,-2,-1
1665,-2,-2,-2,-2,-2,2,-3,2,2,2,-1
1666,-2,-1,1,2,2,2,2,2,0,2,-1
1667,-2,-2,-2,-1,-2,-2,1,-3,-2,-2,-1
1668,-2,-2,-2,-1,-2,-2,1,-3,-2,-2,-1
1669,-1,-1,-1,-1,-2,2,-3,1,0,-2,-1
1670,1,-2,0,-1,0,-2,-2,-2,-2,-2,-1
1671,2,2,2,2,2,2,1,-1,1,-2,-1
1672,2,2,-2,3,-2,2,0,0,-1,-1,-1
1673,-2,1,-3,-2,-2,-2,-2,-2,-2,-2,-1
1674,-2,1,-3,-2,-2,-2,-2,-2,-2,-2,-1
1675,1,2,2,2,2,2,1,2,2,2,-1
1676,-2,1,1,1,1,2,2,2,2,2,-1
1677,-2,-2,-1,-1,-2,-2,1,-3,-1,-2,-1
1678,-2,1,-3,-2,-2,-2,-2,-2,-2,-2,-1
1679,2,2,1,3,-2,0,-2,-2,-1,0,-1
1680,0,-1,-1,-2,-2,-2,1,1,-1,-2,-1
1681,2,2,2,2,1,1,-2,-2,-2,-2,-1
1682,-2,-2,1,-1,-2,2,-3,2,1,-3,-1
1683,2,2,-2,-2,0,2,2,-2,-2,-1,-1
1684,0,-1,-1,-2,-2,-2,1,1,-1,-2,-1
1685,-2,-1,1,1,2,1,3,-2,2,2,-1
1686,-2,-2,1,-1,-2,2,-3,2,1,-3,-1
1687,1,0,-2,-1,-2,-2,-2,-2,1,-1,-1
1688,-3,1,0,-2,-1,-2,-2,-2,-2,1,-1
1689,1,2,2,2,2,2,2,2,2,-2,-1
1690,2,2,1,3,-2,0,-2,-2,-1,0,-1
1691,-2,2,2,-1,-2,-2,2,-3,2,0,-1
1692,2,2,-1,0,1,-1,-2,-1,0,2,-1
1693,-2,-2,-1,2,0,1,-1,-2,-2,-2,-1
1694,-2,0,-2,-2,-1,-1,-1,-2,0,-3,-1
1695,-1,-2,-2,-2,-1,-1,-2,-2,1,-3,-1
1696,-1,-1,-2,-2,-2,1,1,-1,-2,-1,-1
1697,-2,-2,-2,1,-3,1,-2,-2,2,-3,-1
1698,-1,0,0,2,2,-1,-2,2,-3,2,-1
1699,2,2,2,2,0,-2,-2,0,-2,-2,-1
1700,-1,-2,-2,-2,-1,-1,-2,-2,1,-3,-1
1701,1,-2,2,-3,2,-2,-2,-1,2,2,-1
1702,-1,-2,2,-3,-1,-2,-1,-2,-1,0,-1
1703,1,-2,-2,1,1,-2,-2,-2,-2,2,-1
1704,0,2,2,-2,3,-2,2,0,0,-1,-1
1705,-2,-2,-2,-2,-2,0,2,2,1,-1,-1
1706,-1,0,0,2,2,-1,-2,2,-3,2,-1
1707,2,-3,-1,-2,-2,0,2,2,2,2,-1
1708,-1,-1,-2,-2,-2,-2,-2,-1,2,2,-1
1709,-1,-1,-2,-2,-2,-2,-2,-1,2,2,-1
1710,-2,-2,-2,1,-3,1,-2,-2,2,-3,-1
1711,1,2,2,2,0,1,1,2,2,2,-1
1712,-2,1,-3,-2,-2,-2,-2,-2,-2,-2,-1
1713,0,-1,-1,-2,-2,-2,1,1,-1,-2,-1
1714,-2,-2,-1,-1,-2,-2,-2,-2,2,-3,-1
1715,0,-1,-1,-2,-2,-2,1,1,-1,-2,-1
1716,2,-2,-2,-2,-2,-2,-2,-2,-2,-2,-1
1717,-1,-2,-1,-1,1,-1,-2,1,2,1,-1
1718,-1,-2,-2,2,-3,2,0,-1,-2,-2,-1
1719,-2,-2,1,-1,-2,2,-3,2,1,-3,-1
1720,2,2,2,2,0,-2,-2,0,-2,-2,-1
1721,-3,2,0,2,1,0,2,0,-1,-2,-1
1722,-2,0,-2,-2,-1,-1,-1,-2,0,-3,-1
1723,-2,-2,-1,2,0,1,-1,-2,-2,-2,-1
1724,-3,1,0,-2,-1,-2,-2,-2,-2,1,-1
1725,-1,2,2,2,2,2,-2,1,-2,1,-1
1726,-2,0,-1,0,-2,-2,-2,-2,-2,-1,-1
1727,-1,-1,-2,-2,-2,1,1,-1,-2,-1,-1
1728,1,3,1,2,2,-1,0,1,-1,-2,-1
1729,1,-1,1,-2,-1,-2,2,2,2,0,-1
1730,-2,-2,-2,-2,-2,2,-3,2,2,2,-1
1731,2,-3,-1,-2,-2,0,2,2,2,2,-1
1732,-2,2,2,-1,-2,-2,2,-3,2,0,-1
1733,-2,3,-1,2,0,-2,0,-1,1,-2,-1
1734,-2,-2,-2,2,-3,2,-2,0,2,2,-1
1735,-1,0,0,2,2,-1,-2,2,-3,2,-1
1736,0,-1,2,0,2,0,2,-1,0,-3,-1
1737,-2,-2,1,-1,-2,2,-3,2,1,-3,-1
1738,2,2,2,2,0,2,2,2,1,1,-1
1739,-2,-2,-2,-2,-2,0,2,2,1,-1,-1
1740,-3,1,0,-2,-1,-2,-2,-2,-2,1,-1
1741,0,2,2,-1,3,2,2,2,2,2,-1
1742,2,2,-1,0,1,-1,-2,-1,0,2,-1
1743,-2,-2,-2,-2,-2,2,-3,2,2,2,-1
1744,1,2,2,2,2,2,2,2,2,-2,-1
1745,-2,3,-2,1,1,2,2,2,2,-1,-1
1746,1,2,2,2,0,1,1,2,2,2,-1
1747,2,2,-2,-2,0,2,2,-2,-2,-1,-1
1748,0,2,2,-2,3,-2,2,0,0,-1,-1
1749,2,2,2,2,2,2,1,-1,1,-2,-1
1750,-1,-2,-2,-2,-1,-1,-2,-2,1,-3,-1
1751,2,2,-1,0,1,-1,-2,-1,0,2,-1
1752,-2,-2,0,-1,-1,-2,-2,-2,-2,-2,-1
1753,2,-2,-2,-2,-2,-2,-2,-2,-2,-2,-1
1754,-2,0,1,2,1,0,-2,0,1,2,-1
1755,1,-1,2,-2,3,-2,0,-3,1,-2,-1
1756,1,-1,1,-2,-1,-2,2,2,2,0,-1
1757,0,-1,2,0,2,0,2,-1,0,-3,-1
1758,2,2,2,-2,-2,0,2,2,-2,-2,-1
1759,2,2,2,2,0,2,-1,-2,2,-3,-1
1760,-2,3,-2,1,1,2,2,2,2,-1,-1
1761,2,2,0,2,2,2,1,1,-1,0,-1
1762,2,2,2,2,1,3,-2,0,-2,-2,-1
1763,-1,-2,-2,-2,-2,2,2,2,2,2,-1
1764,2,2,0,2,1,1,0,1,2,-1,-1
1765,-2,2,2,-1,-2,-2,2,-3,2,0,-1
1766,2,2,2,2,1,3,-2,0,-2,-2,-1
1767,0,-1,2,0,2,0,2,-1,0,-3,-1
1768,2,2,2,0,0,-1,0,-2,1,2,-1
1769,-1,-1,-1,-1,-2,2,-3,1,0,-2,-1
1770,-1,-1,-1,-1,-2,2,-3,1,0,-2,-1
1771,2,2,1,3,1,2,2,-1,0,1,-1
1772,1,2,2,1,-2,2,-3,2,-2,-2,-1
1773,2,2,2,-2,3,-1,2,0,-2,0,-1
1774,-2,-2,0,-1,-1,-2,-2,-2,-2,-2,-1
1775,0,0,2,2,2,1,3,1,2,2,-1
1776,-1,-2,-2,-2,-1,-1,-2,-2,1,-3,-1
1777,0,2,1,0,2,0,-1,-2,-1,-2,-1
1778,-1,-2,-1,0,2,-1,3,0,-2,-2,-1
1779,1,1,0,2,0,-2,-2,-2,-2,-1,-1
1780,1,-2,0,-1,0,-2,-2,-2,-2,-2,-1
1781,2,2,-2,-2,0,2,2,-2,-2,-1,-1
1782,-2,-2,-2,-1,-2,-2,1,-3,-2,-2,-1
1783,2,2,0,1,1,2,2,2,-1,-2,-1
1784,2,2,2,2,1,3,-2,0,-2,-2,-1
1785,-1,-2,-2,-2,-1,-1,-2,-2,1,-3,-1
1786,2,2,2,2,0,-2,-2,0,-2,-2,-1
1787,1,1,0,2,0,-2,-2,-2,-2,-1,-1
1788,-1,-2,-2,-2,-2,2,-3,-1,-2,-2,-1
1789,0,2,2,-1,3,2,2,2,2,2,-1
1790,1,-3,2,2,2,2,2,2,2,1,-1
1791,-2,3,-2,1,1,2,2,2,2,-1,-1
1792,-2,-2,-2,1,1,-1,-2,-1,-1,1,-1
1793,-1,1,2,1,0,-2,-2,-2,-2,1,-1
1794,1,1,2,2,2,2,2,-1,-2,-2,-1
1795,2,2,0,2,2,2,2,2,-2,3,-1
1796,-1,1,2,0,3,-2,2,-2,-2,-2,-1
1797,-2,-1,1,1,2,1,3,-2,2,2,-1
1798,-1,-2,-2,-2,-2,2,-3,-1,-2,-2,-1
1799,-1,-2,-2,2,-3,2,0,-1,-2,-2,-1
1800,2,2,0,2,2,2,2,2,-2,3,-1
1801,-2,0,1,2,1,0,-2,0,1,2,-1
1802,2,2,2,2,-2,-2,-2,-2,-2,-2,-1
1803,1,-2,0,-1,0,-2,-2,-2,-2,-2,-1
1804,2,2,-2,-2,-2,-2,-2,-2,-1,2,-1
1805,-2,1,1,1,1,2,2,2,2,2,-1
1806,1,-2,0,-1,0,-2,-2,-2,-2,-2,-1
1807,-1,0,0,2,2,-1,-2,2,-3,2,-1
1808,1,2,2,2,2,2,1,2,2,2,-1
1809,-3,-2,-2,2,2,2,2,2,2,2,-1
1810,1,-2,-2,1,1,-2,-2,-2,-2,2,-1
1811,2,2,2,2,2,2,-1,3,-2,2,-1
1812,-1,-1,0,-2,-2,-2,2,2,2,0,-1
1813,-2,-2,0,-1,-1,-2,-2,-2,-2,-2,-1
1814,2,2,2,2,0,-2,-2,0,-2,-2,-1
1815,-1,0,0,2,2,-1,-2,2,-3,2,-1
1816,-2,1,1,1,1,2,2,2,2,2,-1
1817,2,2,0,2,2,2,2,2,-2,3,-1
1818,2,2,-1,0,1,-1,-2,-1,0,2,-1
1819,0,-3,-1,-2,0,1,2,1,1,-1,-1
1820,-2,-1,1,2,2,2,2,2,0,2,-1
1821,1,1,2,1,3,-2,2,2,-1,-2,-1
1822,2,2,2,2,2,0,-2,-2,-2,-2,-1
1823,-1,-1,0,-2,-2,-2,2,2,2,0,-1
1824,-1,-1,-1,-1,-2,2,-3,1,0,-2,-1
1825,-2,-1,1,1,2,1,3,-2,2,2,-1
1826,-2,-2,-2,-1,-2,-2,1,-3,-2,-2,-1
1827,-2,-2,-2,2,-3,2,-2,0,2,2,-1
1828,2,2,2,2,0,-2,-2,0,-2,-2,-1
1829,1,1,2,2,2,2,2,-1,-2,-2,-1
1830,-1,-1,-2,-2,-2,-2,-2,-1,2,2,-1
1831,-1,-2,-2,2,-3,2,0,-1,-2,-2,-1
1832,-1,-1,-1,-1,-2,2,-3,1,0,-2,-1
1833,1,1,0,2,0,-2,-2,-2,-2,-1,-1
1834,1,2,2,2,2,2,1,2,2,2,-1
1835,-1,2,2,2,2,2,-2,1,-2,1,-1
1836,0,2,2,-1,3,2,2,2,2,2,-1
1837,1,1,2,1,3,-2,2,2,-1,-2,-1
1838,2,2,2,-2,3,-1,2,0,-2,0,-1
1839,-2,2,2,-1,-2,-2,2,-3,2,0,-1
1840,-1,-2,-2,2,-3,2,0,-1,-2,-2,-1
1841,-2,-2,-2,1,1,-1,-2,-1,-1,1,-1
1842,-1,2,2,2,2,2,-2,1,-2,1,-1
1843,2,2,-2,3,-2,2,0,0,-1,-1,-1
1844,-1,-2,-1,-1,1,-1,-2,1,2,1,-1
1845,2,2,0,2,1,1,0,1,2,-1,-1
1846,2,2,-2,-2,0,2,2,-2,-2,-1,-1
1847,1,-2,0,-1,0,-2,-2,-2,-2,-2,-1
1848,2,2,-1,0,1,-1,-2,-1,0,2,-1
1849,-1,-2,-2,-2,-1,-1,-2,-2,1,-3,-1
1850,-2,-2,-2,-2,-2,2,-3,2,2,2,-1
1851,1,2,2,1,-2,2,-3,2,-2,-2,-1
1852,1,-2,2,-3,2,-2,-2,-1,2,2,-1
1853,2,1,-2,-2,-2,-2,-2,-2,0,1,-1
1854,1,-2,0,-1,0,-2,-2,-2,-2,-2,-1
1855,-2,-2,-2,-1,2,1,-2,-2,-2,1,-1
1856,0,2,1,0,2,0,-1,-2,-1,-2,-1
1857,-2,2,2,-1,-2,-2,2,-3,2,0,-1
1858,0,2,1,0,2,0,-1,-2,-1,-2,-1
1859,-2,1,1,1,1,2,2,2,2,2,-1
1860,1,3,1,2,2,-1,0,1,-1,-2,-1
1861,1,-3,2,2,2,2,2,2,2,1,-1
1862,-2,-2,0,-1,-1,-2,-2,-2,-2,-2,-1
1863,1,2,2,1,-2,2,-3,2,-2,-2,-1
1864,0,0,2,2,-2,3,-2,2,0,0,-1
1865,2,2,-2,-2,-2,-2,-2,-2,-1,2,-1
1866,2,2,2,0,0,-1,0,-2,1,2,-1
1867,-2,-2,-2,-2,-2,-2,0,2,2,1,-1
1868,1,-1,2,-2,3,-2,0,-3,1,-2,-1
1869,-2,2,-3,-1,-2,-1,-2,-1,0,-1,0
1870,2,-1,3,0,2,2,0,3,0,-1,0
1871,1,2,1,3,-2,2,2,-1,-2,-1,0
1872,1,-3,2,2,2,2,2,3,3,-2,0
1873,0,2,2,0,3,0,-1,0,2,-2,0
1874,-2,-2,2,2,2,-1,-2,-2,-2,-2,0
1875,2,2,2,2,1,0,-2,-2,-2,0,0
1876,2,1,-1,1,-2,-1,-2,2,2,2,0
1877,3,1,2,2,-1,0,1,-1,-2,-1,0
1878,2,2,2,2,2,1,0,-2,-2,-2,0
1879,0,0,0,2,2,-2,3,-2,2,0,0
1880,1,-1,-1,0,0,-2,-2,-2,2,2,0
1881,2,2,2,2,2,2,2,2,-2,-1,0
1882,3,1,2,2,-1,0,1,-1,-2,-1,0
1883,1,2,2,1,-2,-2,-2,-2,-2,-2,0
1884,-1,-1,-2,0,-2,-2,-1,-1,-1,-2,0
1885,2,-3,2,-1,3,-2,2,2,2,2,0
1886,2,2,2,0,0,1,2,2,2,0,0
1887,-2,-2,-2,0,1,-1,2,-2,3,-2,0
1888,2,-2,3,-2,-2,1,2,2,-2,-2,0
1889,-1,3,2,2,2,2,2,-1,-1,-2,0
1890,-2,-2,-2,-1,-2,-2,-2,-2,-2,-2,0
1891,-2,-2,-2,-2,1,0,1,2,1,-1,0
1892,-1,-2,-2,-1,0,2,0,-2,-2,-2,0
1893,2,2,2,1,-1,2,2,2,2,2,0
1894,-2,1,-3,0,-2,2,2,1,1,1,0
1895,2,-1,-2,2,-3,-1,-2,-1,-2,-1,0
1896,0,3,0,-1,0,2,-2,0,-3,-1,0
1897,-1,3,2,2,2,2,2,-1,-1,-2,0
1898,-1,-2,-2,-1,2,2,2,-2,3,-2,0
1899,1,-2,-1,-2,2,2,2,0,-1,-1,0
1900,2,2,2,-2,1,2,2,2,2,2,0
1901,2,2,-2,1,2,2,2,2,2,0,0
1902,0,0,0,2,2,-2,3,-2,2,0,0
1903,-2,1,1,2,2,2,2,-1,-1,-2,0
1904,-2,-2,-2,1,2,2,1,-2,0,-1,0
1905,2,-3,2,0,-1,-2,-2,-1,0,2,0
1906,2,2,2,2,-1,-2,2,2,-1,3,0
1907,1,2,2,1,1,2,1,1,1,0,0
1908,1,2,2,1,-2,-2,-2,-2,-2,-2,0
1909,-3,-1,-2,3,-2,1,-2,2,-3,2,0
1910,2,2,2,2,2,1,0,-2,-2,-2,0
1911,1,2,2,1,-2,-2,-2,-2,-2,-2,0
1912,1,0,0,2,2,2,2,2,-2,1,0
1913,-2,-2,2,2,-1,-2,-2,2,-3,2,0
1914,2,2,2,2,-1,-2,2,2,-1,3,0
1915,3,-2,-2,-2,-2,-2,2,-3,2,-2,0
1916,0,2,2,2,2,-1,0,-2,0,-1,0
1917,-2,1,2,2,1,1,2,1,1,1,0
1918,-2,-2,-2,-2,1,0,1,2,1,-1,0
1919,2,2,2,1,-1,2,2,2,2,2,0
1920,-2,-2,-2,1,2,2,1,-2,0,-1,0
1921,1,2,1,3,-2,2,2,-1,-2,-1,0
1922,2,2,2,2,-1,-2,2,2,-1,3,0
1923,3,3,-2,0,-2,-2,-2,-2,-2,-2,0
1924,-2,-2,-2,2,-1,3,-1,1,2,1,0
1925,-2,-2,-2,-2,1,-1,-1,2,2,2,0
1926,-2,-2,2,-2,3,-2,0,1,2,1,0
1927,2,-3,2,1,-2,-2,-2,-2,-2,-2,0
1928,-2,-2,-2,2,-3,-2,-2,-2,0,2,0
1929,2,-2,3,-2,0,1,2,1,0,-2,0
1930,-2,-2,2,-2,3,-2,0,1,2,1,0
1931,0,-3,2,-1,-2,-2,-2,-2,-2,-2,0
1932,2,2,2,2,-1,3,-2,2,-1,-1,0
1933,2,0,-2,-2,-2,-2,-1,-1,-2,-2,0
1934,2,-1,3,0,2,2,0,3,0,-1,0
1935,-2,1,2,2,1,1,2,1,1,1,0
1936,-2,-2,1,0,1,1,-2,2,-3,2,0
1937,-2,-2,-2,1,2,2,-2,-2,-2,-2,0
1938,2,-1,-2,2,-3,-1,-2,-1,-2,-1,0
1939,1,2,2,2,0,0,-2,-2,2,2,0
1940,1,-3,2,2,2,2,2,3,3,-2,0
1941,2,2,2,2,2,2,2,2,-2,-1,0
1942,1,-1,-1,0,0,-2,-2,-2,2,2,0
1943,1,-1,-2,-2,2,1,2,2,2,2,0
1944,2,2,2,2,2,1,0,-2,-2,-2,0
1945,-2,-1,2,2,2,-2,3,-2,0,0,0
1946,-2,1,2,2,1,1,2,1,1,1,0
1947,0,2,2,2,1,3,1,2,2,-1,0
1948,-1,-2,0,1,2,1,1,-1,-1,0,0
1949,1,2,1,3,-2,2,2,-1,-2,-1,0
1950,2,2,2,2,2,2,1,2,2,2,0
1951,1,2,1,3,-2,2,2,-1,-2,-1,0
1952,2,-3,2,1,-2,-2,-2,-2,-2,-2,0
1953,2,2,0,-1,2,0,2,0,2,-1,0
1954,-2,-2,-2,-2,1,-1,-1,2,2,2,0
1955,2,2,2,2,2,2,2,2,-2,-2,0
1956,-2,-2,2,-3,2,0,-1,-2,-2,-1,0
1957,2,2,2,0,0,1,2,2,2,0,0
1958,2,2,2,2,2,1,-2,-2,-1,2,0
1959,0,2,2,2,1,3,1,2,2,-1,0
1960,2,2,2,0,0,1,2,2,2,0,0
1961,-2,-2,-2,2,-3,-2,-2,-2,0,2,0
1962,-2,-2,-2,1,2,2,-2,-2,-2,-2,0
1963,-2,-2,-2,1,2,2,1,-2,0,-1,0
1964,-2,-2,-2,2,-1,3,-1,1,2,1,0
1965,-2,2,2,2,2,2,2,1,3,-2,0
1966,-2,-2,-2,2,-1,3,0,2,0,-2,0
1967,1,-2,2,-3,2,0,2,1,0,2,0
1968,-2,-2,2,-2,3,-2,0,1,2,1,0
1969,2,-3,-1,-2,-1,-2,-1,0,-1,0,0
1970,2,2,2,2,2,0,2,2,2,1,0
1971,2,2,-1,-2,-1,0,-2,0,-1,3,0
1972,2,2,2,2,-2,3,-1,2,0,-2,0
1973,2,-1,-2,2,-3,-1,-2,-1,-2,-1,0
1974,1,2,2,2,2,2,2,2,0,-2,0
1975,-1,-1,0,-2,-2,-2,-2,2,-1,3,0
1976,2,2,2,2,2,0,2,2,2,1,0
1977,0,2,2,2,2,-1,0,-2,0,-1,0
1978,0,2,2,0,3,0,-1,0,2,-2,0
1979,1,-2,-1,-2,2,2,2,0,-1,-1,0
1980,1,2,2,2,2,2,2,2,0,-2,0
1981,1,2,2,1,1,2,1,1,1,0,0
1982,-2,-2,2,2,-1,-2,-2,2,-3,2,0
1983,2,2,0,-1,2,0,2,0,2,-1,0
1984,2,2,2,0,0,1,2,2,2,0,0
1985,-2,-1,0,2,0,-2,-2,-2,0,2,0
1986,0,-1,0,2,-2,0,-3,-1,0,0,0
1987,1,2,2,1,1,2,1,1,1,0,0
1988,-1,-1,-2,0,-2,2,2,2,1,-1,0
1989,-2,-2,2,-3,2,0,-1,-2,-2,-1,0
1990,2,-3,2,0,-1,-2,-2,-1,0,2,0
1991,-2,-1,2,2,2,-2,3,-2,0,0,0
1992,-2,-2,-2,-1,-2,-2,-2,-2,-2,-2,0
1993,1,-1,-2,-2,-2,1,-2,2,-3,2,0
1994,-2,2,2,-1,3,0,2,2,0,3,0
1995,-3,2,-2,-2,-2,-2,-2,-2,-2,-2,0
1996,-2,1,2,2,1,1,2,1,1,1,0
1997,2,2,2,2,2,1,0,-2,-2,-2,0
1998,1,2,2,2,0,0,-2,-2,2,2,0
1999,0,0,0,2,2,-2,3,-2,2,0,0
2000,-3,2,-2,-2,-1,2,2,-1,-2,2,0
2001,2,2,2,2,2,2,2,2,2,2,0
2002,-2,-1,0,2,0,-2,-2,-2,0,2,0
2003,0,2,0,-2,0,2,2,2,2,2,0
2004,-2,-2,-1,2,2,2,2,2,1,2,0
2005,0,2,2,2,2,-1,0,-2,0,-1,0
2006,-2,3,-2,1,-2,2,-3,2,0,2,0
2007,2,2,2,-2,1,2,2,2,2,2,0
2008,-2,-2,-2,2,-1,3,0,2,0,-2,0
2009,2,-3,-1,-2,-1,-2,-1,0,-1,0,0
2010,-2,2,2,-1,3,0,2,2,0,3,0
2011,-3,2,-2,-2,-1,2,2,-1,-2,2,0
2012,-2,3,-2,1,-2,2,-3,2,0,2,0
2013,0,-1,-1,0,-2,-2,-2,2,2,2,0
2014,-2,-2,-2,-2,1,-1,-1,2,2,2,0
2015,-2,-2,-2,-2,1,-1,-1,2,2,2,0
2016,0,3,0,-1,0,2,-2,0,-3,-1,0
2017,2,2,2,2,2,2,2,0,0,-1,0
2018,0,2,2,2,2,-1,0,-2,0,-1,0
2019,0,-1,0,2,-2,0,-3,-1,0,0,0
2020,2,2,2,2,2,1,-2,-2,-1,2,0
2021,-1,-2,0,1,2,1,1,-1,-1,0,0
2022,2,-3,-1,-2,-1,-2,-1,0,-1,0,0
2023,-3,-1,-2,3,-2,1,-2,2,-3,2,0
2024,0,2,2,2,1,3,1,2,2,-1,0
2025,1,2,2,1,-2,-2,-2,-2,-2,-2,0
2026,-1,-2,0,1,2,1,1,-1,-1,0,0
2027,-2,-2,2,-2,3,-2,0,1,2,1,0
2028,-2,0,2,2,2,2,2,2,2,0,0
2029,-2,2,-2,-2,-2,1,2,2,1,-2,0
2030,-1,-2,-2,-1,0,2,0,-2,-2,-2,0
2031,-2,-2,-2,2,-3,-2,-2,-2,0,2,0
2032,2,2,2,2,2,1,-2,-2,-1,2,0
2033,3,-2,-2,-2,-2,-2,2,-3,2,-2,0
2034,2,0,3,-1,1,-2,-2,-2,-1,1,0
2035,-3,-1,-2,0,1,2,1,1,-1,-1,0
2036,-2,2,-3,2,1,-3,-1,-2,-1,-1,0
2037,2,2,0,-1,2,0,2,0,2,-1,0
2038,2,2,2,2,-1,3,-2,2,-1,-1,0
2039,-2,-2,-2,0,1,-1,2,-2,3,-2,0
2040,1,2,2,2,2,2,2,2,0,-2,0
2041,3,-2,-2,-2,-2,-2,2,-3,2,-2,0
2042,-2,-2,2,-2,3,-2,0,1,2,1,0
2043,-2,-1,2,2,2,-2,3,-2,0,0,0
2044,0,-1,-1,0,-2,-2,-2,2,2,2,0
2045,0,2,2,2,2,-1,0,-2,0,-1,0
2046,0,2,2,0,3,0,-1,0,2,-2,0
2047,3,-2,-2,-2,-2,-2,2,-3,2,-2,0
2048,1,-1,-2,-2,-2,1,-2,2,-3,2,0
2049,-3,2,-3,-2,-2,2,2,2,-2,-2,0
2050,0,2,0,-2,0,2,2,2,2,2,0
2051,1,-1,-2,-2,2,1,2,2,2,2,0
2052,-2,-1,0,2,0,-2,-2,-2,0,2,0
2053,-3,-1,-2,-2,0,2,2,2,2,-1,0
2054,2,-1,-2,2,-3,-1,-2,-1,-2,-1,0
2055,1,2,2,1,-2,-2,-2,-2,-2,-2,0
2056,0,-3,2,-1,-2,-2,-2,-2,-2,-2,0
2057,-3,-1,-2,0,1,2,1,1,-1,-1,0
2058,2,2,2,2,2,0,2,2,2,1,0
2059,0,2,2,0,3,0,-1,0,2,-2,0
2060,-2,-2,1,0,1,1,-2,2,-3,2,0
2061,2,1,-1,1,-2,-1,-2,2,2,2,0
2062,2,2,2,2,2,-2,-2,-2,-2,-2,0
2063,2,2,2,2,2,2,2,2,-2,-1,0
2064,2,2,-2,1,2,2,2,2,2,0,0
2065,2,2,2,2,-1,-2,2,2,-1,3,0
2066,-2,2,-3,2,1,-3,-1,-2,-1,-1,0
2067,-2,-2,-2,2,-1,3,-1,1,2,1,0
2068,2,2,2,2,2,2,2,2,-2,-1,0
2069,2,2,2,2,2,2,-1,-1,1,2,0
2070,-2,-2,-2,-1,-2,-2,-2,-2,-2,-2,0
2071,1,-2,-1,-2,2,2,2,0,-1,-1,0
2072,1,2,0,-2,-2,-2,-1,2,1,2,0
2073,-2,2,2,2,2,2,2,1,3,-2,0
2074,1,0,0,2,2,2,2,2,-2,1,0
2075,-2,-2,-2,-2,-2,2,-3,-2,-2,-2,0
2076,2,-1,-2,2,-3,-1,-2,-1,-2,-1,0
2077,-2,-2,2,-3,2,0,-1,-2,-2,-1,0
2078,-2,-2,2,2,-1,-2,-2,2,-3,2,0
2079,1,2,2,1,-2,-2,-2,-2,-2,-2,0
2080,-2,2,-3,-1,-2,-1,-2,-1,0,-1,0
2081,2,2,2,2,-2,1,0,2,2,2,0
2082,3,1,2,2,-1,0,1,-1,-2,-1,0
2083,1,-3,2,2,2,2,2,3,3,-2,0
2084,2,2,2,1,3,-2,0,-2,-2,-1,0
2085,2,2,2,2,2,0,2,2,2,1,0
2086,0,2,0,-2,0,2,2,2,2,2,0
2087,2,2,2,2,-1,3,-2,2,-1,-1,0
2088,1,-2,-1,-2,2,2,2,0,-1,-1,0
2089,2,2,2,2,1,0,-2,-2,-2,0,0
2090,-2,-2,2,-3,2,0,-1,-2,-2,-1,0
2091,-3,2,-2,-2,-2,-2,-2,-2,-2,-2,0
2092,2,2,-2,1,2,2,2,2,2,0,0
2093,2,-3,-1,-2,-1,-2,-1,0,-1,0,0
2094,2,1,-1,-1,-2,-2,-2,-2,-2,1,0
2095,2,-3,2,-1,3,-2,2,2,2,2,0
2096,1,-1,-2,-2,2,1,2,2,2,2,0
2097,2,2,2,2,1,0,-2,-2,-2,0,0
2098,1,-2,-1,-2,2,2,2,0,-1,-1,0
2099,-2,1,1,2,2,2,2,-1,-1,-2,0
2100,2,2,2,2,2,2,2,2,2,2,0
2101,1,-2,2,-3,2,0,2,1,0,2,0
2102,2,2,2,2,1,0,-2,-2,-2,0,0
2103,3,-2,-2,-2,-2,-2,2,-3,2,-2,0
2104,-3,2,-2,-2,-1,2,2,-1,-2,2,0
2105,2,-1,3,0,2,2,0,3,0,-1,0
2106,2,-3,2,1,-2,-2,-2,-2,-2,-2,0
2107,0,3,0,-1,0,2,-2,0,-3,-1,0
2108,3,3,-2,0,-2,-2,-2,-2,-2,-2,0
2109,2,2,2,0,0,1,2,2,2,0,0
2110,-2,-2,-2,0,1,-1,2,-2,3,-2,0
2111,1,2,2,1,1,2,1,1,1,0,0
2112,-1,-2,0,1,2,1,1,-1,-1,0,0
2113,0,2,2,2,1,3,1,2,2,-1,0
2114,0,-1,-1,0,-2,-2,-2,2,2,2,0
2115,2,-3,-1,-2,-1,-2,-1,0,-1,0,0
2116,1,-1,-1,0,0,-2,-2,-2,2,2,0
2117,-2,-2,-2,2,-1,3,0,2,0,-2,0
2118,-2,2,-2,-2,-2,1,2,2,1,-2,0
2119,2,1,-1,1,-2,-1,-2,2,2,2,0
2120,0,-3,2,-1,-2,-2,-2,-2,-2,-2,0
2121,2,2,2,1,3,-2,0,-2,-2,-1,0
2122,1,-1,-2,-2,-2,1,-2,2,-3,2,0
2123,1,2,2,2,2,2,2,2,0,-2,0
2124,1,2,2,2,0,0,-2,-2,2,2,0
2125,0,-2,-2,-2,2,2,2,0,-1,2,0
2126,-2,-2,-2,-2,1,-1,-1,2,2,2,0
2127,-2,0,2,2,2,2,2,0,-2,-2,0
2128,-3,-1,-2,0,1,2,1,1,-1,-1,0
2129,0,2,2,2,1,3,1,2,2,-1,0
2130,-2,-2,-2,1,1,2,-2,3,-2,-2,0
2131,2,-2,3,-2,-2,1,2,2,-2,-2,0
2132,1,-1,-2,-2,-2,1,-2,2,-3,2,0
2133,-2,-2,-2,-2,-2,-2,-2,-2,-2,1,0
2134,2,2,2,2,-2,1,0,2,2,2,0
2135,-2,1,-3,0,-2,2,2,1,1,1,0
2136,-1,-2,-2,-1,2,2,2,-2,3,-2,0
2137,2,2,2,0,0,1,2,2,2,0,0
2138,-1,-1,0,-2,-2,-2,-2,2,-1,3,0
2139,0,3,1,2,2,2,2,2,2,2,0
2140,2,-3,2,0,-1,-2,-2,-1,0,2,0
2141,-3,-1,-2,0,1,2,1,1,-1,-1,0
2142,-2,2,2,2,2,2,2,1,3,-2,0
2143,-2,-2,-2,-2,-2,-2,-1,2,-1,3,0
2144,2,2,2,1,-2,-2,-2,-2,-2,-2,0
2145,-2,-2,2,-2,3,-2,0,1,2,1,0
2146,1,-1,-2,-2,-2,1,-2,2,-3,2,0
2147,-2,0,2,2,2,2,2,2,2,0,0
2148,2,2,2,2,2,-2,-2,-2,-2,-2,0
2149,0,2,2,2,2,-1,0,-2,0,-1,0
2150,-3,2,-3,-2,-2,2,2,2,-2,-2,0
2151,-2,-2,-2,-2,-2,-2,-2,-2,-2,1,0
2152,-2,-2,-2,-2,1,0,1,2,1,-1,0
2153,-3,2,-3,-2,-2,2,2,2,-2,-2,0
2154,-2,2,-3,-1,-2,-1,-2,-1,0,-1,0
2155,2,-1,-2,2,-3,-1,-2,-1,-2,-1,0
2156,2,2,2,2,2,2,2,2,-2,-2,0
2157,0,0,0,2,2,-2,3,-2,2,0,0
2158,3,3,-2,0,-2,-2,-2,-2,-2,-2,0
2159,-2,2,0,3,-2,1,2,0,3,-1,1
2160,1,1,-1,0,-1,1,2,2,2,2,1
2161,-1,2,0,-2,0,-1,1,-2,-1,-2,1
2162,2,2,2,2,2,1,2,2,2,1,1
2163,2,2,2,2,2,2,1,2,2,2,1
2164,2,2,2,2,2,2,0,2,2,2,1
2165,2,0,2,2,2,1,1,-1,0,-1,1
2166,1,2,2,2,-1,-2,-1,1,2,2,1
2167,-1,-2,-2,-2,2,-1,3,-1,1,2,1
2168,-2,-2,-1,-2,-1,-3,-2,-2,-2,-2,1
2169,-2,-1,-1,-2,-2,1,-3,-1,-2,-1,1
2170,-2,-2,-2,2,-2,3,-2,0,1,2,1
2171,-1,-2,2,2,2,1,2,2,2,0,1
2172,-1,-2,-2,-2,2,-1,3,-1,1,2,1
2173,-2,-2,-2,2,-2,-2,-2,1,2,2,1
2174,-2,3,-2,0,1,2,1,0,-2,0,1
2175,-2,-2,-2,2,2,2,2,-2,-2,-2,1
2176,-2,2,2,2,2,0,2,3,2,2,1
2177,1,1,-1,0,-1,1,2,2,2,2,1
2178,2,-3,2,0,2,0,3,-2,2,2,1
2179,2,0,3,-2,2,-2,-2,-2,-1,2,1
2180,2,1,0,-3,2,-2,-2,-2,-2,1,1
2181,-1,-1,1,2,0,-2,-2,-2,-1,2,1
2182,-1,0,-1,-2,-2,-2,-1,-1,-2,-2,1
2183,2,0,1,1,2,2,2,-1,-2,-1,1
2184,-3,-1,0,0,0,-1,-1,-2,-2,-2,1
2185,-2,-2,1,-1,-1,2,2,2,0,3,1
2186,0,-1,1,-2,-1,-2,1,-2,-2,1,1
2187,2,0,0,-1,-1,-1,-1,-2,2,-3,1
2188,2,0,3,-2,2,-2,-2,-2,-1,2,1
2189,-1,0,0,0,-1,-1,-2,-2,-2,1,1
2190,-1,-2,-2,-1,2,2,2,2,2,-2,1
2191,-2,-2,-1,-2,-1,-3,-2,-2,-2,-2,1
2192,-1,-2,0,-2,2,2,2,1,-1,0,1
2193,-3,2,1,-3,-1,-2,-1,-1,0,2,1
2194,-2,-1,-2,-1,-3,-2,-2,-2,-2,1,1
2195,2,2,-2,3,-1,2,0,-2,0,-1,1
2196,2,2,1,-2,-2,-2,2,-2,-2,-2,1
2197,2,-3,1,0,-2,-1,-2,-2,-2,-2,1
2198,2,0,2,0,3,-2,2,2,1,-2,1
2199,-1,-2,-1,-3,-2,-2,-2,-2,1,1,1
2200,1,1,0,1,2,-1,-1,-2,-2,-2,1
2201,3,-2,0,-3,1,-2,-1,1,1,2,1
2202,-2,-2,-2,-1,1,0,-2,-2,-2,-2,1
2203,-2,-2,-2,-2,-2,-2,-2,-2,-2,-2,1
2204,2,-2,-2,-2,-2,-2,1,2,2,-2,1
2205,-2,-2,-2,-2,-2,-2,-2,-2,1,0,1
2206,-2,-2,-2,1,2,2,1,1,2,1,1
2207,2,-2,3,-2,0,-3,1,-2,-1,1,1
2208,2,0,2,0,3,-2,2,2,1,-2,1
2209,-2,-2,-2,1,2,2,1,1,2,1,1
2210,2,2,2,0,-2,-2,2,2,2,2,1
2211,2,2,2,2,2,0,0,-1,0,-2,1
2212,2,2,2,1,2,2,2,0,2,1,1
2213,-1,-2,0,-2,2,2,2,1,-1,0,1
2214,0,-1,0,-2,-2,-2,-2,-2,-1,-1,1
2215,2,2,-2,-2,-2,-2,-2,-2,-2,1,1
2216,2,2,2,-2,-2,-2,1,2,2,1,1
2217,-1,-1,1,2,0,-2,-2,-2,-1,2,1
2218,0,-2,-2,-2,-1,2,1,2,0,0,1
2219,-2,-2,-2,-1,1,0,-2,-2,-2,-2,1
2220,2,2,-1,-1,-2,0,-2,2,2,2,1
2221,-3,-2,-2,-2,-2,-2,-2,-2,-1,-2,1
2222,-1,-2,2,2,2,1,2,2,2,0,1
2223,0,-2,-2,-2,-1,2,1,2,0,0,1
2224,-2,-1,-1,-2,-2,1,-3,-1,-2,-1,1
2225,-1,-2,-2,-2,2,-1,3,-1,1,2,1
2226,-2,-2,-2,1,1,0,2,2,2,2,1
2227,2,2,2,2,2,2,2,2,2,1,1
2228,1,1,0,0,2,2,2,2,2,-2,1
2229,2,2,-2,-2,-2,-2,-2,-2,-2,1,1
2230,2,2,2,1,3,1,2,2,-1,0,1
2231,2,2,1,-2,-2,-2,2,-2,-2,-2,1
2232,-2,-2,0,2,0,-2,-2,-2,-2,-2,1
2233,2,2,2,1,2,2,2,0,2,1,1
2234,1,1,-1,0,-1,1,2,2,2,2,1
2235,0,-1,0,-2,-2,-2,-2,-2,-1,-1,1
2236,-1,-2,-2,0,1,2,0,1,2,2,1
2237,-1,-2,0,-2,2,2,2,1,-1,0,1
2238,-3,-2,-2,-2,0,2,0,2,2,2,1
2239,-2,-1,2,2,2,2,2,1,2,0,1
2240,-1,-2,-2,0,1,2,0,1,2,2,1
2241,-1,0,-1,-2,-2,-2,-1,-1,-2,-2,1
2242,-2,-1,2,2,-1,-2,2,0,3,-2,1
2243,2,2,2,2,1,-2,-2,-1,2,0,1
2244,-2,-1,-1,-2,-2,1,-3,-1,-2,-1,1
2245,-3,2,1,-3,-1,-2,-1,-1,0,2,1
2246,2,2,2,2,2,2,2,2,2,2,1
2247,2,-1,-2,-1,0,-2,0,-1,3,0,1
2248,-3,-2,-2,-2,-2,-2,-2,-2,-1,-2,1
2249,2,2,2,2,1,-2,-2,-1,2,0,1
2250,1,2,0,3,-1,1,-2,-2,-2,-1,1
2251,2,2,-2,1,-3,0,-2,2,2,1,1
2252,-2,-1,-3,-2,-2,-2,-2,1,1,1,1
2253,0,1,2,-1,-1,-2,-2,-2,1,-3,1
2254,-1,0,0,0,-1,-1,-2,-2,-2,1,1
2255,-1,-2,-2,-1,2,2,2,2,2,-2,1
2256,-2,2,2,2,1,2,2,2,0,1,1
2257,2,2,-2,-2,-2,-2,-2,-2,-2,1,1
2258,-2,-1,-2,-1,-3,-2,-2,-2,-2,1,1
2259,2,1,-2,-2,-2,-2,-2,-2,0,-1,1
2260,1,0,1,1,-2,2,-3,2,0,-3,1
2261,0,-2,-2,-2,-1,2,1,2,0,0,1
2262,-2,0,0,0,2,2,2,2,2,2,1
2263,0,-1,3,0,1,-2,0,2,2,2,1
2264,-2,-2,-2,1,1,0,2,2,2,2,1
2265,-3,2,1,-3,-1,-2,-1,-1,0,2,1
2266,0,-1,3,0,1,-2,0,2,2,2,1
2267,-1,-2,-2,-2,1,1,-1,-2,-1,-1,1
2268,0,-1,3,0,1,-2,0,2,2,2,1
2269,-3,2,2,2,2,2,2,2,1,-1,1
2270,-2,1,2,2,-2,1,2,-2,3,-2,1
2271,-2,-2,-2,-2,0,-3,2,1,2,2,1
2272,2,-2,1,2,2,2,2,2,0,0,1
2273,2,0,2,0,3,-2,2,2,1,-2,1
2274,2,2,2,-2,1,-3,0,-2,2,2,1
2275,-3,-2,-2,-2,0,2,0,2,2,2,1
2276,1,2,0,3,-1,1,-2,-2,-2,-1,1
2277,-2,-2,-1,-2,-1,-3,-2,-2,-2,-2,1
2278,2,2,1,-2,-2,-2,2,-2,-2,-2,1
2279,-3,2,2,2,2,2,2,2,1,-1,1
2280,0,1,2,2,2,2,2,2,-1,-1,1
2281,2,2,-2,-2,-2,-2,-2,-2,-2,1,1
2282,2,-2,-2,-2,-2,-2,1,2,2,-2,1
2283,-2,-1,-1,-2,-2,1,-3,-1,-2,-1,1
2284,2,1,-2,-2,-2,1,-1,-2,-2,-2,1
2285,-3,-1,0,0,0,-1,-1,-2,-2,-2,1
2286,0,-1,0,-2,-2,-2,-2,-2,-1,-1,1
2287,2,2,2,2,1,-2,-2,-1,2,0,1
2288,2,2,2,2,2,2,2,2,2,2,1
2289,-2,1,1,-1,-2,-1,-1,1,-1,-2,1
2290,1,2,1,-1,2,2,2,2,2,-2,1
2291,2,-1,-2,-2,-1,2,2,2,2,2,1
2292,2,2,2,2,2,2,2,2,2,1,1
2293,1,2,2,-2,1,2,-2,3,-2,1,1
2294,2,0,1,1,2,2,2,-1,-2,-1,1
2295,3,0,-2,-2,-1,1,-1,-2,-2,2,1
2296,2,2,2,2,2,2,1,2,2,2,1
2297,2,2,2,2,2,2,1,2,2,2,1
2298,2,2,-2,1,-3,0,-2,2,2,1,1
2299,2,2,-2,1,-3,0,-2,2,2,1,1
2300,2,2,2,2,-2,-2,-2,1,2,2,1
2301,2,-3,1,0,-2,-1,-2,-2,-2,-2,1
2302,-2,-2,-2,2,-2,3,-2,0,1,2,1
2303,-1,-2,2,2,2,1,2,2,2,0,1
2304,-2,-2,-2,-2,2,2,2,2,2,2,1
2305,2,2,2,2,2,0,0,-1,0,-2,1
2306,2,2,2,2,2,2,2,2,2,1,1
2307,-1,-1,1,2,0,-2,-2,-2,-1,2,1
2308,-3,2,1,-3,-1,-2,-1,-1,0,2,1
2309,1,2,2,-2,1,2,-2,3,-2,1,1
2310,2,1,0,-3,2,-2,-2,-2,-2,1,1
2311,0,-1,0,-2,-2,-2,-2,-2,-1,-1,1
2312,-1,-2,-2,-2,2,-1,3,-1,1,2,1
2313,-3,-1,0,0,0,-1,-1,-2,-2,-2,1
2314,2,2,2,-2,1,-3,0,-2,2,2,1
2315,-1,-2,-2,0,1,2,0,1,2,2,1
2316,2,2,1,0,-3,2,-2,-2,-2,-2,1
2317,2,1,0,-3,2,-2,-2,-2,-2,1,1
2318,0,1,2,-1,-1,-2,-2,-2,1,-3,1
2319,-1,-2,-2,0,1,2,0,1,2,2,1
2320,1,1,0,0,2,2,2,2,2,-2,1
2321,2,2,2,-1,-2,-2,-2,-2,0,-2,1
2322,2,2,2,2,2,0,0,-1,0,-2,1
2323,-2,2,2,2,1,2,2,2,0,1,1
2324,0,-1,1,-2,-1,-2,1,-2,-2,1,1
2325,-2,-1,2,2,-1,-2,2,0,3,-2,1
2326,-2,-2,-2,-2,1,-1,-2,2,-3,2,1
2327,2,2,2,2,2,1,2,2,2,1,1
2328,0,1,2,-1,-1,-2,-2,-2,1,-3,1
2329,2,0,2,0,3,-2,2,2,1,-2,1
2330,2,0,2,2,2,1,1,-1,0,-1,1
2331,-2,-2,-2,1,1,0,2,2,2,2,1
2332,-2,-1,2,2,2,2,2,1,2,0,1
2333,-2,-1,0,2,-1,3,0,-2,-2,-1,1
2334,1,2,1,-1,2,2,2,2,2,-2,1
2335,2,-2,3,-2,0,-3,1,-2,-1,1,1
2336,-2,-2,-1,-1,-2,-2,0,1,2,0,1
2337,2,2,2,2,2,2,2,-2,-1,0,1
2338,2,1,-2,-2,-2,1,-1,-2,-2,-2,1
2339,1,1,-1,0,-1,1,2,2,2,2,1
2340,1,1,0,1,2,-1,-1,-2,-2,-2,1
2341,1,2,1,-1,2,2,2,2,2,-2,1
2342,2,2,1,-1,0,1,-2,-2,-2,-2,1
2343,2,2,2,2,-2,-2,-2,1,2,2,1
2344,-2,1,1,-1,-2,-1,-1,1,-1,-2,1
2345,1,2,1,-1,2,2,2,2,2,-2,1
2346,2,2,2,2,2,0,0,-1,0,-2,1
2347,1,-1,-1,-2,-2,-2,-2,-2,1,0,1
2348,2,1,0,-3,2,-2,-2,-2,-2,1,1
2349,0,1,2,2,2,2,2,2,-1,-1,1
2350,2,2,2,2,2,2,2,2,2,1,1
2351,-3,-2,-2,-2,-2,-2,-2,-2,-1,-2,1
2352,-3,-1,0,0,0,-1,-1,-2,-2,-2,1
2353,-2,0,0,0,2,2,2,2,2,2,1
2354,2,-2,-2,-2,-1,2,1,-2,-2,-2,1
2355,2,2,2,2,2,2,1,2,2,2,1
2356,2,0,0,-1,-1,-1,-1,-2,2,-3,1
2357,2,-2,-2,-2,1,2,2,1,1,2,1
2358,2,2,2,0,-2,-2,2,2,2,2,1
2359,2,2,2,2,2,2,2,-2,-1,0,1
2360,0,2,2,2,1,-2,-2,2,-3,2,1
2361,-1,-2,0,-2,2,2,2,1,-1,0,1
2362,2,2,1,-2,-2,-2,2,-2,-2,-2,1
2363,0,-1,0,-2,-2,-2,-2,-2,-1,-1,1
2364,2,-2,-2,-2,1,2,2,1,1,2,1
2365,-2,-2,-2,1,-2,2,-3,2,0,2,1
2366,-1,-2,2,2,2,1,2,2,2,0,1
2367,-1,-2,-2,-2,1,1,-1,-2,-1,-1,1
2368,-2,-2,1,2,2,1,1,2,1,1,1
2369,2,1,0,-3,2,-2,-2,-2,-2,1,1
2370,-3,2,2,2,2,2,2,2,1,-1,1
2371,0,-2,-2,-2,-1,2,1,2,0,0,1
2372,-2,1,2,2,-2,1,2,-2,3,-2,1
2373,2,2,2,1,3,1,2,2,-1,0,1
2374,2,2,2,2,1,2,2,2,0,2,1
2375,2,2,2,-2,-2,-2,1,2,2,1,1
2376,2,2,2,2,2,2,2,-2,-1,0,1
2377,-2,-2,-1,-2,-1,-3,-2,-2,-2,-2,1
2378,2,0,2,2,2,1,1,-1,0,-1,1
2379,-2,-2,-2,-1,1,0,-2,-2,-2,-2,1
2380,2,-2,-2,-2,-2,-2,1,2,2,-2,1
2381,2,-2,-2,-2,1,2,2,1,1,2,1
2382,-2,-1,0,2,-1,3,0,-2,-2,-1,1
2383,-2,-2,-2,-2,1,-1,-2,2,-3,2,1
2384,-2,-2,-2,1,1,0,2,2,2,2,1
2385,-1,2,0,-2,0,-1,1,-2,-1,-2,1
2386,2,-3,1,0,-2,-1,-2,-2,-2,-2,1
2387,1,1,0,0,2,2,2,2,2,-2,1
2388,-1,0,-2,-2,-2,-2,-2,-1,-1,1,1
2389,1,2,1,-1,2,2,2,2,2,-2,1
2390,1,0,1,1,-2,2,-3,2,0,-3,1
2391,-1,-2,-2,-2,1,1,-1,-2,-1,-1,1
2392,-2,-2,-2,-2,-2,-2,-2,-2,1,0,1
2393,2,0,2,2,2,1,1,-1,0,-1,1
2394,2,2,2,1,3,1,2,2,-1,0,1
2395,2,-2,1,2,2,2,2,2,0,0,1
2396,-2,-2,-2,-1,1,0,-2,-2,-2,-2,1
2397,2,2,2,1,3,1,2,2,-1,0,1
2398,2,2,2,-1,-2,-2,-2,-2,0,-2,1
2399,2,2,2,2,-2,-2,-2,1,2,2,1
2400,2,1,0,-3,2,-2,-2,-2,-2,1,1
2401,-2,-1,-2,-1,-3,-2,-2,-2,-2,1,1
2402,2,2,2,2,2,2,2,2,2,2,1
2403,-1,2,0,-2,0,-1,1,-2,-1,-2,1
2404,-1,-2,2,2,2,1,2,2,2,0,1
2405,-1,0,-1,-2,-2,-2,-1,-1,-2,-2,1
2406,-2,-1,0,2,-1,3,0,-2,-2,-1,1
2407,-2,-2,-2,-2,-2,-2,-2,-2,-2,-2,1
2408,3,0,-2,-2,-1,1,-1,-2,-2,2,1
2409,0,-1,1,-2,-1,-2,1,-2,-2,1,1
2410,1,2,2,2,-1,-2,-1,1,2,2,1
2411,0,-1,1,-2,-1,-2,1,-2,-2,1,1
2412,-2,3,-2,0,1,2,1,0,-2,0,1
2413,1,2,2,2,-1,-2,-1,1,2,2,1
2414,-1,-2,-2,0,1,2,0,1,2,2,1
2415,2,-2,1,2,2,2,2,2,0,0,1
2416,-2,-2,-2,2,-2,-2,-2,1,2,2,1
2417,2,2,2,2,2,0,2,2,2,1,1
2418,0,-1,1,-2,-1,-2,1,-2,-2,1,1
2419,2,1,-2,-2,-2,-2,-2,-2,0,-1,1
2420,-3,-2,-2,-2,0,2,0,2,2,2,1
2421,-1,-2,-2,-2,-2,-2,1,0,1,2,1
2422,-1,0,-1,-2,-2,-2,-1,-1,-2,-2,1
2423,2,-3,2,0,2,0,3,-2,2,2,1
2424,1,2,2,-2,1,2,-2,3,-2,1,1
2425,2,2,-2,3,-1,2,0,-2,0,-1,1
2426,2,2,-2,-2,-2,-2,-2,-2,-2,1,1
2427,1,-1,-1,-2,-2,-2,-2,-2,1,0,1
2428,-3,-2,-2,-2,-2,-2,-2,-2,-1,-2,1
2429,2,2,2,-2,-2,-2,1,2,2,1,1
2430,-1,2,0,-2,0,-1,1,-2,-1,-2,1
2431,2,2,2,2,2,0,0,-1,0,-2,1
2432,-3,-1,0,0,0,-1,-1,-2,-2,-2,1
2433,-2,-2,-2,1,1,0,2,2,2,2,1
2434,2,2,2,-1,-2,-2,-2,-2,0,-2,1
2435,-2,-2,-2,1,2,2,1,1,2,1,1
2436,2,-1,-2,-1,0,-2,0,-1,3,0,1
2437,2,-2,-2,-2,1,2,2,1,1,2,1
2438,-2,-1,0,2,-1,3,0,-2,-2,-1,1
2439,2,2,2,2,2,0,2,2,2,1,1
2440,2,0,3,-2,2,-2,-2,-2,-1,2,1
2441,-1,-2,0,-2,2,2,2,1,-1,0,1
2442,-2,-2,-1,-1,-2,-2,0,1,2,0,1
2443,2,0,1,1,2,2,2,-1,-2,-1,1
2444,-2,-2,1,-1,-1,2,2,2,0,3,1
2445,-2,-1,0,2,-1,3,0,-2,-2,-1,1
2446,2,2,2,2,1,-2,-2,-1,2,0,1
2447,-1,2,2,2,-2,-2,-2,-2,2,2,1
2448,-2,-2,-2,-2,2,2,2,2,2,2,1
2449,-1,-2,1,-2,-2,-2,-2,-2,2,-2,3
2450,-2,1,0,1,2,1,-1,0,2,-2,3
2451,-2,1,0,1,2,1,-1,0,2,-2,3
2452,2,-2,-2,-1,2,2,-1,-2,2,0,3
2453,2,-1,3,-2,2,2,2,2,0,2,3
2454,-2,-2,-2,-2,-2,-2,1,1,2,-2,3
2455,-1,-2,1,-2,-2,-2,-2,-2,2,-2,3
2456,2,-1,-2,2,0,3,-2,1,2,0,3
2457,-2,-2,-2,-2,-2,0,1,-1,2,-2,3
2458,-2,-2,2,-3,2,-2,0,2,2,-1,3
2459,-2,-2,-2,2,2,2,2,2,2,1,3
2460,3,2,2,1,-3,2,2,2,2,2,3
2461,0,0,2,2,-1,-2,2,-3,2,-1,3
2462,0,0,2,2,-1,-2,2,-3,2,-1,3
2463,2,2,-1,-2,-2,-1,2,2,2,-2,3
2464,3,-2,1,-2,2,-3,2,0,2,0,3
2465,2,-1,3,-2,2,2,2,2,0,2,3
2466,-2,-2,-2,-2,-2,-2,1,1,2,-2,3
2467,-2,-2,-2,1,2,2,-2,1,2,-2,3
2468,2,2,1,-3,2,2,2,2,2,3,3
2469,-2,-2,-2,-2,2,-3,2,2,2,-1,3
2470,-2,1,0,1,2,1,-1,0,2,-2,3
2471,2,-1,-2,2,0,3,-2,1,2,0,3
2472,2,2,-1,-2,-2,-1,2,2,2,-2,3
2473,-1,-2,1,-2,-2,-2,-2,-2,2,-2,3
2474,2,2,-1,-2,-2,-1,2,2,2,-2,3
2475,-2,-2,-2,-2,-2,0,1,-1,2,-2,3
2476,-1,-2,1,-2,-2,-2,-2,-2,2,-2,3
2477,-2,-2,-2,-2,2,-3,2,2,2,-1,3
2478,-2,-2,2,-3,2,-2,0,2,2,-1,3
2479,-2,-2,-2,-2,-2,0,1,-1,2,-2,3
2480,-2,0,-3,1,-2,-1,1,1,2,1,3
2481,-1,-2,1,-2,-2,-2,-2,-2,2,-2,3
2482,-2,-2,-2,1,2,2,-2,1,2,-2,3
2483,2,-1,-2,2,0,3,-2,1,2,0,3
2484,2,2,-1,-2,-2,-1,2,2,2,-2,3
2485,-2,-2,-2,-2,-2,0,1,-1,2,-2,3
2486,-2,-2,-2,-2,-2,-2,1,1,2,-2,3
2487,-2,-2,-2,1,2,2,-2,1,2,-2,3
2488,0,-2,-2,-2,0,0,0,2,2,-2,3
2489,2,-1,3,-2,2,2,2,2,0,2,3
2490,3,-2,1,-2,2,-3,2,0,2,0,3
2491,-2,-2,-2,1,2,2,-2,1,2,-2,3
2492,0,0,2,2,-1,-2,2,-3,2,-1,3
2493,2,-2,-2,-2,-2,-2,-2,-1,2,-1,3
2494,2,2,2,0,2,2,2,2,2,-2,3
2495,-2,-2,-2,-2,-2,-2,1,1,2,-2,3
2496,2,2,-1,-2,-2,-1,2,2,2,-2,3
2497,-2,-2,-2,1,2,2,-2,1,2,-2,3
2498,2,2,1,-3,2,2,2,2,2,3,3
2499,2,2,1,-3,2,2,2,2,2,3,3
2500,2,-2,-2,-1,2,2,-1,-2,2,0,3
2501,-2,-2,-2,-2,-2,-2,1,1,2,-2,3
2502,-2,-2,-2,-2,-2,0,1,-1,2,-2,3
2503,-2,1,0,1,2,1,-1,0,2,-2,3
2504,-2,-2,-2,2,2,2,2,2,2,1,3
2505,3,-2,1,-2,2,-3,2,0,2,0,3
2506,2,-1,3,-2,2,2,2,2,0,2,3
2507,-2,-2,-2,2,2,2,2,2,2,1,3
2508,3,2,2,1,-3,2,2,2,2,2,3
2509,2,-1,3,-2,2,2,2,2,0,2,3
2510,3,2,2,1,-3,2,2,2,2,2,3
2511,2,2,2,0,2,2,2,2,2,-2,3
2512,3,-2,1,-2,2,-3,2,0,2,0,3
2513,0,0,2,2,-1,-2,2,-3,2,-1,3
2514,1,2,2,2,2,-1,-2,2,2,-1,3
2515,2,-1,-2,2,0,3,-2,1,2,0,3
2516,2,-1,-1,0,-2,-2,-2,-2,2,-1,3
2517,-2,-2,-2,-2,-2,0,1,-1,2,-2,3
2518,2,2,2,0,2,2,2,2,2,-2,3
2519,2,-1,3,-2,2,2,2,2,0,2,3
2520,2,2,1,-3,2,2,2,2,2,3,3
2521,-2,-2,-2,-2,-2,0,1,-1,2,-2,3
2522,-2,2,2,-1,-2,-1,0,-2,0,-1,3
2523,0,1,2,-2,-2,-2,-2,2,2,-2,3
2524,1,2,2,2,2,-1,-2,2,2,-1,3
2525,2,-1,-1,0,-2,-2,-2,-2,2,-1,3
2526,2,2,2,0,2,2,2,2,2,-2,3
2527,-2,-2,-2,-2,-2,-2,1,1,2,-2,3
2528,2,-2,-2,-2,-2,-2,-2,-1,2,-1,3
2529,3,2,2,1,-3,2,2,2,2,2,3
2530,3,-2,1,-2,2,-3,2,0,2,0,3
2531,2,2,1,-3,2,2,2,2,2,3,3
2532,-2,-2,-2,-2,-2,-2,1,1,2,-2,3
2533,0,0,2,2,-1,-2,2,-3,2,-1,3
2534,0,0,2,2,-1,-2,2,-3,2,-1,3
2535,2,-2,-2,-1,2,2,-1,-2,2,0,3
2536,-1,-2,1,-2,-2,-2,-2,-2,2,-2,3
2537,-2,2,2,-1,-2,-1,0,-2,0,-1,3
2538,-2,-2,-2,-2,2,-3,2,2,2,-1,3
2539,2,-1,-2,2,0,3,-2,1,2,0,3
2540,-2,2,2,-1,-2,-1,0,-2,0,-1,3
2541,2,-1,-1,0,-2,-2,-2,-2,2,-1,3
2542,2,-2,-2,-2,-2,-2,-2,-1,2,-1,3
2543,1,2,2,2,2,-1,-2,2,2,-1,3
2544,-2,-2,-2,1,2,2,-2,1,2,-2,3
2545,2,-1,3,-2,2,2,2,2,0,2,3
2546,2,-1,-1,0,-2,-2,-2,-2,2,-1,3
2547,-2,-2,-2,-2,-2,0,1,-1,2,-2,3
2548,2,-2,-2,-2,-2,-2,-2,-1,2,-1,3
2549,0,0,2,2,-1,-2,2,-3,2,-1,3
2550,-2,0,-3,1,-2,-1,1,1,2,1,3
2551,-2,-2,-2,2,2,2,2,2,2,1,3
2552,2,2,1,-3,2,2,2,2,2,3,3
2553,-2,0,-3,1,-2,-1,1,1,2,1,3
2554,-2,-2,2,-3,2,-2,0,2,2,-1,3
2555,3,2,2,1,-3,2,2,2,2,2,3
2556,-2,-2,-2,-2,-2,0,1,-1,2,-2,3
2557,1,2,2,2,2,-1,-2,2,2,-1,3
2558,-2,-2,-2,2,2,2,2,2,2,1,3
2559,2,2,1,-3,2,2,2,2,2,3,3
2560,2,2,1,-3,2,2,2,2,2,3,3
2561,3,-2,1,-2,2,-3,2,0,2,0,3
2562,-2,0,-3,1,-2,-1,1,1,2,1,3
2563,-2,0,-3,1,-2,-1,1,1,2,1,3
2564,-2,-2,2,-3,2,-2,0,2,2,-1,3
2565,2,2,1,-3,2,2,2,2,2,3,3
2566,1,2,2,2,2,-1,-2,2,2,-1,3
2567,3,-2,1,-2,2,-3,2,0,2,0,3
2568,2,-1,-2,2,0,3,-2,1,2,0,3
2569,2,-2,-2,-2,-2,-2,-2,-1,2,-1,3
2570,2,-1,3,-2,2,2,2,2,0,2,3
2571,-2,0,-3,1,-2,-1,1,1,2,1,3
2572,2,2,2,0,2,2,2,2,2,-2,3
2573,2,-1,3,-2,2,2,2,2,0,2,3
2574,-2,-2,-2,-2,2,-3,2,2,2,-1,3
2575,3,-2,1,-2,2,-3,2,0,2,0,3
2576,-2,2,2,-1,-2,-1,0,-2,0,-1,3
2577,2,2,-1,-2,-2,-1,2,2,2,-2,3
2578,2,-2,-2,-2,-2,-2,-2,-1,2,-1,3
2579,-2,0,-3,1,-2,-1,1,1,2,1,3
2580,-2,-2,-2,-2,2,-3,2,2,2,-1,3
2581,1,2,2,2,2,-1,-2,2,2,-1,3
2582,2,-1,-2,2,0,3,-2,1,2,0,3
2583,1,2,2,2,2,-1,-2,2,2,-1,3
2584,3,2,2,1,-3,2,2,2,2,2,3
2585,2,-1,-1,0,-2,-2,-2,-2,2,-1,3
2586,2,2,1,-3,2,2,2,2,2,3,3
2587,2,2,2,0,2,2,2,2,2,-2,3
2588,-1,-2,1,-2,-2,-2,-2,-2,2,-2,3
2589,-2,-2,-2,-2,-2,-2,1,1,2,-2,3
2590,-2,-2,2,2,2,2,2,2,2,-1,3
2591,-2,2,2,-1,-2,-1,0,-2,0,-1,3
2592,2,2,-1,-2,-2,-1,2,2,2,-2,3
2593,2,-1,3,-2,2,2,2,2,0,2,3
2594,2,-1,-2,2,0,3,-2,1,2,0,3
2595,2,-2,-2,-2,-2,-2,-2,-1,2,-1,3
2596,-1,-2,1,-2,-2,-2,-2,-2,2,-2,3
2597,2,-1,3,-2,2,2,2,2,0,2,3
2598,-1,-2,1,-2,-2,-2,-2,-2,2,-2,3
2599,-2,-2,-2,2,2,2,2,2,2,1,3
2600,3,2,2,1,-3,2,2,2,2,2,3
2601,2,-2,-2,-1,2,2,-1,-2,2,0,3
2602,-2,-2,-2,-2,2,-3,2,2,2,-1,3
2603,0,1,2,-2,-2,-2,-2,2,2,-2,3
2604,0,-2,-2,-2,0,0,0,2,2,-2,3
2605,0,1,2,-2,-2,-2,-2,2,2,-2,3
2606,2,-1,3,-2,2,2,2,2,0,2,3
2607,-2,-2,2,2,2,2,2,2,2,-1,3
2608,2,2,2,0,2,2,2,2,2,-2,3
2609,0,0,2,2,-1,-2,2,-3,2,-1,3
2610,-2,-2,-2,2,2,2,2,2,2,1,3
2611,2,-1,3,-2,2,2,2,2,0,2,3
2612,-2,-2,-2,1,2,2,-2,1,2,-2,3
2613,0,0,2,2,-1,-2,2,-3,2,-1,3
2614,-2,1,0,1,2,1,-1,0,2,-2,3
2615,-2,-2,-2,2,2,2,2,2,2,1,3
2616,2,2,2,0,2,2,2,2,2,-2,3
2617,2,2,2,0,2,2,2,2,2,-2,3
2618,1,2,2,2,2,-1,-2,2,2,-1,3
2619,0,0,2,2,-1,-2,2,-3,2,-1,3
2620,-2,-2,-2,2,2,2,2,2,2,1,3
2621,-2,-2,-2,-2,-2,0,1,-1,2,-2,3
2622,-2,-2,-2,2,2,2,2,2,2,1,3
2623,3,-2,1,-2,2,-3,2,0,2,0,3
2624,0,1,2,-2,-2,-2,-2,2,2,-2,3
2625,-2,-2,-2,-2,-2,-2,1,1,2,-2,3
2626,3,-2,1,-2,2,-3,2,0,2,0,3
2627,-2,-2,-2,-2,2,-3,2,2,2,-1,3
2628,2,-2,-2,-1,2,2,-1,-2,2,0,3
2629,3,2,2,1,-3,2,2,2,2,2,3
2630,2,-2,-2,-1,2,2,-1,-2,2,0,3
2631,-2,0,-3,1,-2,-1,1,1,2,1,3
2632,-2,-2,-2,1,2,2,-2,1,2,-2,3
2633,-2,-2,-2,-2,-2,-2,1,1,2,-2,3
2634,-2,0,-3,1,-2,-1,1,1,2,1,3
2635,-2,-2,-2,-2,-2,0,1,-1,2,-2,3
2636,3,-2,1,-2,2,-3,2,0,2,0,3
2637,-2,-2,2,2,2,2,2,2,2,-1,3
2638,0,-2,-2,-2,0,0,0,2,2,-2,3
2639,-1,-2,1,-2,-2,-2,-2,-2,2,-2,3
2640,-2,-2,-2,1,2,2,-2,1,2,-2,3
2641,-2,1,0,1,2,1,-1,0,2,-2,3
2642,-2,-2,-2,-2,2,-3,2,2,2,-1,3
2643,-2,-2,-2,1,2,2,-2,1,2,-2,3
2644,-2,-2,-2,-2,-2,-2,1,1,2,-2,3
2645,2,-1,-1,0,-2,-2,-2,-2,2,-1,3
2646,2,-1,-2,2,0,3,-2,1,2,0,3
2647,2,2,-1,-2,-2,-1,2,2,2,-2,3
2648,-2,-2,-2,-2,2,-3,2,2,2,-1,3
2649,0,0,2,2,-1,-2,2,-3,2,-1,3
2650,0,0,2,2,-1,-2,2,-3,2,-1,3
2651,-1,-2,1,-2,-2,-2,-2,-2,2,-2,3
2652,-2,-2,-2,-2,-2,0,1,-1,2,-2,3
2653,-2,-2,-2,-2,2,-3,2,2,2,-1,3
2654,2,2,-1,-2,-2,-1,2,2,2,-2,3
2655,-2,-2,2,2,2,2,2,2,2,-1,3
2656,-2,0,-3,1,-2,-1,1,1,2,1,3
2657,-1,-2,1,-2,-2,-2,-2,-2,2,-2,3
2658,-2,0,-3,1,-2,-1,1,1,2,1,3
2659,-2,-2,2,-3,2,-2,0,2,2,-1,3
2660,-2,-2,2,-3,2,-2,0,2,2,-1,3
2661,-2,1,0,1,2,1,-1,0,2,-2,3
2662,-2,-2,2,-3,2,-2,0,2,2,-1,3
2663,2,2,2,0,2,2,2,2,2,-2,3
2664,-2,-2,2,2,2,2,2,2,2,-1,3
2665,-2,0,-3,1,-2,-1,1,1,2,1,3
2666,2,2,-1,-2,-2,-1,2,2,2,-2,3
2667,-2,-2,2,-3,2,-2,0,2,2,-1,3
2668,-2,-2,-2,1,2,2,-2,1,2,-2,3
2669,2,-1,-2,2,0,3,-2,1,2,0,3
2670,2,-2,-2,-2,-2,-2,-2,-1,2,-1,3
2671,1,2,2,2,2,-1,-2,2,2,-1,3
2672,-2,-2,-2,2,2,2,2,2,2,1,3
2673,1,2,2,2,2,-1,-2,2,2,-1,3
2674,0,1,2,-2,-2,-2,-2,2,2,-2,3
2675,0,0,2,2,-1,-2,2,-3,2,-1,3
2676,-2,-2,-2,-2,-2,-2,1,1,2,-2,3
2677,-2,1,0,1,2,1,-1,0,2,-2,3
2678,-2,-2,-2,1,2,2,-2,1,2,-2,3
2679,3,-2,1,-2,2,-3,2,0,2,0,3
2680,2,-2,-2,-1,2,2,-1,-2,2,0,3
2681,2,2,1,-3,2,2,2,2,2,3,3
2682,-2,1,0,1,2,1,-1,0,2,-2,3
2683,2,-1,3,-2,2,2,2,2,0,2,3
2684,2,-2,-2,-1,2,2,-1,-2,2,0,3
2685,0,-2,-2,-2,0,0,0,2,2,-2,3
2686,1,2,2,2,2,-1,-2,2,2,-1,3
2687,-2,-2,-2,1,2,2,-2,1,2,-2,3
2688,-2,-2,2,2,2,2,2,2,2,-1,3
2689,2,2,1,-3,2,2,2,2,2,3,3
2690,-2,1,0,1,2,1,-1,0,2,-2,3
2691,-2,-2,-2,-2,2,-3,2,2,2,-1,3
2692,-2,2,2,-1,-2,-1,0,-2,0,-1,3
2693,-2,-2,-2,-2,-2,-2,1,1,2,-2,3
2694,0,-2,-2,-2,0,0,0,2,2,-2,3
2695,0,1,2,-2,-2,-2,-2,2,2,-2,3
2696,2,-2,-2,-1,2,2,-1,-2,2,0,3
2697,1,2,2,2,2,-1,-2,2,2,-1,3
2698,3,2,2,1,-3,2,2,2,2,2,3
2699,2,-1,-2,2,0,3,-2,1,2,0,3
2700,-2,-2,-2,2,2,2,2,2,2,1,3
2701,-1,-2,1,-2,-2,-2,-2,-2,2,-2,3
2702,0,-2,-2,-2,0,0,0,2,2,-2,3
2703,-2,2,2,-1,-2,-1,0,-2,0,-1,3
2704,0,1,2,-2,-2,-2,-2,2,2,-2,3
2705,2,-1,-2,2,0,3,-2,1,2,0,3
2706,3,-2,1,-2,2,-3,2,0,2,0,3
2707,-2,2,2,-1,-2,-1,0,-2,0,-1,3
2708,2,-1,-2,2,0,3,-2,1,2,0,3
2709,-2,-2,-2,-2,-2,-2,1,1,2,-2,3
2710,-2,-2,-2,1,2,2,-2,1,2,-2,3
2711,3,2,2,1,-3,2,2,2,2,2,3
2712,0,1,2,-2,-2,-2,-2,2,2,-2,3
2713,-2,-2,2,-3,2,-2,0,2,2,-1,3
2714,-2,-2,2,-3,2,-2,0,2,2,-1,3
2715,3,2,2,1,-3,2,2,2,2,2,3
2716,2,-1,-1,0,-2,-2,-2,-2,2,-1,3
2717,-2,-2,-2,2,2,2,2,2,2,1,3
2718,3,2,2,1,-3,2,2,2,2,2,3
2719,-2,-2,2,2,2,2,2,2,2,-1,3
2720,2,-2,-2,-2,-2,-2,-2,-1,2,-1,3
2721,-2,-2,2,-3,2,-2,0,2,2,-1,3
2722,2,-1,-2,2,0,3,-2,1,2,0,3
2723,0,1,2,-2,-2,-2,-2,2,2,-2,3
2724,0,-2,-2,-2,0,0,0,2,2,-2,3
2725,1,2,2,2,2,-1,-2,2,2,-1,3
2726,2,2,2,0,2,2,2,2,2,-2,3
2727,2,2,1,-3,2,2,2,2,2,3,3
2728,-2,-2,2,-3,2,-2,0,2,2,-1,3
2729,2,2,-1,-2,-2,-1,2,2,2,-2,3
2730,0,0,2,2,-1,-2,2,-3,2,-1,3
2731,2,-1,3,-2,2,2,2,2,0,2,3
2732,0,1,2,-2,-2,-2,-2,2,2,-2,3
2733,-2,-2,-2,-2,-2,0,1,-1,2,-2,3
2734,-2,-2,-2,-2,-2,-2,1,1,2,-2,3
2735,-2,0,-3,1,-2,-1,1,1,2,1,3
2736,-2,-2,-2,-2,-2,0,1,-1,2,-2,3
2737,-2,-2,-2,-2,2,-3,2,2,2,-1,3
2738,-2,-2,-2,-2,2,-3,2,2,2,-1,3
2739,-2,2,2,-1,-2,-1,0,-2,0,-1,3
2740,-1,-2,1,-2,-2,-2,-2,-2,2,-2,3
2741,2,2,2,0,2,2,2,2,2,-2,3
2742,0,1,2,-2,-2,-2,-2,2,2,-2,3
2743,-2,-2,-2,1,2,2,-2,1,2,-2,3
2744,-2,-2,-2,-2,-2,-2,1,1,2,-2,3
2745,-2,-2,2,2,2,2,2,2,2,-1,3
2746,-2,2,2,-1,-2,-1,0,-2,0,-1,3
2747,-2,-2,2,2,2,2,2,2,2,-1,3
2748,-2,-2,2,2,2,2,2,2,2,-1,3
2749,0,1,2,-2,-2,-2,-2,2,2,-2,3
2750,3,2,2,1,-3,2,2,2,2,2,3
2751,3,-2,1,-2,2,-3,2,0,2,0,3
2752,2,-1,3,-2,2,2,2,2,0,2,3
2753,-2,1,0,1,2,1,-1,0,2,-2,3
2754,-2,2,2,-1,-2,-1,0,-2,0,-1,3
2755,-2,-2,2,-3,2,-2,0,2,2,-1,3
2756,3,2,2,1,-3,2,2,2,2,2,3
2757,2,-1,-1,0,-2,-2,-2,-2,2,-1,3
2758,-2,1,0,1,2,1,-1,0,2,-2,3
2759,3,-2,1,-2,2,-3,2,0,2,0,3
2760,-1,-2,1,-2,-2,-2,-2,-2,2,-2,3
2761,-2,2,2,-1,-2,-1,0,-2,0,-1,3
2762,3,-2,1,-2,2,-3,2,0,2,0,3
2763,-2,-2,-2,-2,2,-3,2,2,2,-1,3
2764,2,-1,-2,2,0,3,-2,1,2,0,3
2765,2,-2,-2,-1,2,2,-1,-2,2,0,3
2766,-2,-2,-2,-2,-2,-2,1,1,2,-2,3
2767,2,2,2,0,2,2,2,2,2,-2,3
2768,2,2,1,-3,2,2,2,2,2,3,3
2769,2,-1,-2,2,0,3,-2,1,2,0,3
2770,0,1,2,-2,-2,-2,-2,2,2,-2,3
2771,3,-2,1,-2,2,-3,2,0,2,0,3
2772,2,-1,-1,0,-2,-2,-2,-2,2,-1,3
2773,2,-1,-2,2,0,3,-2,1,2,0,3
2774,2,-1,-1,0,-2,-2,-2,-2,2,-1,3
2775,0,1,2,-2,-2,-2,-2,2,2,-2,3
2776,-2,0,-3,1,-2,-1,1,1,2,1,3
2777,1,2,2,2,2,-1,-2,2,2,-1,3
2778,3,-2,1,-2,2,-3,2,0,2,0,3
2779,2,-2,-2,-2,-2,-2,-2,-1,2,-1,3
2780,2,-1,-2,2,0,3,-2,1,2,0,3
2781,2,-1,3,-2,2,2,2,2,0,2,3
2782,2,2,2,0,2,2,2,2,2,-2,3
2783,-2,-2,-2,2,2,2,2,2,2,1,3
2784,2,-2,-2,-2,-2,-2,-2,-1,2,-1,3
2785,3,2,2,1,-3,2,2,2,2,2,3
2786,2,2,2,0,2,2,2,2,2,-2,3
2787,1,2,2,2,2,-1,-2,2,2,-1,3
2788,-2,1,0,1,2,1,-1,0,2,-2,3
2789,2,-2,-2,-1,2,2,-1,-2,2,0,3
2790,0,-2,-2,-2,0,0,0,2,2,-2,3
2791,3,-2,1,-2,2,-3,2,0,2,0,3
2792,-2,-2,2,-3,2,-2,0,2,2,-1,3
2793,2,2,-1,-2,-2,-1,2,2,2,-2,3
2794,2,2,-1,-2,-2,-1,2,2,2,-2,3
2795,2,2,1,-3,2,2,2,2,2,3,3
2796,-2,2,2,-1,-2,-1,0,-2,0,-1,3
2797,-2,-2,2,2,2,2,2,2,2,-1,3
2798,-2,1,0,1,2,1,-1,0,2,-2,3
2799,2,2,1,-3,2,2,2,2,2,3,3
2800,0,1,2,-2,-2,-2,-2,2,2,-2,3
2801,2,2,2,0,2,2,2,2,2,-2,3
2802,2,2,2,0,2,2,2,2,2,-2,3
2803,-2,0,-3,1,-2,-1,1,1,2,1,3
2804,-2,-2,-2,-2,2,-3,2,2,2,-1,3
2805,2,-1,3,-2,2,2,2,2,0,2,3
2806,2,2,-1,-2,-2,-1,2,2,2,-2,3
2807,2,-1,-1,0,-2,-2,-2,-2,2,-1,3
2808,-2,0,-3,1,-2,-1,1,1,2,1,3
2809,2,-1,-1,0,-2,-2,-2,-2,2,-1,3
2810,2,-1,-2,2,0,3,-2,1,2,0,3
2811,1,2,2,2,2,-1,-2,2,2,-1,3
2812,0,1,2,-2,-2,-2,-2,2,2,-2,3
2813,2,-1,-2,2,0,3,-2,1,2,0,3
2814,2,2,2,0,2,2,2,2,2,-2,3
2815,2,-2,-2,-1,2,2,-1,-2,2,0,3
2816,-2,-2,-2,1,2,2,-2,1,2,-2,3
2817,-2,-2,-2,-2,-2,-2,1,1,2,-2,3
2818,2,-1,3,-2,2,2,2,2,0,2,3
2819,1,2,2,2,2,-1,-2,2,2,-1,3
2820,-2,0,-3,1,-2,-1,1,1,2,1,3
2821,2,-2,-2,-2,-2,-2,-2,-1,2,-1,3
2822,2,-2,-2,-1,2,2,-1,-2,2,0,3
2823,-2,1,0,1,2,1,-1,0,2,-2,3
2824,2,2,2,0,2,2,2,2,2,-2,3
2825,2,-2,-2,-2,-2,-2,-2,-1,2,-1,3
2826,2,2,-1,-2,-2,-1,2,2,2,-2,3
2827,2,-1,3,-2,2,2,2,2,0,2,3
