Region No,Group No,Action 1,Action 2,Action 3,Action 4,Action 5,Action to Next Point
1,1,0,3,3,2,1,1
1,2,3,3,2,1,1,-1
1,3,3,2,1,1,-1,-1
1,4,2,1,1,-1,-1,-2
1,5,1,1,-1,-1,-2,-3
1,6,1,-1,-1,-2,-3,-3
1,7,-1,-1,-2,-3,-3,-3
1,8,-1,-2,-3,-3,-3,-3
1,9,-2,-3,-3,-3,-3,-2
1,10,-3,-3,-3,-3,-2,-1
1,11,-3,-3,-3,-2,-1,-1
1,12,-3,-3,-2,-1,-1,1
1,13,-3,-2,-1,-1,1,1
1,14,-2,-1,-1,1,1,2
1,15,-1,-1,1,1,2,3
1,16,-1,1,1,2,3,3
1,17,1,1,2,3,3,3
1,18,1,2,3,3,3,3
1,19,2,3,3,3,3,2
1,20,3,3,3,3,2,1
1,21,3,3,3,2,1,1
1,22,3,3,2,1,1,-1
1,23,3,2,1,1,-1,-1
1,24,2,1,1,-1,-1,-2
1,25,1,1,-1,-1,-2,-3
1,26,1,-1,-1,-2,-3,-3
1,27,-1,-1,-2,-3,-3,-3
1,28,-1,-2,-3,-3,-3,-3
1,29,-2,-3,-3,-3,-3,-2
1,30,-3,-3,-3,-3,-2,-1
1,31,-3,-3,-3,-2,-1,-1
1,32,-3,-3,-2,-1,-1,1
1,33,-3,-2,-1,-1,1,1
1,34,-2,-1,-1,1,1,2
1,35,-1,-1,1,1,2,3
1,36,-1,1,1,2,3,3
1,37,1,1,2,3,3,3
1,38,1,2,3,3,3,3
1,39,2,3,3,3,3,2
1,40,3,3,3,3,2,1
1,41,3,3,3,2,1,1
1,42,3,3,2,1,1,-1
1,43,3,2,1,1,-1,-1
1,44,2,1,1,-1,-1,-2
1,45,1,1,-1,-1,-2,-3
1,46,1,-1,-1,-2,-3,-3
1,47,-1,-1,-2,-3,-3,-3
1,48,-1,-2,-3,-3,-3,-3
1,49,-2,-3,-3,-3,-3,-2
1,50,-3,-3,-3,-3,-2,-1
1,51,-3,-3,-3,-2,-1,-1
1,52,-3,-3,-2,-1,-1,1
1,53,-3,-2,-1,-1,1,1
1,54,-2,-1,-1,1,1,2
1,55,-1,-1,1,1,2,3
1,56,-1,1,1,2,3,3
1,57,1,1,2,3,3,3
1,58,1,2,3,3,3,3
1,59,2,3,3,3,3,2
1,60,3,3,3,3,2,1
1,61,3,3,3,2,1,1
1,62,3,3,2,1,1,-1
1,63,3,2,1,1,-1,-1
1,64,2,1,1,-1,-1,-2
1,65,1,1,-1,-1,-2,-3
1,66,1,-1,-1,-2,-3,-3
1,67,-1,-1,-2,-3,-3,-3
1,68,-1,-2,-3,-3,-3,-3
1,69,-2,-3,-3,-3,-3,-2
1,70,-3,-3,-3,-3,-2,-1
1,71,-3,-3,-3,-2,-1,-1
1,72,-3,-3,-2,-1,-1,1
1,73,-3,-2,-1,-1,1,1
1,74,-2,-1,-1,1,1,2
1,75,-1,-1,1,1,2,3
1,76,-1,1,1,2,3,3
1,77,1,1,2,3,3,3
1,78,1,2,3,3,3,3
1,79,2,3,3,3,3,2
1,80,3,3,3,3,2,1
1,81,3,3,3,2,1,1
1,82,3,3,2,1,1,-1
1,83,3,2,1,1,-1,-1
1,84,2,1,1,-1,-1,-2
1,85,1,1,-1,-1,-2,-3
1,86,1,-1,-1,-2,-3,-3
1,87,-1,-1,-2,-3,-3,-3
1,88,-1,-2,-3,-3,-3,-3
1,89,-2,-3,-3,-3,-3,-2
1,90,-3,-3,-3,-3,-2,-1
1,91,-3,-3,-3,-2,-1,-1
1,92,-3,-3,-2,-1,-1,1
1,93,-3,-2,-1,-1,1,1
1,94,-2,-1,-1,1,1,2
1,95,-1,-1,1,1,2,3
1,96,-1,1,1,2,3,3
1,97,1,1,2,3,3,3
1,98,1,2,3,3,3,3
1,99,2,3,3,3,3,2
1,100,3,3,3,3,2,1
1,101,3,3,3,2,1,1
1,102,3,3,2,1,1,-1
1,103,3,2,1,1,-1,-1
1,104,2,1,1,-1,-1,-2
1,105,1,1,-1,-1,-2,-3
1,106,1,-1,-1,-2,-3,-3
1,107,-1,-1,-2,-3,-3,-3
1,108,-1,-2,-3,-3,-3,-3
1,109,-2,-3,-3,-3,-3,-2
1,110,-3,-3,-3,-3,-2,-1
1,111,-3,-3,-3,-2,-1,-1
1,112,-3,-3,-2,-1,-1,1
1,113,-3,-2,-1,-1,1,1
1,114,-2,-1,-1,1,1,2
1,115,-1,-1,1,1,2,3
1,116,-1,1,1,2,3,3
1,117,1,1,2,3,3,3
1,118,1,2,3,3,3,3
1,119,2,3,3,3,3,2
1,120,3,3,3,3,2,1
1,121,3,3,3,2,1,1
1,122,3,3,2,1,1,-1
1,123,3,2,1,1,-1,-1
1,124,2,1,1,-1,-1,-2
1,125,1,1,-1,-1,-2,-3
1,126,1,-1,-1,-2,-3,-3
1,127,-1,-1,-2,-3,-3,-3
1,128,-1,-2,-3,-3,-3,-3
1,129,-2,-3,-3,-3,-3,-2
1,130,-3,-3,-3,-3,-2,-1
1,131,-3,-3,-3,-2,-1,-1
1,132,-3,-3,-2,-1,-1,1
1,133,-3,-2,-1,-1,1,1
1,134,-2,-1,-1,1,1,2
1,135,-1,-1,1,1,2,3
1,136,-1,1,1,2,3,3
1,137,1,1,2,3,3,3
1,138,1,2,3,3,3,3
1,139,2,3,3,3,3,2
1,140,3,3,3,3,2,1
1,141,3,3,3,2,1,1
1,142,3,3,2,1,1,-1
1,143,3,2,1,1,-1,-1
1,144,2,1,1,-1,-1,-2
1,145,1,1,-1,-1,-2,-3
1,146,1,-1,-1,-2,-3,-3
1,147,-1,-1,-2,-3,-3,-3
1,148,-1,-2,-3,-3,-3,-3
1,149,-2,-3,-3,-3,-3,-2
1,150,-3,-3,-3,-3,-2,-1
1,151,-3,-3,-3,-2,-1,-1
1,152,-3,-3,-2,-1,-1,1
1,153,-3,-2,-1,-1,1,1
1,154,-2,-1,-1,1,1,2
1,155,-1,-1,1,1,2,3
1,156,-1,1,1,2,3,3
1,157,1,1,2,3,3,3
1,158,1,2,3,3,3,3
1,159,2,3,3,3,3,2
1,160,3,3,3,3,2,1
1,161,3,3,3,2,1,1
1,162,3,3,2,1,1,-1
1,163,3,2,1,1,-1,-1
1,164,2,1,1,-1,-1,-2
1,165,1,1,-1,-1,-2,-3
1,166,1,-1,-1,-2,-3,-3
1,167,-1,-1,-2,-3,-3,-3
1,168,-1,-2,-3,-3,-3,-3
1,169,-2,-3,-3,-3,-3,-2
1,170,-3,-3,-3,-3,-2,-1
1,171,-3,-3,-3,-2,-1,-1
1,172,-3,-3,-2,-1,-1,1
1,173,-3,-2,-1,-1,1,1
1,174,-2,-1,-1,1,1,2
1,175,-1,-1,1,1,2,3
1,176,-1,1,1,2,3,3
1,177,1,1,2,3,3,3
1,178,1,2,3,3,3,3
1,179,2,3,3,3,3,2
1,180,3,3,3,3,2,1
1,181,3,3,3,2,1,1
1,182,3,3,2,1,1,-1
1,183,3,2,1,1,-1,-1
1,184,2,1,1,-1,-1,-2
1,185,1,1,-1,-1,-2,-3
1,186,1,-1,-1,-2,-3,-3
1,187,-1,-1,-2,-3,-3,-3
1,188,-1,-2,-3,-3,-3,-3
1,189,-2,-3,-3,-3,-3,-2
1,190,-3,-3,-3,-3,-2,-1
1,191,-3,-3,-3,-2,-1,-1
1,192,-3,-3,-2,-1,-1,1
1,193,-3,-2,-1,-1,1,1
1,194,-2,-1,-1,1,1,2
1,195,-1,-1,1,1,2,3
1,196,-1,1,1,2,3,3
1,197,1,1,2,3,3,3
1,198,1,2,3,3,3,3
1,199,2,3,3,3,3,2
1,200,3,3,3,3,2,1
1,201,3,3,3,2,1,1
1,202,3,3,2,1,1,-1
1,203,3,2,1,1,-1,-1
1,204,2,1,1,-1,-1,-2
1,205,1,1,-1,-1,-2,-3
1,206,1,-1,-1,-2,-3,-3
1,207,-1,-1,-2,-3,-3,-3
1,208,-1,-2,-3,-3,-3,-3
1,209,-2,-3,-3,-3,-3,-2
1,210,-3,-3,-3,-3,-2,-1
1,211,-3,-3,-3,-2,-1,-1
1,212,-3,-3,-2,-1,-1,1
1,213,-3,-2,-1,-1,1,1
1,214,-2,-1,-1,1,1,2
1,215,-1,-1,1,1,2,3
1,216,-1,1,1,2,3,3
1,217,1,1,2,3,3,3
1,218,1,2,3,3,3,3
1,219,2,3,3,3,3,2
1,220,3,3,3,3,2,1
1,221,3,3,3,2,1,1
1,222,3,3,2,1,1,-1
1,223,3,2,1,1,-1,-1
1,224,2,1,1,-1,-1,-2
1,225,1,1,-1,-1,-2,-3
1,226,1,-1,-1,-2,-3,-3
1,227,-1,-1,-2,-3,-3,-3
1,228,-1,-2,-3,-3,-3,-3
1,229,-2,-3,-3,-3,-3,-2
1,230,-3,-3,-3,-3,-2,-1
1,231,-3,-3,-3,-2,-1,-1
1,232,-3,-3,-2,-1,-1,1
1,233,-3,-2,-1,-1,1,1
1,234,-2,-1,-1,1,1,2
1,235,-1,-1,1,1,2,3
1,236,-1,1,1,2,3,3
1,237,1,1,2,3,3,3
1,238,1,2,3,3,3,3
1,239,2,3,3,3,3,2
1,240,3,3,3,3,2,1
1,241,3,3,3,2,1,1
1,242,3,3,2,1,1,-1
1,243,3,2,1,1,-1,-1
1,244,2,1,1,-1,-1,-2
1,245,1,1,-1,-1,-2,-3
1,246,1,-1,-1,-2,-3,-3
1,247,-1,-1,-2,-3,-3,-3
1,248,-1,-2,-3,-3,-3,-3
1,249,-2,-3,-3,-3,-3,-2
1,250,-3,-3,-3,-3,-2,-1
1,251,-3,-3,-3,-2,-1,-1
1,252,-3,-3,-2,-1,-1,1
1,253,-3,-2,-1,-1,1,1
1,254,-2,-1,-1,1,1,2
1,255,-1,-1,1,1,2,3
1,256,-1,1,1,2,3,3
1,257,1,1,2,3,3,3
1,258,1,2,3,3,3,3
1,259,2,3,3,3,3,2
1,260,3,3,3,3,2,1
1,261,3,3,3,2,1,1
1,262,3,3,2,1,1,-1
1,263,3,2,1,1,-1,-1
1,264,2,1,1,-1,-1,-2
1,265,1,1,-1,-1,-2,-3
1,266,1,-1,-1,-2,-3,-3
1,267,-1,-1,-2,-3,-3,-3
1,268,-1,-2,-3,-3,-3,-3
1,269,-2,-3,-3,-3,-3,-2
1,270,-3,-3,-3,-3,-2,-1
1,271,-3,-3,-3,-2,-1,-1
1,272,-3,-3,-2,-1,-1,1
1,273,-3,-2,-1,-1,1,1
1,274,-2,-1,-1,1,1,2
1,275,-1,-1,1,1,2,3
1,276,-1,1,1,2,3,3
1,277,1,1,2,3,3,3
1,278,1,2,3,3,3,3
1,279,2,3,3,3,3,2
1,280,3,3,3,3,2,1
1,281,3,3,3,2,1,1
1,282,3,3,2,1,1,-1
1,283,3,2,1,1,-1,-1
1,284,2,1,1,-1,-1,-2
1,285,1,1,-1,-1,-2,-3
1,286,1,-1,-1,-2,-3,-3
1,287,-1,-1,-2,-3,-3,-3
1,288,-1,-2,-3,-3,-3,-3
1,289,-2,-3,-3,-3,-3,-2
1,290,-3,-3,-3,-3,-2,-1
1,291,-3,-3,-3,-2,-1,-1
1,292,-3,-3,-2,-1,-1,1
1,293,-3,-2,-1,-1,1,1
1,294,-2,-1,-1,1,1,2
1,295,-1,-1,1,1,2,3
2,1,0,3,3,2,1,1
2,2,3,3,2,1,1,-1
2,3,3,2,1,1,-1,-1
2,4,2,1,1,-1,-1,-2
2,5,1,1,-1,-1,-2,-3
2,6,1,-1,-1,-2,-3,-3
2,7,-1,-1,-2,-3,-3,-3
2,8,-1,-2,-3,-3,-3,-3
2,9,-2,-3,-3,-3,-3,-2
2,10,-3,-3,-3,-3,-2,-1
2,11,-3,-3,-3,-2,-1,-1
2,12,-3,-3,-2,-1,-1,1
2,13,-3,-2,-1,-1,1,1
2,14,-2,-1,-1,1,1,2
2,15,-1,-1,1,1,2,3
2,16,-1,1,1,2,3,3
2,17,1,1,2,3,3,3
2,18,1,2,3,3,3,3
2,19,2,3,3,3,3,2
2,20,3,3,3,3,2,1
2,21,3,3,3,2,1,1
2,22,3,3,2,1,1,-1
2,23,3,2,1,1,-1,-1
2,24,2,1,1,-1,-1,-2
2,25,1,1,-1,-1,-2,-3
2,26,1,-1,-1,-2,-3,-3
2,27,-1,-1,-2,-3,-3,-3
2,28,-1,-2,-3,-3,-3,-3
2,29,-2,-3,-3,-3,-3,-2
2,30,-3,-3,-3,-3,-2,-1
2,31,-3,-3,-3,-2,-1,-1
2,32,-3,-3,-2,-1,-1,1
2,33,-3,-2,-1,-1,1,1
2,34,-2,-1,-1,1,1,2
2,35,-1,-1,1,1,2,3
2,36,-1,1,1,2,3,3
2,37,1,1,2,3,3,3
2,38,1,2,3,3,3,3
2,39,2,3,3,3,3,2
2,40,3,3,3,3,2,1
2,41,3,3,3,2,1,1
2,42,3,3,2,1,1,-1
2,43,3,2,1,1,-1,-1
2,44,2,1,1,-1,-1,-2
2,45,1,1,-1,-1,-2,-3
2,46,1,-1,-1,-2,-3,-3
2,47,-1,-1,-2,-3,-3,-3
2,48,-1,-2,-3,-3,-3,-3
2,49,-2,-3,-3,-3,-3,-2
2,50,-3,-3,-3,-3,-2,-1
2,51,-3,-3,-3,-2,-1,-1
2,52,-3,-3,-2,-1,-1,1
2,53,-3,-2,-1,-1,1,1
2,54,-2,-1,-1,1,1,2
2,55,-1,-1,1,1,2,3
2,56,-1,1,1,2,3,3
2,57,1,1,2,3,3,3
2,58,1,2,3,3,3,3
2,59,2,3,3,3,3,2
2,60,3,3,3,3,2,1
2,61,3,3,3,2,1,1
2,62,3,3,2,1,1,-1
2,63,3,2,1,1,-1,-1
2,64,2,1,1,-1,-1,-2
2,65,1,1,-1,-1,-2,-3
2,66,1,-1,-1,-2,-3,-3
2,67,-1,-1,-2,-3,-3,-3
2,68,-1,-2,-3,-3,-3,-3
2,69,-2,-3,-3,-3,-3,-2
2,70,-3,-3,-3,-3,-2,-1
2,71,-3,-3,-3,-2,-1,-1
2,72,-3,-3,-2,-1,-1,1
2,73,-3,-2,-1,-1,1,1
2,74,-2,-1,-1,1,1,2
2,75,-1,-1,1,1,2,3
2,76,-1,1,1,2,3,3
2,77,1,1,2,3,3,3
2,78,1,2,3,3,3,3
2,79,2,3,3,3,3,2
2,80,3,3,3,3,2,1
2,81,3,3,3,2,1,1
2,82,3,3,2,1,1,-1
2,83,3,2,1,1,-1,-1
2,84,2,1,1,-1,-1,-2
2,85,1,1,-1,-1,-2,-3
2,86,1,-1,-1,-2,-3,-3
2,87,-1,-1,-2,-3,-3,-3
2,88,-1,-2,-3,-3,-3,-3
2,89,-2,-3,-3,-3,-3,-2
2,90,-3,-3,-3,-3,-2,-1
2,91,-3,-3,-3,-2,-1,-1
2,92,-3,-3,-2,-1,-1,1
2,93,-3,-2,-1,-1,1,1
2,94,-2,-1,-1,1,1,2
2,95,-1,-1,1,1,2,3
2,96,-1,1,1,2,3,3
2,97,1,1,2,3,3,3
2,98,1,2,3,3,3,3
2,99,2,3,3,3,3,2
2,100,3,3,3,3,2,1
2,101,3,3,3,2,1,1
2,102,3,3,2,1,1,-1
2,103,3,2,1,1,-1,-1
2,104,2,1,1,-1,-1,-2
2,105,1,1,-1,-1,-2,-3
2,106,1,-1,-1,-2,-3,-3
2,107,-1,-1,-2,-3,-3,-3
2,108,-1,-2,-3,-3,-3,-3
2,109,-2,-3,-3,-3,-3,-2
2,110,-3,-3,-3,-3,-2,-1
2,111,-3,-3,-3,-2,-1,-1
2,112,-3,-3,-2,-1,-1,1
2,113,-3,-2,-1,-1,1,1
2,114,-2,-1,-1,1,1,2
2,115,-1,-1,1,1,2,3
2,116,-1,1,1,2,3,3
2,117,1,1,2,3,3,3
2,118,1,2,3,3,3,3
2,119,2,3,3,3,3,2
2,120,3,3,3,3,2,1
2,121,3,3,3,2,1,1
2,122,3,3,2,1,1,-1
2,123,3,2,1,1,-1,-1
2,124,2,1,1,-1,-1,-2
2,125,1,1,-1,-1,-2,-3
2,126,1,-1,-1,-2,-3,-3
2,127,-1,-1,-2,-3,-3,-3
2,128,-1,-2,-3,-3,-3,-3
2,129,-2,-3,-3,-3,-3,-2
2,130,-3,-3,-3,-3,-2,-1
2,131,-3,-3,-3,-2,-1,-1
2,132,-3,-3,-2,-1,-1,1
2,133,-3,-2,-1,-1,1,1
2,134,-2,-1,-1,1,1,2
2,135,-1,-1,1,1,2,3
2,136,-1,1,1,2,3,3
2,137,1,1,2,3,3,3
2,138,1,2,3,3,3,3
2,139,2,3,3,3,3,2
2,140,3,3,3,3,2,1
2,141,3,3,3,2,1,1
2,142,3,3,2,1,1,-1
2,143,3,2,1,1,-1,-1
2,144,2,1,1,-1,-1,-2
2,145,1,1,-1,-1,-2,-3
2,146,1,-1,-1,-2,-3,-3
2,147,-1,-1,-2,-3,-3,-3
2,148,-1,-2,-3,-3,-3,-3
2,149,-2,-3,-3,-3,-3,-2
2,150,-3,-3,-3,-3,-2,-1
2,151,-3,-3,-3,-2,-1,-1
2,152,-3,-3,-2,-1,-1,1
2,153,-3,-2,-1,-1,1,1
2,154,-2,-1,-1,1,1,2
2,155,-1,-1,1,1,2,3
2,156,-1,1,1,2,3,3
2,157,1,1,2,3,3,3
2,158,1,2,3,3,3,3
2,159,2,3,3,3,3,2
2,160,3,3,3,3,2,1
2,161,3,3,3,2,1,1
2,162,3,3,2,1,1,-1
2,163,3,2,1,1,-1,-1
2,164,2,1,1,-1,-1,-2
2,165,1,1,-1,-1,-2,-3
2,166,1,-1,-1,-2,-3,-3
2,167,-1,-1,-2,-3,-3,-3
2,168,-1,-2,-3,-3,-3,-3
2,169,-2,-3,-3,-3,-3,-2
2,170,-3,-3,-3,-3,-2,-1
2,171,-3,-3,-3,-2,-1,-1
2,172,-3,-3,-2,-1,-1,1
2,173,-3,-2,-1,-1,1,1
2,174,-2,-1,-1,1,1,2
2,175,-1,-1,1,1,2,3
2,176,-1,1,1,2,3,3
2,177,1,1,2,3,3,3
2,178,1,2,3,3,3,3
2,179,2,3,3,3,3,2
2,180,3,3,3,3,2,1
2,181,3,3,3,2,1,1
2,182,3,3,2,1,1,-1
2,183,3,2,1,1,-1,-1
2,184,2,1,1,-1,-1,-2
2,185,1,1,-1,-1,-2,-3
2,186,1,-1,-1,-2,-3,-3
2,187,-1,-1,-2,-3,-3,-3
2,188,-1,-2,-3,-3,-3,-3
2,189,-2,-3,-3,-3,-3,-2
2,190,-3,-3,-3,-3,-2,-1
2,191,-3,-3,-3,-2,-1,-1
2,192,-3,-3,-2,-1,-1,1
2,193,-3,-2,-1,-1,1,1
2,194,-2,-1,-1,1,1,2
2,195,-1,-1,1,1,2,3
2,196,-1,1,1,2,3,3
2,197,1,1,2,3,3,3
2,198,1,2,3,3,3,3
2,199,2,3,3,3,3,2
2,200,3,3,3,3,2,1
2,201,3,3,3,2,1,1
2,202,3,3,2,1,1,-1
2,203,3,2,1,1,-1,-1
2,204,2,1,1,-1,-1,-2
2,205,1,1,-1,-1,-2,-3
2,206,1,-1,-1,-2,-3,-3
2,207,-1,-1,-2,-3,-3,-3
2,208,-1,-2,-3,-3,-3,-3
2,209,-2,-3,-3,-3,-3,-2
2,210,-3,-3,-3,-3,-2,-1
2,211,-3,-3,-3,-2,-1,-1
2,212,-3,-3,-2,-1,-1,1
2,213,-3,-2,-1,-1,1,1
2,214,-2,-1,-1,1,1,2
2,215,-1,-1,1,1,2,3
2,216,-1,1,1,2,3,3
2,217,1,1,2,3,3,3
2,218,1,2,3,3,3,3
2,219,2,3,3,3,3,2
2,220,3,3,3,3,2,1
2,221,3,3,3,2,1,1
2,222,3,3,2,1,1,-1
2,223,3,2,1,1,-1,-1
2,224,2,1,1,-1,-1,-2
2,225,1,1,-1,-1,-2,-3
2,226,1,-1,-1,-2,-3,-3
2,227,-1,-1,-2,-3,-3,-3
2,228,-1,-2,-3,-3,-3,-3
2,229,-2,-3,-3,-3,-3,-2
2,230,-3,-3,-3,-3,-2,-1
2,231,-3,-3,-3,-2,-1,-1
2,232,-3,-3,-2,-1,-1,1
2,233,-3,-2,-1,-1,1,1
2,234,-2,-1,-1,1,1,2
2,235,-1,-1,1,1,2,3
2,236,-1,1,1,2,3,3
2,237,1,1,2,3,3,3
2,238,1,2,3,3,3,3
2,239,2,3,3,3,3,2
2,240,3,3,3,3,2,1
2,241,3,3,3,2,1,1
2,242,3,3,2,1,1,-1
2,243,3,2,1,1,-1,-1
2,244,2,1,1,-1,-1,-2
2,245,1,1,-1,-1,-2,-3
2,246,1,-1,-1,-2,-3,-3
2,247,-1,-1,-2,-3,-3,-3
2,248,-1,-2,-3,-3,-3,-3
2,249,-2,-3,-3,-3,-3,-2
2,250,-3,-3,-3,-3,-2,-1
2,251,-3,-3,-3,-2,-1,-1
2,252,-3,-3,-2,-1,-1,1
2,253,-3,-2,-1,-1,1,1
2,254,-2,-1,-1,1,1,2
2,255,-1,-1,1,1,2,3
2,256,-1,1,1,2,3,3
2,257,1,1,2,3,3,3
2,258,1,2,3,3,3,3
2,259,2,3,3,3,3,2
2,260,3,3,3,3,2,1
2,261,3,3,3,2,1,1
2,262,3,3,2,1,1,-1
2,263,3,2,1,1,-1,-1
2,264,2,1,1,-1,-1,-2
2,265,1,1,-1,-1,-2,-3
2,266,1,-1,-1,-2,-3,-3
2,267,-1,-1,-2,-3,-3,-3
2,268,-1,-2,-3,-3,-3,-3
2,269,-2,-3,-3,-3,-3,-2
2,270,-3,-3,-3,-3,-2,-1
2,271,-3,-3,-3,-2,-1,-1
2,272,-3,-3,-2,-1,-1,1
2,273,-3,-2,-1,-1,1,1
2,274,-2,-1,-1,1,1,2
2,275,-1,-1,1,1,2,3
2,276,-1,1,1,2,3,3
2,277,1,1,2,3,3,3
2,278,1,2,3,3,3,3
2,279,2,3,3,3,3,2
2,280,3,3,3,3,2,1
2,281,3,3,3,2,1,1
2,282,3,3,2,1,1,-1
2,283,3,2,1,1,-1,-1
2,284,2,1,1,-1,-1,-2
2,285,1,1,-1,-1,-2,-3
2,286,1,-1,-1,-2,-3,-3
2,287,-1,-1,-2,-3,-3,-3
2,288,-1,-2,-3,-3,-3,-3
2,289,-2,-3,-3,-3,-3,-2
2,290,-3,-3,-3,-3,-2,-1
2,291,-3,-3,-3,-2,-1,-1
2,292,-3,-3,-2,-1,-1,1
2,293,-3,-2,-1,-1,1,1
2,294,-2,-1,-1,1,1,2
2,295,-1,-1,1,1,2,3
3,1,0,3,3,2,1,1
3,2,3,3,2,1,1,-1
3,3,3,2,1,1,-1,-1
3,4,2,1,1,-1,-1,-2
3,5,1,1,-1,-1,-2,-3
3,6,1,-1,-1,-2,-3,-3
3,7,-1,-1,-2,-3,-3,-3
3,8,-1,-2,-3,-3,-3,-3
3,9,-2,-3,-3,-3,-3,-2
3,10,-3,-3,-3,-3,-2,-1
3,11,-3,-3,-3,-2,-1,-1
3,12,-3,-3,-2,-1,-1,1
3,13,-3,-2,-1,-1,1,1
3,14,-2,-1,-1,1,1,2
3,15,-1,-1,1,1,2,3
3,16,-1,1,1,2,3,3
3,17,1,1,2,3,3,3
3,18,1,2,3,3,3,3
3,19,2,3,3,3,3,2
3,20,3,3,3,3,2,1
3,21,3,3,3,2,1,1
3,22,3,3,2,1,1,-1
3,23,3,2,1,1,-1,-1
3,24,2,1,1,-1,-1,-2
3,25,1,1,-1,-1,-2,-3
3,26,1,-1,-1,-2,-3,-3
3,27,-1,-1,-2,-3,-3,-3
3,28,-1,-2,-3,-3,-3,-3
3,29,-2,-3,-3,-3,-3,-2
3,30,-3,-3,-3,-3,-2,-1
3,31,-3,-3,-3,-2,-1,-1
3,32,-3,-3,-2,-1,-1,1
3,33,-3,-2,-1,-1,1,1
3,34,-2,-1,-1,1,1,2
3,35,-1,-1,1,1,2,3
3,36,-1,1,1,2,3,3
3,37,1,1,2,3,3,3
3,38,1,2,3,3,3,3
3,39,2,3,3,3,3,2
3,40,3,3,3,3,2,1
3,41,3,3,3,2,1,1
3,42,3,3,2,1,1,-1
3,43,3,2,1,1,-1,-1
3,44,2,1,1,-1,-1,-2
3,45,1,1,-1,-1,-2,-3
3,46,1,-1,-1,-2,-3,-3
3,47,-1,-1,-2,-3,-3,-3
3,48,-1,-2,-3,-3,-3,-3
3,49,-2,-3,-3,-3,-3,-2
3,50,-3,-3,-3,-3,-2,-1
3,51,-3,-3,-3,-2,-1,-1
3,52,-3,-3,-2,-1,-1,1
3,53,-3,-2,-1,-1,1,1
3,54,-2,-1,-1,1,1,2
3,55,-1,-1,1,1,2,3
3,56,-1,1,1,2,3,3
3,57,1,1,2,3,3,3
3,58,1,2,3,3,3,3
3,59,2,3,3,3,3,2
3,60,3,3,3,3,2,1
3,61,3,3,3,2,1,1
3,62,3,3,2,1,1,-1
3,63,3,2,1,1,-1,-1
3,64,2,1,1,-1,-1,-2
3,65,1,1,-1,-1,-2,-3
3,66,1,-1,-1,-2,-3,-3
3,67,-1,-1,-2,-3,-3,-3
3,68,-1,-2,-3,-3,-3,-3
3,69,-2,-3,-3,-3,-3,-2
3,70,-3,-3,-3,-3,-2,-1
3,71,-3,-3,-3,-2,-1,-1
3,72,-3,-3,-2,-1,-1,1
3,73,-3,-2,-1,-1,1,1
3,74,-2,-1,-1,1,1,2
3,75,-1,-1,1,1,2,3
3,76,-1,1,1,2,3,3
3,77,1,1,2,3,3,3
3,78,1,2,3,3,3,3
3,79,2,3,3,3,3,2
3,80,3,3,3,3,2,1
3,81,3,3,3,2,1,1
3,82,3,3,2,1,1,-1
3,83,3,2,1,1,-1,-1
3,84,2,1,1,-1,-1,-2
3,85,1,1,-1,-1,-2,-3
3,86,1,-1,-1,-2,-3,-3
3,87,-1,-1,-2,-3,-3,-3
3,88,-1,-2,-3,-3,-3,-3
3,89,-2,-3,-3,-3,-3,-2
3,90,-3,-3,-3,-3,-2,-1
3,91,-3,-3,-3,-2,-1,-1
3,92,-3,-3,-2,-1,-1,1
3,93,-3,-2,-1,-1,1,1
3,94,-2,-1,-1,1,1,2
3,95,-1,-1,1,1,2,3
3,96,-1,1,1,2,3,3
3,97,1,1,2,3,3,3
3,98,1,2,3,3,3,3
3,99,2,3,3,3,3,2
3,100,3,3,3,3,2,1
3,101,3,3,3,2,1,1
3,102,3,3,2,1,1,-1
3,103,3,2,1,1,-1,-1
3,104,2,1,1,-1,-1,-2
3,105,1,1,-1,-1,-2,-3
3,106,1,-1,-1,-2,-3,-3
3,107,-1,-1,-2,-3,-3,-3
3,108,-1,-2,-3,-3,-3,-3
3,109,-2,-3,-3,-3,-3,-2
3,110,-3,-3,-3,-3,-2,-1
3,111,-3,-3,-3,-2,-1,-1
3,112,-3,-3,-2,-1,-1,1
3,113,-3,-2,-1,-1,1,1
3,114,-2,-1,-1,1,1,2
3,115,-1,-1,1,1,2,3
3,116,-1,1,1,2,3,3
3,117,1,1,2,3,3,3
3,118,1,2,3,3,3,3
3,119,2,3,3,3,3,2
3,120,3,3,3,3,2,1
3,121,3,3,3,2,1,1
3,122,3,3,2,1,1,-1
3,123,3,2,1,1,-1,-1
3,124,2,1,1,-1,-1,-2
3,125,1,1,-1,-1,-2,-3
3,126,1,-1,-1,-2,-3,-3
3,127,-1,-1,-2,-3,-3,-3
3,128,-1,-2,-3,-3,-3,-3
3,129,-2,-3,-3,-3,-3,-2
3,130,-3,-3,-3,-3,-2,-1
3,131,-3,-3,-3,-2,-1,-1
3,132,-3,-3,-2,-1,-1,1
3,133,-3,-2,-1,-1,1,1
3,134,-2,-1,-1,1,1,2
3,135,-1,-1,1,1,2,3
3,136,-1,1,1,2,3,3
3,137,1,1,2,3,3,3
3,138,1,2,3,3,3,3
3,139,2,3,3,3,3,2
3,140,3,3,3,3,2,1
3,141,3,3,3,2,1,1
3,142,3,3,2,1,1,-1
3,143,3,2,1,1,-1,-1
3,144,2,1,1,-1,-1,-2
3,145,1,1,-1,-1,-2,-3
3,146,1,-1,-1,-2,-3,-3
3,147,-1,-1,-2,-3,-3,-3
3,148,-1,-2,-3,-3,-3,-3
3,149,-2,-3,-3,-3,-3,-2
3,150,-3,-3,-3,-3,-2,-1
3,151,-3,-3,-3,-2,-1,-1
3,152,-3,-3,-2,-1,-1,1
3,153,-3,-2,-1,-1,1,1
3,154,-2,-1,-1,1,1,2
3,155,-1,-1,1,1,2,3
3,156,-1,1,1,2,3,3
3,157,1,1,2,3,3,3
3,158,1,2,3,3,3,3
3,159,2,3,3,3,3,2
3,160,3,3,3,3,2,1
3,161,3,3,3,2,1,1
3,162,3,3,2,1,1,-1
3,163,3,2,1,1,-1,-1
3,164,2,1,1,-1,-1,-2
3,165,1,1,-1,-1,-2,-3
3,166,1,-1,-1,-2,-3,-3
3,167,-1,-1,-2,-3,-3,-3
3,168,-1,-2,-3,-3,-3,-3
3,169,-2,-3,-3,-3,-3,-2
3,170,-3,-3,-3,-3,-2,-1
3,171,-3,-3,-3,-2,-1,-1
3,172,-3,-3,-2,-1,-1,1
3,173,-3,-2,-1,-1,1,1
3,174,-2,-1,-1,1,1,2
3,175,-1,-1,1,1,2,3
3,176,-1,1,1,2,3,3
3,177,1,1,2,3,3,3
3,178,1,2,3,3,3,3
3,179,2,3,3,3,3,2
3,180,3,3,3,3,2,1
3,181,3,3,3,2,1,1
3,182,3,3,2,1,1,-1
3,183,3,2,1,1,-1,-1
3,184,2,1,1,-1,-1,-2
3,185,1,1,-1,-1,-2,-3
3,186,1,-1,-1,-2,-3,-3
3,187,-1,-1,-2,-3,-3,-3
3,188,-1,-2,-3,-3,-3,-3
3,189,-2,-3,-3,-3,-3,-2
3,190,-3,-3,-3,-3,-2,-1
3,191,-3,-3,-3,-2,-1,-1
3,192,-3,-3,-2,-1,-1,1
3,193,-3,-2,-1,-1,1,1
3,194,-2,-1,-1,1,1,2
3,195,-1,-1,1,1,2,3
3,196,-1,1,1,2,3,3
3,197,1,1,2,3,3,3
3,198,1,2,3,3,3,3
3,199,2,3,3,3,3,2
3,200,3,3,3,3,2,1
3,201,3,3,3,2,1,1
3,202,3,3,2,1,1,-1
3,203,3,2,1,1,-1,-1
3,204,2,1,1,-1,-1,-2
3,205,1,1,-1,-1,-2,-3
3,206,1,-1,-1,-2,-3,-3
3,207,-1,-1,-2,-3,-3,-3
3,208,-1,-2,-3,-3,-3,-3
3,209,-2,-3,-3,-3,-3,-2
3,210,-3,-3,-3,-3,-2,-1
3,211,-3,-3,-3,-2,-1,-1
3,212,-3,-3,-2,-1,-1,1
3,213,-3,-2,-1,-1,1,1
3,214,-2,-1,-1,1,1,2
3,215,-1,-1,1,1,2,3
3,216,-1,1,1,2,3,3
3,217,1,1,2,3,3,3
3,218,1,2,3,3,3,3
3,219,2,3,3,3,3,2
3,220,3,3,3,3,2,1
3,221,3,3,3,2,1,1
3,222,3,3,2,1,1,-1
3,223,3,2,1,1,-1,-1
3,224,2,1,1,-1,-1,-2
3,225,1,1,-1,-1,-2,-3
3,226,1,-1,-1,-2,-3,-3
3,227,-1,-1,-2,-3,-3,-3
3,228,-1,-2,-3,-3,-3,-3
3,229,-2,-3,-3,-3,-3,-2
3,230,-3,-3,-3,-3,-2,-1
3,231,-3,-3,-3,-2,-1,-1
3,232,-3,-3,-2,-1,-1,1
3,233,-3,-2,-1,-1,1,1
3,234,-2,-1,-1,1,1,2
3,235,-1,-1,1,1,2,3
3,236,-1,1,1,2,3,3
3,237,1,1,2,3,3,3
3,238,1,2,3,3,3,3
3,239,2,3,3,3,3,2
3,240,3,3,3,3,2,1
3,241,3,3,3,2,1,1
3,242,3,3,2,1,1,-1
3,243,3,2,1,1,-1,-1
3,244,2,1,1,-1,-1,-2
3,245,1,1,-1,-1,-2,-3
3,246,1,-1,-1,-2,-3,-3
3,247,-1,-1,-2,-3,-3,-3
3,248,-1,-2,-3,-3,-3,-3
3,249,-2,-3,-3,-3,-3,-2
3,250,-3,-3,-3,-3,-2,-1
3,251,-3,-3,-3,-2,-1,-1
3,252,-3,-3,-2,-1,-1,1
3,253,-3,-2,-1,-1,1,1
3,254,-2,-1,-1,1,1,2
3,255,-1,-1,1,1,2,3
3,256,-1,1,1,2,3,3
3,257,1,1,2,3,3,3
3,258,1,2,3,3,3,3
3,259,2,3,3,3,3,2
3,260,3,3,3,3,2,1
3,261,3,3,3,2,1,1
3,262,3,3,2,1,1,-1
3,263,3,2,1,1,-1,-1
3,264,2,1,1,-1,-1,-2
3,265,1,1,-1,-1,-2,-3
3,266,1,-1,-1,-2,-3,-3
3,267,-1,-1,-2,-3,-3,-3
3,268,-1,-2,-3,-3,-3,-3
3,269,-2,-3,-3,-3,-3,-2
3,270,-3,-3,-3,-3,-2,-1
3,271,-3,-3,-3,-2,-1,-1
3,272,-3,-3,-2,-1,-1,1
3,273,-3,-2,-1,-1,1,1
3,274,-2,-1,-1,1,1,2
3,275,-1,-1,1,1,2,3
3,276,-1,1,1,2,3,3
3,277,1,1,2,3,3,3
3,278,1,2,3,3,3,3
3,279,2,3,3,3,3,2
3,280,3,3,3,3,2,1
3,281,3,3,3,2,1,1
3,282,3,3,2,1,1,-1
3,283,3,2,1,1,-1,-1
3,284,2,1,1,-1,-1,-2
3,285,1,1,-1,-1,-2,-3
3,286,1,-1,-1,-2,-3,-3
3,287,-1,-1,-2,-3,-3,-3
3,288,-1,-2,-3,-3,-3,-3
3,289,-2,-3,-3,-3,-3,-2
3,290,-3,-3,-3,-3,-2,-1
3,291,-3,-3,-3,-2,-1,-1
3,292,-3,-3,-2,-1,-1,1
3,293,-3,-2,-1,-1,1,1
3,294,-2,-1,-1,1,1,2
3,295,-1,-1,1,1,2,3
4,1,0,3,3,2,1,1
4,2,3,3,2,1,1,-1
4,3,3,2,1,1,-1,-1
4,4,2,1,1,-1,-1,-2
4,5,1,1,-1,-1,-2,-3
4,6,1,-1,-1,-2,-3,-3
4,7,-1,-1,-2,-3,-3,-3
4,8,-1,-2,-3,-3,-3,-3
4,9,-2,-3,-3,-3,-3,-2
4,10,-3,-3,-3,-3,-2,-1
4,11,-3,-3,-3,-2,-1,-1
4,12,-3,-3,-2,-1,-1,1
4,13,-3,-2,-1,-1,1,1
4,14,-2,-1,-1,1,1,2
4,15,-1,-1,1,1,2,3
4,16,-1,1,1,2,3,3
4,17,1,1,2,3,3,3
4,18,1,2,3,3,3,3
4,19,2,3,3,3,3,2
4,20,3,3,3,3,2,1
4,21,3,3,3,2,1,1
4,22,3,3,2,1,1,-1
4,23,3,2,1,1,-1,-1
4,24,2,1,1,-1,-1,-2
4,25,1,1,-1,-1,-2,-3
4,26,1,-1,-1,-2,-3,-3
4,27,-1,-1,-2,-3,-3,-3
4,28,-1,-2,-3,-3,-3,-3
4,29,-2,-3,-3,-3,-3,-2
4,30,-3,-3,-3,-3,-2,-1
4,31,-3,-3,-3,-2,-1,-1
4,32,-3,-3,-2,-1,-1,1
4,33,-3,-2,-1,-1,1,1
4,34,-2,-1,-1,1,1,2
4,35,-1,-1,1,1,2,3
4,36,-1,1,1,2,3,3
4,37,1,1,2,3,3,3
4,38,1,2,3,3,3,3
4,39,2,3,3,3,3,2
4,40,3,3,3,3,2,1
4,41,3,3,3,2,1,1
4,42,3,3,2,1,1,-1
4,43,3,2,1,1,-1,-1
4,44,2,1,1,-1,-1,-2
4,45,1,1,-1,-1,-2,-3
4,46,1,-1,-1,-2,-3,-3
4,47,-1,-1,-2,-3,-3,-3
4,48,-1,-2,-3,-3,-3,-3
4,49,-2,-3,-3,-3,-3,-2
4,50,-3,-3,-3,-3,-2,-1
4,51,-3,-3,-3,-2,-1,-1
4,52,-3,-3,-2,-1,-1,1
4,53,-3,-2,-1,-1,1,1
4,54,-2,-1,-1,1,1,2
4,55,-1,-1,1,1,2,3
4,56,-1,1,1,2,3,3
4,57,1,1,2,3,3,3
4,58,1,2,3,3,3,3
4,59,2,3,3,3,3,2
4,60,3,3,3,3,2,1
4,61,3,3,3,2,1,1
4,62,3,3,2,1,1,-1
4,63,3,2,1,1,-1,-1
4,64,2,1,1,-1,-1,-2
4,65,1,1,-1,-1,-2,-3
4,66,1,-1,-1,-2,-3,-3
4,67,-1,-1,-2,-3,-3,-3
4,68,-1,-2,-3,-3,-3,-3
4,69,-2,-3,-3,-3,-3,-2
4,70,-3,-3,-3,-3,-2,-1
4,71,-3,-3,-3,-2,-1,-1
4,72,-3,-3,-2,-1,-1,1
4,73,-3,-2,-1,-1,1,1
4,74,-2,-1,-1,1,1,2
4,75,-1,-1,1,1,2,3
4,76,-1,1,1,2,3,3
4,77,1,1,2,3,3,3
4,78,1,2,3,3,3,3
4,79,2,3,3,3,3,2
4,80,3,3,3,3,2,1
4,81,3,3,3,2,1,1
4,82,3,3,2,1,1,-1
4,83,3,2,1,1,-1,-1
4,84,2,1,1,-1,-1,-2
4,85,1,1,-1,-1,-2,-3
4,86,1,-1,-1,-2,-3,-3
4,87,-1,-1,-2,-3,-3,-3
4,88,-1,-2,-3,-3,-3,-3
4,89,-2,-3,-3,-3,-3,-2
4,90,-3,-3,-3,-3,-2,-1
4,91,-3,-3,-3,-2,-1,-1
4,92,-3,-3,-2,-1,-1,1
4,93,-3,-2,-1,-1,1,1
4,94,-2,-1,-1,1,1,2
4,95,-1,-1,1,1,2,3
4,96,-1,1,1,2,3,3
4,97,1,1,2,3,3,3
4,98,1,2,3,3,3,3
4,99,2,3,3,3,3,2
4,100,3,3,3,3,2,1
4,101,3,3,3,2,1,1
4,102,3,3,2,1,1,-1
4,103,3,2,1,1,-1,-1
4,104,2,1,1,-1,-1,-2
4,105,1,1,-1,-1,-2,-3
4,106,1,-1,-1,-2,-3,-3
4,107,-1,-1,-2,-3,-3,-3
4,108,-1,-2,-3,-3,-3,-3
4,109,-2,-3,-3,-3,-3,-2
4,110,-3,-3,-3,-3,-2,-1
4,111,-3,-3,-3,-2,-1,-1
4,112,-3,-3,-2,-1,-1,1
4,113,-3,-2,-1,-1,1,1
4,114,-2,-1,-1,1,1,2
4,115,-1,-1,1,1,2,3
4,116,-1,1,1,2,3,3
4,117,1,1,2,3,3,3
4,118,1,2,3,3,3,3
4,119,2,3,3,3,3,2
4,120,3,3,3,3,2,1
4,121,3,3,3,2,1,1
4,122,3,3,2,1,1,-1
4,123,3,2,1,1,-1,-1
4,124,2,1,1,-1,-1,-2
4,125,1,1,-1,-1,-2,-3
4,126,1,-1,-1,-2,-3,-3
4,127,-1,-1,-2,-3,-3,-3
4,128,-1,-2,-3,-3,-3,-3
4,129,-2,-3,-3,-3,-3,-2
4,130,-3,-3,-3,-3,-2,-1
4,131,-3,-3,-3,-2,-1,-1
4,132,-3,-3,-2,-1,-1,1
4,133,-3,-2,-1,-1,1,1
4,134,-2,-1,-1,1,1,2
4,135,-1,-1,1,1,2,3
4,136,-1,1,1,2,3,3
4,137,1,1,2,3,3,3
4,138,1,2,3,3,3,3
4,139,2,3,3,3,3,2
4,140,3,3,3,3,2,1
4,141,3,3,3,2,1,1
4,142,3,3,2,1,1,-1
4,143,3,2,1,1,-1,-1
4,144,2,1,1,-1,-1,-2
4,145,1,1,-1,-1,-2,-3
4,146,1,-1,-1,-2,-3,-3
4,147,-1,-1,-2,-3,-3,-3
4,148,-1,-2,-3,-3,-3,-3
4,149,-2,-3,-3,-3,-3,-2
4,150,-3,-3,-3,-3,-2,-1
4,151,-3,-3,-3,-2,-1,-1
4,152,-3,-3,-2,-1,-1,1
4,153,-3,-2,-1,-1,1,1
4,154,-2,-1,-1,1,1,2
4,155,-1,-1,1,1,2,3
4,156,-1,1,1,2,3,3
4,157,1,1,2,3,3,3
4,158,1,2,3,3,3,3
4,159,2,3,3,3,3,2
4,160,3,3,3,3,2,1
4,161,3,3,3,2,1,1
4,162,3,3,2,1,1,-1
4,163,3,2,1,1,-1,-1
4,164,2,1,1,-1,-1,-2
4,165,1,1,-1,-1,-2,-3
4,166,1,-1,-1,-2,-3,-3
4,167,-1,-1,-2,-3,-3,-3
4,168,-1,-2,-3,-3,-3,-3
4,169,-2,-3,-3,-3,-3,-2
4,170,-3,-3,-3,-3,-2,-1
4,171,-3,-3,-3,-2,-1,-1
4,172,-3,-3,-2,-1,-1,1
4,173,-3,-2,-1,-1,1,1
4,174,-2,-1,-1,1,1,2
4,175,-1,-1,1,1,2,3
4,176,-1,1,1,2,3,3
4,177,1,1,2,3,3,3
4,178,1,2,3,3,3,3
4,179,2,3,3,3,3,2
4,180,3,3,3,3,2,1
4,181,3,3,3,2,1,1
4,182,3,3,2,1,1,-1
4,183,3,2,1,1,-1,-1
4,184,2,1,1,-1,-1,-2
4,185,1,1,-1,-1,-2,-3
4,186,1,-1,-1,-2,-3,-3
4,187,-1,-1,-2,-3,-3,-3
4,188,-1,-2,-3,-3,-3,-3
4,189,-2,-3,-3,-3,-3,-2
4,190,-3,-3,-3,-3,-2,-1
4,191,-3,-3,-3,-2,-1,-1
4,192,-3,-3,-2,-1,-1,1
4,193,-3,-2,-1,-1,1,1
4,194,-2,-1,-1,1,1,2
4,195,-1,-1,1,1,2,3
4,196,-1,1,1,2,3,3
4,197,1,1,2,3,3,3
4,198,1,2,3,3,3,3
4,199,2,3,3,3,3,2
4,200,3,3,3,3,2,1
4,201,3,3,3,2,1,1
4,202,3,3,2,1,1,-1
4,203,3,2,1,1,-1,-1
4,204,2,1,1,-1,-1,-2
4,205,1,1,-1,-1,-2,-3
4,206,1,-1,-1,-2,-3,-3
4,207,-1,-1,-2,-3,-3,-3
4,208,-1,-2,-3,-3,-3,-3
4,209,-2,-3,-3,-3,-3,-2
4,210,-3,-3,-3,-3,-2,-1
4,211,-3,-3,-3,-2,-1,-1
4,212,-3,-3,-2,-1,-1,1
4,213,-3,-2,-1,-1,1,1
4,214,-2,-1,-1,1,1,2
4,215,-1,-1,1,1,2,3
4,216,-1,1,1,2,3,3
4,217,1,1,2,3,3,3
4,218,1,2,3,3,3,3
4,219,2,3,3,3,3,2
4,220,3,3,3,3,2,1
4,221,3,3,3,2,1,1
4,222,3,3,2,1,1,-1
4,223,3,2,1,1,-1,-1
4,224,2,1,1,-1,-1,-2
4,225,1,1,-1,-1,-2,-3
4,226,1,-1,-1,-2,-3,-3
4,227,-1,-1,-2,-3,-3,-3
4,228,-1,-2,-3,-3,-3,-3
4,229,-2,-3,-3,-3,-3,-2
4,230,-3,-3,-3,-3,-2,-1
4,231,-3,-3,-3,-2,-1,-1
4,232,-3,-3,-2,-1,-1,1
4,233,-3,-2,-1,-1,1,1
4,234,-2,-1,-1,1,1,2
4,235,-1,-1,1,1,2,3
4,236,-1,1,1,2,3,3
4,237,1,1,2,3,3,3
4,238,1,2,3,3,3,3
4,239,2,3,3,3,3,2
4,240,3,3,3,3,2,1
4,241,3,3,3,2,1,1
4,242,3,3,2,1,1,-1
4,243,3,2,1,1,-1,-1
4,244,2,1,1,-1,-1,-2
4,245,1,1,-1,-1,-2,-3
4,246,1,-1,-1,-2,-3,-3
4,247,-1,-1,-2,-3,-3,-3
4,248,-1,-2,-3,-3,-3,-3
4,249,-2,-3,-3,-3,-3,-2
4,250,-3,-3,-3,-3,-2,-1
4,251,-3,-3,-3,-2,-1,-1
4,252,-3,-3,-2,-1,-1,1
4,253,-3,-2,-1,-1,1,1
4,254,-2,-1,-1,1,1,2
4,255,-1,-1,1,1,2,3
4,256,-1,1,1,2,3,3
4,257,1,1,2,3,3,3
4,258,1,2,3,3,3,3
4,259,2,3,3,3,3,2
4,260,3,3,3,3,2,1
4,261,3,3,3,2,1,1
4,262,3,3,2,1,1,-1
4,263,3,2,1,1,-1,-1
4,264,2,1,1,-1,-1,-2
4,265,1,1,-1,-1,-2,-3
4,266,1,-1,-1,-2,-3,-3
4,267,-1,-1,-2,-3,-3,-3
4,268,-1,-2,-3,-3,-3,-3
4,269,-2,-3,-3,-3,-3,-2
4,270,-3,-3,-3,-3,-2,-1
4,271,-3,-3,-3,-2,-1,-1
4,272,-3,-3,-2,-1,-1,1
4,273,-3,-2,-1,-1,1,1
4,274,-2,-1,-1,1,1,2
4,275,-1,-1,1,1,2,3
4,276,-1,1,1,2,3,3
4,277,1,1,2,3,3,3
4,278,1,2,3,3,3,3
4,279,2,3,3,3,3,2
4,280,3,3,3,3,2,1
4,281,3,3,3,2,1,1
4,282,3,3,2,1,1,-1
4,283,3,2,1,1,-1,-1
4,284,2,1,1,-1,-1,-2
4,285,1,1,-1,-1,-2,-3
4,286,1,-1,-1,-2,-3,-3
4,287,-1,-1,-2,-3,-3,-3
4,288,-1,-2,-3,-3,-3,-3
4,289,-2,-3,-3,-3,-3,-2
4,290,-3,-3,-3,-3,-2,-1
4,291,-3,-3,-3,-2,-1,-1
4,292,-3,-3,-2,-1,-1,1
4,293,-3,-2,-1,-1,1,1
4,294,-2,-1,-1,1,1,2
4,295,-1,-1,1,1,2,3
5,1,0,3,3,2,1,1
5,2,3,3,2,1,1,-1
5,3,3,2,1,1,-1,-1
5,4,2,1,1,-1,-1,-2
5,5,1,1,-1,-1,-2,-3
5,6,1,-1,-1,-2,-3,-3
5,7,-1,-1,-2,-3,-3,-3
5,8,-1,-2,-3,-3,-3,-3
5,9,-2,-3,-3,-3,-3,-2
5,10,-3,-3,-3,-3,-2,-1
5,11,-3,-3,-3,-2,-1,-1
5,12,-3,-3,-2,-1,-1,1
5,13,-3,-2,-1,-1,1,1
5,14,-2,-1,-1,1,1,2
5,15,-1,-1,1,1,2,3
5,16,-1,1,1,2,3,3
5,17,1,1,2,3,3,3
5,18,1,2,3,3,3,3
5,19,2,3,3,3,3,2
5,20,3,3,3,3,2,1
5,21,3,3,3,2,1,1
5,22,3,3,2,1,1,-1
5,23,3,2,1,1,-1,-1
5,24,2,1,1,-1,-1,-2
5,25,1,1,-1,-1,-2,-3
5,26,1,-1,-1,-2,-3,-3
5,27,-1,-1,-2,-3,-3,-3
5,28,-1,-2,-3,-3,-3,-3
5,29,-2,-3,-3,-3,-3,-2
5,30,-3,-3,-3,-3,-2,-1
5,31,-3,-3,-3,-2,-1,-1
5,32,-3,-3,-2,-1,-1,1
5,33,-3,-2,-1,-1,1,1
5,34,-2,-1,-1,1,1,2
5,35,-1,-1,1,1,2,3
5,36,-1,1,1,2,3,3
5,37,1,1,2,3,3,3
5,38,1,2,3,3,3,3
5,39,2,3,3,3,3,2
5,40,3,3,3,3,2,1
5,41,3,3,3,2,1,1
5,42,3,3,2,1,1,-1
5,43,3,2,1,1,-1,-1
5,44,2,1,1,-1,-1,-2
5,45,1,1,-1,-1,-2,-3
5,46,1,-1,-1,-2,-3,-3
5,47,-1,-1,-2,-3,-3,-3
5,48,-1,-2,-3,-3,-3,-3
5,49,-2,-3,-3,-3,-3,-2
5,50,-3,-3,-3,-3,-2,-1
5,51,-3,-3,-3,-2,-1,-1
5,52,-3,-3,-2,-1,-1,1
5,53,-3,-2,-1,-1,1,1
5,54,-2,-1,-1,1,1,2
5,55,-1,-1,1,1,2,3
5,56,-1,1,1,2,3,3
5,57,1,1,2,3,3,3
5,58,1,2,3,3,3,3
5,59,2,3,3,3,3,2
5,60,3,3,3,3,2,1
5,61,3,3,3,2,1,1
5,62,3,3,2,1,1,-1
5,63,3,2,1,1,-1,-1
5,64,2,1,1,-1,-1,-2
5,65,1,1,-1,-1,-2,-3
5,66,1,-1,-1,-2,-3,-3
5,67,-1,-1,-2,-3,-3,-3
5,68,-1,-2,-3,-3,-3,-3
5,69,-2,-3,-3,-3,-3,-2
5,70,-3,-3,-3,-3,-2,-1
5,71,-3,-3,-3,-2,-1,-1
5,72,-3,-3,-2,-1,-1,1
5,73,-3,-2,-1,-1,1,1
5,74,-2,-1,-1,1,1,2
5,75,-1,-1,1,1,2,3
5,76,-1,1,1,2,3,3
5,77,1,1,2,3,3,3
5,78,1,2,3,3,3,3
5,79,2,3,3,3,3,2
5,80,3,3,3,3,2,1
5,81,3,3,3,2,1,1
5,82,3,3,2,1,1,-1
5,83,3,2,1,1,-1,-1
5,84,2,1,1,-1,-1,-2
5,85,1,1,-1,-1,-2,-3
5,86,1,-1,-1,-2,-3,-3
5,87,-1,-1,-2,-3,-3,-3
5,88,-1,-2,-3,-3,-3,-3
5,89,-2,-3,-3,-3,-3,-2
5,90,-3,-3,-3,-3,-2,-1
5,91,-3,-3,-3,-2,-1,-1
5,92,-3,-3,-2,-1,-1,1
5,93,-3,-2,-1,-1,1,1
5,94,-2,-1,-1,1,1,2
5,95,-1,-1,1,1,2,3
5,96,-1,1,1,2,3,3
5,97,1,1,2,3,3,3
5,98,1,2,3,3,3,3
5,99,2,3,3,3,3,2
5,100,3,3,3,3,2,1
5,101,3,3,3,2,1,1
5,102,3,3,2,1,1,-1
5,103,3,2,1,1,-1,-1
5,104,2,1,1,-1,-1,-2
5,105,1,1,-1,-1,-2,-3
5,106,1,-1,-1,-2,-3,-3
5,107,-1,-1,-2,-3,-3,-3
5,108,-1,-2,-3,-3,-3,-3
5,109,-2,-3,-3,-3,-3,-2
5,110,-3,-3,-3,-3,-2,-1
5,111,-3,-3,-3,-2,-1,-1
5,112,-3,-3,-2,-1,-1,1
5,113,-3,-2,-1,-1,1,1
5,114,-2,-1,-1,1,1,2
5,115,-1,-1,1,1,2,3
5,116,-1,1,1,2,3,3
5,117,1,1,2,3,3,3
5,118,1,2,3,3,3,3
5,119,2,3,3,3,3,2
5,120,3,3,3,3,2,1
5,121,3,3,3,2,1,1
5,122,3,3,2,1,1,-1
5,123,3,2,1,1,-1,-1
5,124,2,1,1,-1,-1,-2
5,125,1,1,-1,-1,-2,-3
5,126,1,-1,-1,-2,-3,-3
5,127,-1,-1,-2,-3,-3,-3
5,128,-1,-2,-3,-3,-3,-3
5,129,-2,-3,-3,-3,-3,-2
5,130,-3,-3,-3,-3,-2,-1
5,131,-3,-3,-3,-2,-1,-1
5,132,-3,-3,-2,-1,-1,1
5,133,-3,-2,-1,-1,1,1
5,134,-2,-1,-1,1,1,2
5,135,-1,-1,1,1,2,3
5,136,-1,1,1,2,3,3
5,137,1,1,2,3,3,3
5,138,1,2,3,3,3,3
5,139,2,3,3,3,3,2
5,140,3,3,3,3,2,1
5,141,3,3,3,2,1,1
5,142,3,3,2,1,1,-1
5,143,3,2,1,1,-1,-1
5,144,2,1,1,-1,-1,-2
5,145,1,1,-1,-1,-2,-3
5,146,1,-1,-1,-2,-3,-3
5,147,-1,-1,-2,-3,-3,-3
5,148,-1,-2,-3,-3,-3,-3
5,149,-2,-3,-3,-3,-3,-2
5,150,-3,-3,-3,-3,-2,-1
5,151,-3,-3,-3,-2,-1,-1
5,152,-3,-3,-2,-1,-1,1
5,153,-3,-2,-1,-1,1,1
5,154,-2,-1,-1,1,1,2
5,155,-1,-1,1,1,2,3
5,156,-1,1,1,2,3,3
5,157,1,1,2,3,3,3
5,158,1,2,3,3,3,3
5,159,2,3,3,3,3,2
5,160,3,3,3,3,2,1
5,161,3,3,3,2,1,1
5,162,3,3,2,1,1,-1
5,163,3,2,1,1,-1,-1
5,164,2,1,1,-1,-1,-2
5,165,1,1,-1,-1,-2,-3
5,166,1,-1,-1,-2,-3,-3
5,167,-1,-1,-2,-3,-3,-3
5,168,-1,-2,-3,-3,-3,-3
5,169,-2,-3,-3,-3,-3,-2
5,170,-3,-3,-3,-3,-2,-1
5,171,-3,-3,-3,-2,-1,-1
5,172,-3,-3,-2,-1,-1,1
5,173,-3,-2,-1,-1,1,1
5,174,-2,-1,-1,1,1,2
5,175,-1,-1,1,1,2,3
5,176,-1,1,1,2,3,3
5,177,1,1,2,3,3,3
5,178,1,2,3,3,3,3
5,179,2,3,3,3,3,2
5,180,3,3,3,3,2,1
5,181,3,3,3,2,1,1
5,182,3,3,2,1,1,-1
5,183,3,2,1,1,-1,-1
5,184,2,1,1,-1,-1,-2
5,185,1,1,-1,-1,-2,-3
5,186,1,-1,-1,-2,-3,-3
5,187,-1,-1,-2,-3,-3,-3
5,188,-1,-2,-3,-3,-3,-3
5,189,-2,-3,-3,-3,-3,-2
5,190,-3,-3,-3,-3,-2,-1
5,191,-3,-3,-3,-2,-1,-1
5,192,-3,-3,-2,-1,-1,1
5,193,-3,-2,-1,-1,1,1
5,194,-2,-1,-1,1,1,2
5,195,-1,-1,1,1,2,3
5,196,-1,1,1,2,3,3
5,197,1,1,2,3,3,3
5,198,1,2,3,3,3,3
5,199,2,3,3,3,3,2
5,200,3,3,3,3,2,1
5,201,3,3,3,2,1,1
5,202,3,3,2,1,1,-1
5,203,3,2,1,1,-1,-1
5,204,2,1,1,-1,-1,-2
5,205,1,1,-1,-1,-2,-3
5,206,1,-1,-1,-2,-3,-3
5,207,-1,-1,-2,-3,-3,-3
5,208,-1,-2,-3,-3,-3,-3
5,209,-2,-3,-3,-3,-3,-2
5,210,-3,-3,-3,-3,-2,-1
5,211,-3,-3,-3,-2,-1,-1
5,212,-3,-3,-2,-1,-1,1
5,213,-3,-2,-1,-1,1,1
5,214,-2,-1,-1,1,1,2
5,215,-1,-1,1,1,2,3
5,216,-1,1,1,2,3,3
5,217,1,1,2,3,3,3
5,218,1,2,3,3,3,3
5,219,2,3,3,3,3,2
5,220,3,3,3,3,2,1
5,221,3,3,3,2,1,1
5,222,3,3,2,1,1,-1
5,223,3,2,1,1,-1,-1
5,224,2,1,1,-1,-1,-2
5,225,1,1,-1,-1,-2,-3
5,226,1,-1,-1,-2,-3,-3
5,227,-1,-1,-2,-3,-3,-3
5,228,-1,-2,-3,-3,-3,-3
5,229,-2,-3,-3,-3,-3,-2
5,230,-3,-3,-3,-3,-2,-1
5,231,-3,-3,-3,-2,-1,-1
5,232,-3,-3,-2,-1,-1,1
5,233,-3,-2,-1,-1,1,1
5,234,-2,-1,-1,1,1,2
5,235,-1,-1,1,1,2,3
5,236,-1,1,1,2,3,3
5,237,1,1,2,3,3,3
5,238,1,2,3,3,3,3
5,239,2,3,3,3,3,2
5,240,3,3,3,3,2,1
5,241,3,3,3,2,1,1
5,242,3,3,2,1,1,-1
5,243,3,2,1,1,-1,-1
5,244,2,1,1,-1,-1,-2
5,245,1,1,-1,-1,-2,-3
5,246,1,-1,-1,-2,-3,-3
5,247,-1,-1,-2,-3,-3,-3
5,248,-1,-2,-3,-3,-3,-3
5,249,-2,-3,-3,-3,-3,-2
5,250,-3,-3,-3,-3,-2,-1
5,251,-3,-3,-3,-2,-1,-1
5,252,-3,-3,-2,-1,-1,1
5,253,-3,-2,-1,-1,1,1
5,254,-2,-1,-1,1,1,2
5,255,-1,-1,1,1,2,3
5,256,-1,1,1,2,3,3
5,257,1,1,2,3,3,3
5,258,1,2,3,3,3,3
5,259,2,3,3,3,3,2
5,260,3,3,3,3,2,1
5,261,3,3,3,2,1,1
5,262,3,3,2,1,1,-1
5,263,3,2,1,1,-1,-1
5,264,2,1,1,-1,-1,-2
5,265,1,1,-1,-1,-2,-3
5,266,1,-1,-1,-2,-3,-3
5,267,-1,-1,-2,-3,-3,-3
5,268,-1,-2,-3,-3,-3,-3
5,269,-2,-3,-3,-3,-3,-2
5,270,-3,-3,-3,-3,-2,-1
5,271,-3,-3,-3,-2,-1,-1
5,272,-3,-3,-2,-1,-1,1
5,273,-3,-2,-1,-1,1,1
5,274,-2,-1,-1,1,1,2
5,275,-1,-1,1,1,2,3
5,276,-1,1,1,2,3,3
5,277,1,1,2,3,3,3
5,278,1,2,3,3,3,3
5,279,2,3,3,3,3,2
5,280,3,3,3,3,2,1
5,281,3,3,3,2,1,1
5,282,3,3,2,1,1,-1
5,283,3,2,1,1,-1,-1
5,284,2,1,1,-1,-1,-2
5,285,1,1,-1,-1,-2,-3
5,286,1,-1,-1,-2,-3,-3
5,287,-1,-1,-2,-3,-3,-3
5,288,-1,-2,-3,-3,-3,-3
5,289,-2,-3,-3,-3,-3,-2
5,290,-3,-3,-3,-3,-2,-1
5,291,-3,-3,-3,-2,-1,-1
5,292,-3,-3,-2,-1,-1,1
5,293,-3,-2,-1,-1,1,1
5,294,-2,-1,-1,1,1,2
5,295,-1,-1,1,1,2,3
6,1,0,3,3,2,1,1
6,2,3,3,2,1,1,-1
6,3,3,2,1,1,-1,-1
6,4,2,1,1,-1,-1,-2
6,5,1,1,-1,-1,-2,-3
6,6,1,-1,-1,-2,-3,-3
6,7,-1,-1,-2,-3,-3,-3
6,8,-1,-2,-3,-3,-3,-3
6,9,-2,-3,-3,-3,-3,-2
6,10,-3,-3,-3,-3,-2,-1
6,11,-3,-3,-3,-2,-1,-1
6,12,-3,-3,-2,-1,-1,1
6,13,-3,-2,-1,-1,1,1
6,14,-2,-1,-1,1,1,2
6,15,-1,-1,1,1,2,3
6,16,-1,1,1,2,3,3
6,17,1,1,2,3,3,3
6,18,1,2,3,3,3,3
6,19,2,3,3,3,3,2
6,20,3,3,3,3,2,1
6,21,3,3,3,2,1,1
6,22,3,3,2,1,1,-1
6,23,3,2,1,1,-1,-1
6,24,2,1,1,-1,-1,-2
6,25,1,1,-1,-1,-2,-3
6,26,1,-1,-1,-2,-3,-3
6,27,-1,-1,-2,-3,-3,-3
6,28,-1,-2,-3,-3,-3,-3
6,29,-2,-3,-3,-3,-3,-2
6,30,-3,-3,-3,-3,-2,-1
6,31,-3,-3,-3,-2,-1,-1
6,32,-3,-3,-2,-1,-1,1
6,33,-3,-2,-1,-1,1,1
6,34,-2,-1,-1,1,1,2
6,35,-1,-1,1,1,2,3
6,36,-1,1,1,2,3,3
6,37,1,1,2,3,3,3
6,38,1,2,3,3,3,3
6,39,2,3,3,3,3,2
6,40,3,3,3,3,2,1
6,41,3,3,3,2,1,1
6,42,3,3,2,1,1,-1
6,43,3,2,1,1,-1,-1
6,44,2,1,1,-1,-1,-2
6,45,1,1,-1,-1,-2,-3
6,46,1,-1,-1,-2,-3,-3
6,47,-1,-1,-2,-3,-3,-3
6,48,-1,-2,-3,-3,-3,-3
6,49,-2,-3,-3,-3,-3,-2
6,50,-3,-3,-3,-3,-2,-1
6,51,-3,-3,-3,-2,-1,-1
6,52,-3,-3,-2,-1,-1,1
6,53,-3,-2,-1,-1,1,1
6,54,-2,-1,-1,1,1,2
6,55,-1,-1,1,1,2,3
6,56,-1,1,1,2,3,3
6,57,1,1,2,3,3,3
6,58,1,2,3,3,3,3
6,59,2,3,3,3,3,2
6,60,3,3,3,3,2,1
6,61,3,3,3,2,1,1
6,62,3,3,2,1,1,-1
6,63,3,2,1,1,-1,-1
6,64,2,1,1,-1,-1,-2
6,65,1,1,-1,-1,-2,-3
6,66,1,-1,-1,-2,-3,-3
6,67,-1,-1,-2,-3,-3,-3
6,68,-1,-2,-3,-3,-3,-3
6,69,-2,-3,-3,-3,-3,-2
6,70,-3,-3,-3,-3,-2,-1
6,71,-3,-3,-3,-2,-1,-1
6,72,-3,-3,-2,-1,-1,1
6,73,-3,-2,-1,-1,1,1
6,74,-2,-1,-1,1,1,2
6,75,-1,-1,1,1,2,3
6,76,-1,1,1,2,3,3
6,77,1,1,2,3,3,3
6,78,1,2,3,3,3,3
6,79,2,3,3,3,3,2
6,80,3,3,3,3,2,1
6,81,3,3,3,2,1,1
6,82,3,3,2,1,1,-1
6,83,3,2,1,1,-1,-1
6,84,2,1,1,-1,-1,-2
6,85,1,1,-1,-1,-2,-3
6,86,1,-1,-1,-2,-3,-3
6,87,-1,-1,-2,-3,-3,-3
6,88,-1,-2,-3,-3,-3,-3
6,89,-2,-3,-3,-3,-3,-2
6,90,-3,-3,-3,-3,-2,-1
6,91,-3,-3,-3,-2,-1,-1
6,92,-3,-3,-2,-1,-1,1
6,93,-3,-2,-1,-1,1,1
6,94,-2,-1,-1,1,1,2
6,95,-1,-1,1,1,2,3
6,96,-1,1,1,2,3,3
6,97,1,1,2,3,3,3
6,98,1,2,3,3,3,3
6,99,2,3,3,3,3,2
6,100,3,3,3,3,2,1
6,101,3,3,3,2,1,1
6,102,3,3,2,1,1,-1
6,103,3,2,1,1,-1,-1
6,104,2,1,1,-1,-1,-2
6,105,1,1,-1,-1,-2,-3
6,106,1,-1,-1,-2,-3,-3
6,107,-1,-1,-2,-3,-3,-3
6,108,-1,-2,-3,-3,-3,-3
6,109,-2,-3,-3,-3,-3,-2
6,110,-3,-3,-3,-3,-2,-1
6,111,-3,-3,-3,-2,-1,-1
6,112,-3,-3,-2,-1,-1,1
6,113,-3,-2,-1,-1,1,1
6,114,-2,-1,-1,1,1,2
6,115,-1,-1,1,1,2,3
6,116,-1,1,1,2,3,3
6,117,1,1,2,3,3,3
6,118,1,2,3,3,3,3
6,119,2,3,3,3,3,2
6,120,3,3,3,3,2,1
6,121,3,3,3,2,1,1
6,122,3,3,2,1,1,-1
6,123,3,2,1,1,-1,-1
6,124,2,1,1,-1,-1,-2
6,125,1,1,-1,-1,-2,-3
6,126,1,-1,-1,-2,-3,-3
6,127,-1,-1,-2,-3,-3,-3
6,128,-1,-2,-3,-3,-3,-3
6,129,-2,-3,-3,-3,-3,-2
6,130,-3,-3,-3,-3,-2,-1
6,131,-3,-3,-3,-2,-1,-1
6,132,-3,-3,-2,-1,-1,1
6,133,-3,-2,-1,-1,1,1
6,134,-2,-1,-1,1,1,2
6,135,-1,-1,1,1,2,3
6,136,-1,1,1,2,3,3
6,137,1,1,2,3,3,3
6,138,1,2,3,3,3,3
6,139,2,3,3,3,3,2
6,140,3,3,3,3,2,1
6,141,3,3,3,2,1,1
6,142,3,3,2,1,1,-1
6,143,3,2,1,1,-1,-1
6,144,2,1,1,-1,-1,-2
6,145,1,1,-1,-1,-2,-3
6,146,1,-1,-1,-2,-3,-3
6,147,-1,-1,-2,-3,-3,-3
6,148,-1,-2,-3,-3,-3,-3
6,149,-2,-3,-3,-3,-3,-2
6,150,-3,-3,-3,-3,-2,-1
6,151,-3,-3,-3,-2,-1,-1
6,152,-3,-3,-2,-1,-1,1
6,153,-3,-2,-1,-1,1,1
6,154,-2,-1,-1,1,1,2
6,155,-1,-1,1,1,2,3
6,156,-1,1,1,2,3,3
6,157,1,1,2,3,3,3
6,158,1,2,3,3,3,3
6,159,2,3,3,3,3,2
6,160,3,3,3,3,2,1
6,161,3,3,3,2,1,1
6,162,3,3,2,1,1,-1
6,163,3,2,1,1,-1,-1
6,164,2,1,1,-1,-1,-2
6,165,1,1,-1,-1,-2,-3
6,166,1,-1,-1,-2,-3,-3
6,167,-1,-1,-2,-3,-3,-3
6,168,-1,-2,-3,-3,-3,-3
6,169,-2,-3,-3,-3,-3,-2
6,170,-3,-3,-3,-3,-2,-1
6,171,-3,-3,-3,-2,-1,-1
6,172,-3,-3,-2,-1,-1,1
6,173,-3,-2,-1,-1,1,1
6,174,-2,-1,-1,1,1,2
6,175,-1,-1,1,1,2,3
6,176,-1,1,1,2,3,3
6,177,1,1,2,3,3,3
6,178,1,2,3,3,3,3
6,179,2,3,3,3,3,2
6,180,3,3,3,3,2,1
6,181,3,3,3,2,1,1
6,182,3,3,2,1,1,-1
6,183,3,2,1,1,-1,-1
6,184,2,1,1,-1,-1,-2
6,185,1,1,-1,-1,-2,-3
6,186,1,-1,-1,-2,-3,-3
6,187,-1,-1,-2,-3,-3,-3
6,188,-1,-2,-3,-3,-3,-3
6,189,-2,-3,-3,-3,-3,-2
6,190,-3,-3,-3,-3,-2,-1
6,191,-3,-3,-3,-2,-1,-1
6,192,-3,-3,-2,-1,-1,1
6,193,-3,-2,-1,-1,1,1
6,194,-2,-1,-1,1,1,2
6,195,-1,-1,1,1,2,3
6,196,-1,1,1,2,3,3
6,197,1,1,2,3,3,3
6,198,1,2,3,3,3,3
6,199,2,3,3,3,3,2
6,200,3,3,3,3,2,1
6,201,3,3,3,2,1,1
6,202,3,3,2,1,1,-1
6,203,3,2,1,1,-1,-1
6,204,2,1,1,-1,-1,-2
6,205,1,1,-1,-1,-2,-3
6,206,1,-1,-1,-2,-3,-3
6,207,-1,-1,-2,-3,-3,-3
6,208,-1,-2,-3,-3,-3,-3
6,209,-2,-3,-3,-3,-3,-2
6,210,-3,-3,-3,-3,-2,-1
6,211,-3,-3,-3,-2,-1,-1
6,212,-3,-3,-2,-1,-1,1
6,213,-3,-2,-1,-1,1,1
6,214,-2,-1,-1,1,1,2
6,215,-1,-1,1,1,2,3
6,216,-1,1,1,2,3,3
6,217,1,1,2,3,3,3
6,218,1,2,3,3,3,3
6,219,2,3,3,3,3,2
6,220,3,3,3,3,2,1
6,221,3,3,3,2,1,1
6,222,3,3,2,1,1,-1
6,223,3,2,1,1,-1,-1
6,224,2,1,1,-1,-1,-2
6,225,1,1,-1,-1,-2,-3
6,226,1,-1,-1,-2,-3,-3
6,227,-1,-1,-2,-3,-3,-3
6,228,-1,-2,-3,-3,-3,-3
6,229,-2,-3,-3,-3,-3,-2
6,230,-3,-3,-3,-3,-2,-1
6,231,-3,-3,-3,-2,-1,-1
6,232,-3,-3,-2,-1,-1,1
6,233,-3,-2,-1,-1,1,1
6,234,-2,-1,-1,1,1,2
6,235,-1,-1,1,1,2,3
6,236,-1,1,1,2,3,3
6,237,1,1,2,3,3,3
6,238,1,2,3,3,3,3
6,239,2,3,3,3,3,2
6,240,3,3,3,3,2,1
6,241,3,3,3,2,1,1
6,242,3,3,2,1,1,-1
6,243,3,2,1,1,-1,-1
6,244,2,1,1,-1,-1,-2
6,245,1,1,-1,-1,-2,-3
6,246,1,-1,-1,-2,-3,-3
6,247,-1,-1,-2,-3,-3,-3
6,248,-1,-2,-3,-3,-3,-3
6,249,-2,-3,-3,-3,-3,-2
6,250,-3,-3,-3,-3,-2,-1
6,251,-3,-3,-3,-2,-1,-1
6,252,-3,-3,-2,-1,-1,1
6,253,-3,-2,-1,-1,1,1
6,254,-2,-1,-1,1,1,2
6,255,-1,-1,1,1,2,3
6,256,-1,1,1,2,3,3
6,257,1,1,2,3,3,3
6,258,1,2,3,3,3,3
6,259,2,3,3,3,3,2
6,260,3,3,3,3,2,1
6,261,3,3,3,2,1,1
6,262,3,3,2,1,1,-1
6,263,3,2,1,1,-1,-1
6,264,2,1,1,-1,-1,-2
6,265,1,1,-1,-1,-2,-3
6,266,1,-1,-1,-2,-3,-3
6,267,-1,-1,-2,-3,-3,-3
6,268,-1,-2,-3,-3,-3,-3
6,269,-2,-3,-3,-3,-3,-2
6,270,-3,-3,-3,-3,-2,-1
6,271,-3,-3,-3,-2,-1,-1
6,272,-3,-3,-2,-1,-1,1
6,273,-3,-2,-1,-1,1,1
6,274,-2,-1,-1,1,1,2
6,275,-1,-1,1,1,2,3
6,276,-1,1,1,2,3,3
6,277,1,1,2,3,3,3
6,278,1,2,3,3,3,3
6,279,2,3,3,3,3,2
6,280,3,3,3,3,2,1
6,281,3,3,3,2,1,1
6,282,3,3,2,1,1,-1
6,283,3,2,1,1,-1,-1
6,284,2,1,1,-1,-1,-2
6,285,1,1,-1,-1,-2,-3
6,286,1,-1,-1,-2,-3,-3
6,287,-1,-1,-2,-3,-3,-3
6,288,-1,-2,-3,-3,-3,-3
6,289,-2,-3,-3,-3,-3,-2
6,290,-3,-3,-3,-3,-2,-1
6,291,-3,-3,-3,-2,-1,-1
6,292,-3,-3,-2,-1,-1,1
6,293,-3,-2,-1,-1,1,1
6,294,-2,-1,-1,1,1,2
6,295,-1,-1,1,1,2,3
7,1,0,3,3,2,1,1
7,2,3,3,2,1,1,-1
7,3,3,2,1,1,-1,-1
7,4,2,1,1,-1,-1,-2
7,5,1,1,-1,-1,-2,-3
7,6,1,-1,-1,-2,-3,-3
7,7,-1,-1,-2,-3,-3,-3
7,8,-1,-2,-3,-3,-3,-3
7,9,-2,-3,-3,-3,-3,-2
7,10,-3,-3,-3,-3,-2,-1
7,11,-3,-3,-3,-2,-1,-1
7,12,-3,-3,-2,-1,-1,1
7,13,-3,-2,-1,-1,1,1
7,14,-2,-1,-1,1,1,2
7,15,-1,-1,1,1,2,3
7,16,-1,1,1,2,3,3
7,17,1,1,2,3,3,3
7,18,1,2,3,3,3,3
7,19,2,3,3,3,3,2
7,20,3,3,3,3,2,1
7,21,3,3,3,2,1,1
7,22,3,3,2,1,1,-1
7,23,3,2,1,1,-1,-1
7,24,2,1,1,-1,-1,-2
7,25,1,1,-1,-1,-2,-3
7,26,1,-1,-1,-2,-3,-3
7,27,-1,-1,-2,-3,-3,-3
7,28,-1,-2,-3,-3,-3,-3
7,29,-2,-3,-3,-3,-3,-2
7,30,-3,-3,-3,-3,-2,-1
7,31,-3,-3,-3,-2,-1,-1
7,32,-3,-3,-2,-1,-1,1
7,33,-3,-2,-1,-1,1,1
7,34,-2,-1,-1,1,1,2
7,35,-1,-1,1,1,2,3
7,36,-1,1,1,2,3,3
7,37,1,1,2,3,3,3
7,38,1,2,3,3,3,3
7,39,2,3,3,3,3,2
7,40,3,3,3,3,2,1
7,41,3,3,3,2,1,1
7,42,3,3,2,1,1,-1
7,43,3,2,1,1,-1,-1
7,44,2,1,1,-1,-1,-2
7,45,1,1,-1,-1,-2,-3
7,46,1,-1,-1,-2,-3,-3
7,47,-1,-1,-2,-3,-3,-3
7,48,-1,-2,-3,-3,-3,-3
7,49,-2,-3,-3,-3,-3,-2
7,50,-3,-3,-3,-3,-2,-1
7,51,-3,-3,-3,-2,-1,-1
7,52,-3,-3,-2,-1,-1,1
7,53,-3,-2,-1,-1,1,1
7,54,-2,-1,-1,1,1,2
7,55,-1,-1,1,1,2,3
7,56,-1,1,1,2,3,3
7,57,1,1,2,3,3,3
7,58,1,2,3,3,3,3
7,59,2,3,3,3,3,2
7,60,3,3,3,3,2,1
7,61,3,3,3,2,1,1
7,62,3,3,2,1,1,-1
7,63,3,2,1,1,-1,-1
7,64,2,1,1,-1,-1,-2
7,65,1,1,-1,-1,-2,-3
7,66,1,-1,-1,-2,-3,-3
7,67,-1,-1,-2,-3,-3,-3
7,68,-1,-2,-3,-3,-3,-3
7,69,-2,-3,-3,-3,-3,-2
7,70,-3,-3,-3,-3,-2,-1
7,71,-3,-3,-3,-2,-1,-1
7,72,-3,-3,-2,-1,-1,1
7,73,-3,-2,-1,-1,1,1
7,74,-2,-1,-1,1,1,2
7,75,-1,-1,1,1,2,3
7,76,-1,1,1,2,3,3
7,77,1,1,2,3,3,3
7,78,1,2,3,3,3,3
7,79,2,3,3,3,3,2
7,80,3,3,3,3,2,1
7,81,3,3,3,2,1,1
7,82,3,3,2,1,1,-1
7,83,3,2,1,1,-1,-1
7,84,2,1,1,-1,-1,-2
7,85,1,1,-1,-1,-2,-3
7,86,1,-1,-1,-2,-3,-3
7,87,-1,-1,-2,-3,-3,-3
7,88,-1,-2,-3,-3,-3,-3
7,89,-2,-3,-3,-3,-3,-2
7,90,-3,-3,-3,-3,-2,-1
7,91,-3,-3,-3,-2,-1,-1
7,92,-3,-3,-2,-1,-1,1
7,93,-3,-2,-1,-1,1,1
7,94,-2,-1,-1,1,1,2
7,95,-1,-1,1,1,2,3
7,96,-1,1,1,2,3,3
7,97,1,1,2,3,3,3
7,98,1,2,3,3,3,3
7,99,2,3,3,3,3,2
7,100,3,3,3,3,2,1
7,101,3,3,3,2,1,1
7,102,3,3,2,1,1,-1
7,103,3,2,1,1,-1,-1
7,104,2,1,1,-1,-1,-2
7,105,1,1,-1,-1,-2,-3
7,106,1,-1,-1,-2,-3,-3
7,107,-1,-1,-2,-3,-3,-3
7,108,-1,-2,-3,-3,-3,-3
7,109,-2,-3,-3,-3,-3,-2
7,110,-3,-3,-3,-3,-2,-1
7,111,-3,-3,-3,-2,-1,-1
7,112,-3,-3,-2,-1,-1,1
7,113,-3,-2,-1,-1,1,1
7,114,-2,-1,-1,1,1,2
7,115,-1,-1,1,1,2,3
7,116,-1,1,1,2,3,3
7,117,1,1,2,3,3,3
7,118,1,2,3,3,3,3
7,119,2,3,3,3,3,2
7,120,3,3,3,3,2,1
7,121,3,3,3,2,1,1
7,122,3,3,2,1,1,-1
7,123,3,2,1,1,-1,-1
7,124,2,1,1,-1,-1,-2
7,125,1,1,-1,-1,-2,-3
7,126,1,-1,-1,-2,-3,-3
7,127,-1,-1,-2,-3,-3,-3
7,128,-1,-2,-3,-3,-3,-3
7,129,-2,-3,-3,-3,-3,-2
7,130,-3,-3,-3,-3,-2,-1
7,131,-3,-3,-3,-2,-1,-1
7,132,-3,-3,-2,-1,-1,1
7,133,-3,-2,-1,-1,1,1
7,134,-2,-1,-1,1,1,2
7,135,-1,-1,1,1,2,3
7,136,-1,1,1,2,3,3
7,137,1,1,2,3,3,3
7,138,1,2,3,3,3,3
7,139,2,3,3,3,3,2
7,140,3,3,3,3,2,1
7,141,3,3,3,2,1,1
7,142,3,3,2,1,1,-1
7,143,3,2,1,1,-1,-1
7,144,2,1,1,-1,-1,-2
7,145,1,1,-1,-1,-2,-3
7,146,1,-1,-1,-2,-3,-3
7,147,-1,-1,-2,-3,-3,-3
7,148,-1,-2,-3,-3,-3,-3
7,149,-2,-3,-3,-3,-3,-2
7,150,-3,-3,-3,-3,-2,-1
7,151,-3,-3,-3,-2,-1,-1
7,152,-3,-3,-2,-1,-1,1
7,153,-3,-2,-1,-1,1,1
7,154,-2,-1,-1,1,1,2
7,155,-1,-1,1,1,2,3
7,156,-1,1,1,2,3,3
7,157,1,1,2,3,3,3
7,158,1,2,3,3,3,3
7,159,2,3,3,3,3,2
7,160,3,3,3,3,2,1
7,161,3,3,3,2,1,1
7,162,3,3,2,1,1,-1
7,163,3,2,1,1,-1,-1
7,164,2,1,1,-1,-1,-2
7,165,1,1,-1,-1,-2,-3
7,166,1,-1,-1,-2,-3,-3
7,167,-1,-1,-2,-3,-3,-3
7,168,-1,-2,-3,-3,-3,-3
7,169,-2,-3,-3,-3,-3,-2
7,170,-3,-3,-3,-3,-2,-1
7,171,-3,-3,-3,-2,-1,-1
7,172,-3,-3,-2,-1,-1,1
7,173,-3,-2,-1,-1,1,1
7,174,-2,-1,-1,1,1,2
7,175,-1,-1,1,1,2,3
7,176,-1,1,1,2,3,3
7,177,1,1,2,3,3,3
7,178,1,2,3,3,3,3
7,179,2,3,3,3,3,2
7,180,3,3,3,3,2,1
7,181,3,3,3,2,1,1
7,182,3,3,2,1,1,-1
7,183,3,2,1,1,-1,-1
7,184,2,1,1,-1,-1,-2
7,185,1,1,-1,-1,-2,-3
7,186,1,-1,-1,-2,-3,-3
7,187,-1,-1,-2,-3,-3,-3
7,188,-1,-2,-3,-3,-3,-3
7,189,-2,-3,-3,-3,-3,-2
7,190,-3,-3,-3,-3,-2,-1
7,191,-3,-3,-3,-2,-1,-1
7,192,-3,-3,-2,-1,-1,1
7,193,-3,-2,-1,-1,1,1
7,194,-2,-1,-1,1,1,2
7,195,-1,-1,1,1,2,3
7,196,-1,1,1,2,3,3
7,197,1,1,2,3,3,3
7,198,1,2,3,3,3,3
7,199,2,3,3,3,3,2
7,200,3,3,3,3,2,1
7,201,3,3,3,2,1,1
7,202,3,3,2,1,1,-1
7,203,3,2,1,1,-1,-1
7,204,2,1,1,-1,-1,-2
7,205,1,1,-1,-1,-2,-3
7,206,1,-1,-1,-2,-3,-3
7,207,-1,-1,-2,-3,-3,-3
7,208,-1,-2,-3,-3,-3,-3
7,209,-2,-3,-3,-3,-3,-2
7,210,-3,-3,-3,-3,-2,-1
7,211,-3,-3,-3,-2,-1,-1
7,212,-3,-3,-2,-1,-1,1
7,213,-3,-2,-1,-1,1,1
7,214,-2,-1,-1,1,1,2
7,215,-1,-1,1,1,2,3
7,216,-1,1,1,2,3,3
7,217,1,1,2,3,3,3
7,218,1,2,3,3,3,3
7,219,2,3,3,3,3,2
7,220,3,3,3,3,2,1
7,221,3,3,3,2,1,1
7,222,3,3,2,1,1,-1
7,223,3,2,1,1,-1,-1
7,224,2,1,1,-1,-1,-2
7,225,1,1,-1,-1,-2,-3
7,226,1,-1,-1,-2,-3,-3
7,227,-1,-1,-2,-3,-3,-3
7,228,-1,-2,-3,-3,-3,-3
7,229,-2,-3,-3,-3,-3,-2
7,230,-3,-3,-3,-3,-2,-1
7,231,-3,-3,-3,-2,-1,-1
7,232,-3,-3,-2,-1,-1,1
7,233,-3,-2,-1,-1,1,1
7,234,-2,-1,-1,1,1,2
7,235,-1,-1,1,1,2,3
7,236,-1,1,1,2,3,3
7,237,1,1,2,3,3,3
7,238,1,2,3,3,3,3
7,239,2,3,3,3,3,2
7,240,3,3,3,3,2,1
7,241,3,3,3,2,1,1
7,242,3,3,2,1,1,-1
7,243,3,2,1,1,-1,-1
7,244,2,1,1,-1,-1,-2
7,245,1,1,-1,-1,-2,-3
7,246,1,-1,-1,-2,-3,-3
7,247,-1,-1,-2,-3,-3,-3
7,248,-1,-2,-3,-3,-3,-3
7,249,-2,-3,-3,-3,-3,-2
7,250,-3,-3,-3,-3,-2,-1
7,251,-3,-3,-3,-2,-1,-1
7,252,-3,-3,-2,-1,-1,1
7,253,-3,-2,-1,-1,1,1
7,254,-2,-1,-1,1,1,2
7,255,-1,-1,1,1,2,3
7,256,-1,1,1,2,3,3
7,257,1,1,2,3,3,3
7,258,1,2,3,3,3,3
7,259,2,3,3,3,3,2
7,260,3,3,3,3,2,1
7,261,3,3,3,2,1,1
7,262,3,3,2,1,1,-1
7,263,3,2,1,1,-1,-1
7,264,2,1,1,-1,-1,-2
7,265,1,1,-1,-1,-2,-3
7,266,1,-1,-1,-2,-3,-3
7,267,-1,-1,-2,-3,-3,-3
7,268,-1,-2,-3,-3,-3,-3
7,269,-2,-3,-3,-3,-3,-2
7,270,-3,-3,-3,-3,-2,-1
7,271,-3,-3,-3,-2,-1,-1
7,272,-3,-3,-2,-1,-1,1
7,273,-3,-2,-1,-1,1,1
7,274,-2,-1,-1,1,1,2
7,275,-1,-1,1,1,2,3
7,276,-1,1,1,2,3,3
7,277,1,1,2,3,3,3
7,278,1,2,3,3,3,3
7,279,2,3,3,3,3,2
7,280,3,3,3,3,2,1
7,281,3,3,3,2,1,1
7,282,3,3,2,1,1,-1
7,283,3,2,1,1,-1,-1
7,284,2,1,1,-1,-1,-2
7,285,1,1,-1,-1,-2,-3
7,286,1,-1,-1,-2,-3,-3
7,287,-1,-1,-2,-3,-3,-3
7,288,-1,-2,-3,-3,-3,-3
7,289,-2,-3,-3,-3,-3,-2
7,290,-3,-3,-3,-3,-2,-1
7,291,-3,-3,-3,-2,-1,-1
7,292,-3,-3,-2,-1,-1,1
7,293,-3,-2,-1,-1,1,1
7,294,-2,-1,-1,1,1,2
7,295,-1,-1,1,1,2,3
8,1,0,3,3,2,1,1
8,2,3,3,2,1,1,-1
8,3,3,2,1,1,-1,-1
8,4,2,1,1,-1,-1,-2
8,5,1,1,-1,-1,-2,-3
8,6,1,-1,-1,-2,-3,-3
8,7,-1,-1,-2,-3,-3,-3
8,8,-1,-2,-3,-3,-3,-3
8,9,-2,-3,-3,-3,-3,-2
8,10,-3,-3,-3,-3,-2,-1
8,11,-3,-3,-3,-2,-1,-1
8,12,-3,-3,-2,-1,-1,1
8,13,-3,-2,-1,-1,1,1
8,14,-2,-1,-1,1,1,2
8,15,-1,-1,1,1,2,3
8,16,-1,1,1,2,3,3
8,17,1,1,2,3,3,3
8,18,1,2,3,3,3,3
8,19,2,3,3,3,3,2
8,20,3,3,3,3,2,1
8,21,3,3,3,2,1,1
8,22,3,3,2,1,1,-1
8,23,3,2,1,1,-1,-1
8,24,2,1,1,-1,-1,-2
8,25,1,1,-1,-1,-2,-3
8,26,1,-1,-1,-2,-3,-3
8,27,-1,-1,-2,-3,-3,-3
8,28,-1,-2,-3,-3,-3,-3
8,29,-2,-3,-3,-3,-3,-2
8,30,-3,-3,-3,-3,-2,-1
8,31,-3,-3,-3,-2,-1,-1
8,32,-3,-3,-2,-1,-1,1
8,33,-3,-2,-1,-1,1,1
8,34,-2,-1,-1,1,1,2
8,35,-1,-1,1,1,2,3
8,36,-1,1,1,2,3,3
8,37,1,1,2,3,3,3
8,38,1,2,3,3,3,3
8,39,2,3,3,3,3,2
8,40,3,3,3,3,2,1
8,41,3,3,3,2,1,1
8,42,3,3,2,1,1,-1
8,43,3,2,1,1,-1,-1
8,44,2,1,1,-1,-1,-2
8,45,1,1,-1,-1,-2,-3
8,46,1,-1,-1,-2,-3,-3
8,47,-1,-1,-2,-3,-3,-3
8,48,-1,-2,-3,-3,-3,-3
8,49,-2,-3,-3,-3,-3,-2
8,50,-3,-3,-3,-3,-2,-1
8,51,-3,-3,-3,-2,-1,-1
8,52,-3,-3,-2,-1,-1,1
8,53,-3,-2,-1,-1,1,1
8,54,-2,-1,-1,1,1,2
8,55,-1,-1,1,1,2,3
8,56,-1,1,1,2,3,3
8,57,1,1,2,3,3,3
8,58,1,2,3,3,3,3
8,59,2,3,3,3,3,2
8,60,3,3,3,3,2,1
8,61,3,3,3,2,1,1
8,62,3,3,2,1,1,-1
8,63,3,2,1,1,-1,-1
8,64,2,1,1,-1,-1,-2
8,65,1,1,-1,-1,-2,-3
8,66,1,-1,-1,-2,-3,-3
8,67,-1,-1,-2,-3,-3,-3
8,68,-1,-2,-3,-3,-3,-3
8,69,-2,-3,-3,-3,-3,-2
8,70,-3,-3,-3,-3,-2,-1
8,71,-3,-3,-3,-2,-1,-1
8,72,-3,-3,-2,-1,-1,1
8,73,-3,-2,-1,-1,1,1
8,74,-2,-1,-1,1,1,2
8,75,-1,-1,1,1,2,3
8,76,-1,1,1,2,3,3
8,77,1,1,2,3,3,3
8,78,1,2,3,3,3,3
8,79,2,3,3,3,3,2
8,80,3,3,3,3,2,1
8,81,3,3,3,2,1,1
8,82,3,3,2,1,1,-1
8,83,3,2,1,1,-1,-1
8,84,2,1,1,-1,-1,-2
8,85,1,1,-1,-1,-2,-3
8,86,1,-1,-1,-2,-3,-3
8,87,-1,-1,-2,-3,-3,-3
8,88,-1,-2,-3,-3,-3,-3
8,89,-2,-3,-3,-3,-3,-2
8,90,-3,-3,-3,-3,-2,-1
8,91,-3,-3,-3,-2,-1,-1
8,92,-3,-3,-2,-1,-1,1
8,93,-3,-2,-1,-1,1,1
8,94,-2,-1,-1,1,1,2
8,95,-1,-1,1,1,2,3
8,96,-1,1,1,2,3,3
8,97,1,1,2,3,3,3
8,98,1,2,3,3,3,3
8,99,2,3,3,3,3,2
8,100,3,3,3,3,2,1
8,101,3,3,3,2,1,1
8,102,3,3,2,1,1,-1
8,103,3,2,1,1,-1,-1
8,104,2,1,1,-1,-1,-2
8,105,1,1,-1,-1,-2,-3
8,106,1,-1,-1,-2,-3,-3
8,107,-1,-1,-2,-3,-3,-3
8,108,-1,-2,-3,-3,-3,-3
8,109,-2,-3,-3,-3,-3,-2
8,110,-3,-3,-3,-3,-2,-1
8,111,-3,-3,-3,-2,-1,-1
8,112,-3,-3,-2,-1,-1,1
8,113,-3,-2,-1,-1,1,1
8,114,-2,-1,-1,1,1,2
8,115,-1,-1,1,1,2,3
8,116,-1,1,1,2,3,3
8,117,1,1,2,3,3,3
8,118,1,2,3,3,3,3
8,119,2,3,3,3,3,2
8,120,3,3,3,3,2,1
8,121,3,3,3,2,1,1
8,122,3,3,2,1,1,-1
8,123,3,2,1,1,-1,-1
8,124,2,1,1,-1,-1,-2
8,125,1,1,-1,-1,-2,-3
8,126,1,-1,-1,-2,-3,-3
8,127,-1,-1,-2,-3,-3,-3
8,128,-1,-2,-3,-3,-3,-3
8,129,-2,-3,-3,-3,-3,-2
8,130,-3,-3,-3,-3,-2,-1
8,131,-3,-3,-3,-2,-1,-1
8,132,-3,-3,-2,-1,-1,1
8,133,-3,-2,-1,-1,1,1
8,134,-2,-1,-1,1,1,2
8,135,-1,-1,1,1,2,3
8,136,-1,1,1,2,3,3
8,137,1,1,2,3,3,3
8,138,1,2,3,3,3,3
8,139,2,3,3,3,3,2
8,140,3,3,3,3,2,1
8,141,3,3,3,2,1,1
8,142,3,3,2,1,1,-1
8,143,3,2,1,1,-1,-1
8,144,2,1,1,-1,-1,-2
8,145,1,1,-1,-1,-2,-3
8,146,1,-1,-1,-2,-3,-3
8,147,-1,-1,-2,-3,-3,-3
8,148,-1,-2,-3,-3,-3,-3
8,149,-2,-3,-3,-3,-3,-2
8,150,-3,-3,-3,-3,-2,-1
8,151,-3,-3,-3,-2,-1,-1
8,152,-3,-3,-2,-1,-1,1
8,153,-3,-2,-1,-1,1,1
8,154,-2,-1,-1,1,1,2
8,155,-1,-1,1,1,2,3
8,156,-1,1,1,2,3,3
8,157,1,1,2,3,3,3
8,158,1,2,3,3,3,3
8,159,2,3,3,3,3,2
8,160,3,3,3,3,2,1
8,161,3,3,3,2,1,1
8,162,3,3,2,1,1,-1
8,163,3,2,1,1,-1,-1
8,164,2,1,1,-1,-1,-2
8,165,1,1,-1,-1,-2,-3
8,166,1,-1,-1,-2,-3,-3
8,167,-1,-1,-2,-3,-3,-3
8,168,-1,-2,-3,-3,-3,-3
8,169,-2,-3,-3,-3,-3,-2
8,170,-3,-3,-3,-3,-2,-1
8,171,-3,-3,-3,-2,-1,-1
8,172,-3,-3,-2,-1,-1,1
8,173,-3,-2,-1,-1,1,1
8,174,-2,-1,-1,1,1,2
8,175,-1,-1,1,1,2,3
8,176,-1,1,1,2,3,3
8,177,1,1,2,3,3,3
8,178,1,2,3,3,3,3
8,179,2,3,3,3,3,2
8,180,3,3,3,3,2,1
8,181,3,3,3,2,1,1
8,182,3,3,2,1,1,-1
8,183,3,2,1,1,-1,-1
8,184,2,1,1,-1,-1,-2
8,185,1,1,-1,-1,-2,-3
8,186,1,-1,-1,-2,-3,-3
8,187,-1,-1,-2,-3,-3,-3
8,188,-1,-2,-3,-3,-3,-3
8,189,-2,-3,-3,-3,-3,-2
8,190,-3,-3,-3,-3,-2,-1
8,191,-3,-3,-3,-2,-1,-1
8,192,-3,-3,-2,-1,-1,1
8,193,-3,-2,-1,-1,1,1
8,194,-2,-1,-1,1,1,2
8,195,-1,-1,1,1,2,3
8,196,-1,1,1,2,3,3
8,197,1,1,2,3,3,3
8,198,1,2,3,3,3,3
8,199,2,3,3,3,3,2
8,200,3,3,3,3,2,1
8,201,3,3,3,2,1,1
8,202,3,3,2,1,1,-1
8,203,3,2,1,1,-1,-1
8,204,2,1,1,-1,-1,-2
8,205,1,1,-1,-1,-2,-3
8,206,1,-1,-1,-2,-3,-3
8,207,-1,-1,-2,-3,-3,-3
8,208,-1,-2,-3,-3,-3,-3
8,209,-2,-3,-3,-3,-3,-2
8,210,-3,-3,-3,-3,-2,-1
8,211,-3,-3,-3,-2,-1,-1
8,212,-3,-3,-2,-1,-1,1
8,213,-3,-2,-1,-1,1,1
8,214,-2,-1,-1,1,1,2
8,215,-1,-1,1,1,2,3
8,216,-1,1,1,2,3,3
8,217,1,1,2,3,3,3
8,218,1,2,3,3,3,3
8,219,2,3,3,3,3,2
8,220,3,3,3,3,2,1
8,221,3,3,3,2,1,1
8,222,3,3,2,1,1,-1
8,223,3,2,1,1,-1,-1
8,224,2,1,1,-1,-1,-2
8,225,1,1,-1,-1,-2,-3
8,226,1,-1,-1,-2,-3,-3
8,227,-1,-1,-2,-3,-3,-3
8,228,-1,-2,-3,-3,-3,-3
8,229,-2,-3,-3,-3,-3,-2
8,230,-3,-3,-3,-3,-2,-1
8,231,-3,-3,-3,-2,-1,-1
8,232,-3,-3,-2,-1,-1,1
8,233,-3,-2,-1,-1,1,1
8,234,-2,-1,-1,1,1,2
8,235,-1,-1,1,1,2,3
8,236,-1,1,1,2,3,3
8,237,1,1,2,3,3,3
8,238,1,2,3,3,3,3
8,239,2,3,3,3,3,2
8,240,3,3,3,3,2,1
8,241,3,3,3,2,1,1
8,242,3,3,2,1,1,-1
8,243,3,2,1,1,-1,-1
8,244,2,1,1,-1,-1,-2
8,245,1,1,-1,-1,-2,-3
8,246,1,-1,-1,-2,-3,-3
8,247,-1,-1,-2,-3,-3,-3
8,248,-1,-2,-3,-3,-3,-3
8,249,-2,-3,-3,-3,-3,-2
8,250,-3,-3,-3,-3,-2,-1
8,251,-3,-3,-3,-2,-1,-1
8,252,-3,-3,-2,-1,-1,1
8,253,-3,-2,-1,-1,1,1
8,254,-2,-1,-1,1,1,2
8,255,-1,-1,1,1,2,3
8,256,-1,1,1,2,3,3
8,257,1,1,2,3,3,3
8,258,1,2,3,3,3,3
8,259,2,3,3,3,3,2
8,260,3,3,3,3,2,1
8,261,3,3,3,2,1,1
8,262,3,3,2,1,1,-1
8,263,3,2,1,1,-1,-1
8,264,2,1,1,-1,-1,-2
8,265,1,1,-1,-1,-2,-3
8,266,1,-1,-1,-2,-3,-3
8,267,-1,-1,-2,-3,-3,-3
8,268,-1,-2,-3,-3,-3,-3
8,269,-2,-3,-3,-3,-3,-2
8,270,-3,-3,-3,-3,-2,-1
8,271,-3,-3,-3,-2,-1,-1
8,272,-3,-3,-2,-1,-1,1
8,273,-3,-2,-1,-1,1,1
8,274,-2,-1,-1,1,1,2
8,275,-1,-1,1,1,2,3
8,276,-1,1,1,2,3,3
8,277,1,1,2,3,3,3
8,278,1,2,3,3,3,3
8,279,2,3,3,3,3,2
8,280,3,3,3,3,2,1
8,281,3,3,3,2,1,1
8,282,3,3,2,1,1,-1
8,283,3,2,1,1,-1,-1
8,284,2,1,1,-1,-1,-2
8,285,1,1,-1,-1,-2,-3
8,286,1,-1,-1,-2,-3,-3
8,287,-1,-1,-2,-3,-3,-3
8,288,-1,-2,-3,-3,-3,-3
8,289,-2,-3,-3,-3,-3,-2
8,290,-3,-3,-3,-3,-2,-1
8,291,-3,-3,-3,-2,-1,-1
8,292,-3,-3,-2,-1,-1,1
8,293,-3,-2,-1,-1,1,1
8,294,-2,-1,-1,1,1,2
8,295,-1,-1,1,1,2,3
9,1,0,3,3,2,1,1
9,2,3,3,2,1,1,-1
9,3,3,2,1,1,-1,-1
9,4,2,1,1,-1,-1,-2
9,5,1,1,-1,-1,-2,-3
9,6,1,-1,-1,-2,-3,-3
9,7,-1,-1,-2,-3,-3,-3
9,8,-1,-2,-3,-3,-3,-3
9,9,-2,-3,-3,-3,-3,-2
9,10,-3,-3,-3,-3,-2,-1
9,11,-3,-3,-3,-2,-1,-1
9,12,-3,-3,-2,-1,-1,1
9,13,-3,-2,-1,-1,1,1
9,14,-2,-1,-1,1,1,2
9,15,-1,-1,1,1,2,3
9,16,-1,1,1,2,3,3
9,17,1,1,2,3,3,3
9,18,1,2,3,3,3,3
9,19,2,3,3,3,3,2
9,20,3,3,3,3,2,1
9,21,3,3,3,2,1,1
9,22,3,3,2,1,1,-1
9,23,3,2,1,1,-1,-1
9,24,2,1,1,-1,-1,-2
9,25,1,1,-1,-1,-2,-3
9,26,1,-1,-1,-2,-3,-3
9,27,-1,-1,-2,-3,-3,-3
9,28,-1,-2,-3,-3,-3,-3
9,29,-2,-3,-3,-3,-3,-2
9,30,-3,-3,-3,-3,-2,-1
9,31,-3,-3,-3,-2,-1,-1
9,32,-3,-3,-2,-1,-1,1
9,33,-3,-2,-1,-1,1,1
9,34,-2,-1,-1,1,1,2
9,35,-1,-1,1,1,2,3
9,36,-1,1,1,2,3,3
9,37,1,1,2,3,3,3
9,38,1,2,3,3,3,3
9,39,2,3,3,3,3,2
9,40,3,3,3,3,2,1
9,41,3,3,3,2,1,1
9,42,3,3,2,1,1,-1
9,43,3,2,1,1,-1,-1
9,44,2,1,1,-1,-1,-2
9,45,1,1,-1,-1,-2,-3
9,46,1,-1,-1,-2,-3,-3
9,47,-1,-1,-2,-3,-3,-3
9,48,-1,-2,-3,-3,-3,-3
9,49,-2,-3,-3,-3,-3,-2
9,50,-3,-3,-3,-3,-2,-1
9,51,-3,-3,-3,-2,-1,-1
9,52,-3,-3,-2,-1,-1,1
9,53,-3,-2,-1,-1,1,1
9,54,-2,-1,-1,1,1,2
9,55,-1,-1,1,1,2,3
9,56,-1,1,1,2,3,3
9,57,1,1,2,3,3,3
9,58,1,2,3,3,3,3
9,59,2,3,3,3,3,2
9,60,3,3,3,3,2,1
9,61,3,3,3,2,1,1
9,62,3,3,2,1,1,-1
9,63,3,2,1,1,-1,-1
9,64,2,1,1,-1,-1,-2
9,65,1,1,-1,-1,-2,-3
9,66,1,-1,-1,-2,-3,-3
9,67,-1,-1,-2,-3,-3,-3
9,68,-1,-2,-3,-3,-3,-3
9,69,-2,-3,-3,-3,-3,-2
9,70,-3,-3,-3,-3,-2,-1
9,71,-3,-3,-3,-2,-1,-1
9,72,-3,-3,-2,-1,-1,1
9,73,-3,-2,-1,-1,1,1
9,74,-2,-1,-1,1,1,2
9,75,-1,-1,1,1,2,3
9,76,-1,1,1,2,3,3
9,77,1,1,2,3,3,3
9,78,1,2,3,3,3,3
9,79,2,3,3,3,3,2
9,80,3,3,3,3,2,1
9,81,3,3,3,2,1,1
9,82,3,3,2,1,1,-1
9,83,3,2,1,1,-1,-1
9,84,2,1,1,-1,-1,-2
9,85,1,1,-1,-1,-2,-3
9,86,1,-1,-1,-2,-3,-3
9,87,-1,-1,-2,-3,-3,-3
9,88,-1,-2,-3,-3,-3,-3
9,89,-2,-3,-3,-3,-3,-2
9,90,-3,-3,-3,-3,-2,-1
9,91,-3,-3,-3,-2,-1,-1
9,92,-3,-3,-2,-1,-1,1
9,93,-3,-2,-1,-1,1,1
9,94,-2,-1,-1,1,1,2
9,95,-1,-1,1,1,2,3
9,96,-1,1,1,2,3,3
9,97,1,1,2,3,3,3
9,98,1,2,3,3,3,3
9,99,2,3,3,3,3,2
9,100,3,3,3,3,2,1
9,101,3,3,3,2,1,1
9,102,3,3,2,1,1,-1
9,103,3,2,1,1,-1,-1
9,104,2,1,1,-1,-1,-2
9,105,1,1,-1,-1,-2,-3
9,106,1,-1,-1,-2,-3,-3
9,107,-1,-1,-2,-3,-3,-3
9,108,-1,-2,-3,-3,-3,-3
9,109,-2,-3,-3,-3,-3,-2
9,110,-3,-3,-3,-3,-2,-1
9,111,-3,-3,-3,-2,-1,-1
9,112,-3,-3,-2,-1,-1,1
9,113,-3,-2,-1,-1,1,1
9,114,-2,-1,-1,1,1,2
9,115,-1,-1,1,1,2,3
9,116,-1,1,1,2,3,3
9,117,1,1,2,3,3,3
9,118,1,2,3,3,3,3
9,119,2,3,3,3,3,2
9,120,3,3,3,3,2,1
9,121,3,3,3,2,1,1
9,122,3,3,2,1,1,-1
9,123,3,2,1,1,-1,-1
9,124,2,1,1,-1,-1,-2
9,125,1,1,-1,-1,-2,-3
9,126,1,-1,-1,-2,-3,-3
9,127,-1,-1,-2,-3,-3,-3
9,128,-1,-2,-3,-3,-3,-3
9,129,-2,-3,-3,-3,-3,-2
9,130,-3,-3,-3,-3,-2,-1
9,131,-3,-3,-3,-2,-1,-1
9,132,-3,-3,-2,-1,-1,1
9,133,-3,-2,-1,-1,1,1
9,134,-2,-1,-1,1,1,2
9,135,-1,-1,1,1,2,3
9,136,-1,1,1,2,3,3
9,137,1,1,2,3,3,3
9,138,1,2,3,3,3,3
9,139,2,3,3,3,3,2
9,140,3,3,3,3,2,1
9,141,3,3,3,2,1,1
9,142,3,3,2,1,1,-1
9,143,3,2,1,1,-1,-1
9,144,2,1,1,-1,-1,-2
9,145,1,1,-1,-1,-2,-3
9,146,1,-1,-1,-2,-3,-3
9,147,-1,-1,-2,-3,-3,-3
9,148,-1,-2,-3,-3,-3,-3
9,149,-2,-3,-3,-3,-3,-2
9,150,-3,-3,-3,-3,-2,-1
9,151,-3,-3,-3,-2,-1,-1
9,152,-3,-3,-2,-1,-1,1
9,153,-3,-2,-1,-1,1,1
9,154,-2,-1,-1,1,1,2
9,155,-1,-1,1,1,2,3
9,156,-1,1,1,2,3,3
9,157,1,1,2,3,3,3
9,158,1,2,3,3,3,3
9,159,2,3,3,3,3,2
9,160,3,3,3,3,2,1
9,161,3,3,3,2,1,1
9,162,3,3,2,1,1,-1
9,163,3,2,1,1,-1,-1
9,164,2,1,1,-1,-1,-2
9,165,1,1,-1,-1,-2,-3
9,166,1,-1,-1,-2,-3,-3
9,167,-1,-1,-2,-3,-3,-3
9,168,-1,-2,-3,-3,-3,-3
9,169,-2,-3,-3,-3,-3,-2
9,170,-3,-3,-3,-3,-2,-1
9,171,-3,-3,-3,-2,-1,-1
9,172,-3,-3,-2,-1,-1,1
9,173,-3,-2,-1,-1,1,1
9,174,-2,-1,-1,1,1,2
9,175,-1,-1,1,1,2,3
9,176,-1,1,1,2,3,3
9,177,1,1,2,3,3,3
9,178,1,2,3,3,3,3
9,179,2,3,3,3,3,2
9,180,3,3,3,3,2,1
9,181,3,3,3,2,1,1
9,182,3,3,2,1,1,-1
9,183,3,2,1,1,-1,-1
9,184,2,1,1,-1,-1,-2
9,185,1,1,-1,-1,-2,-3
9,186,1,-1,-1,-2,-3,-3
9,187,-1,-1,-2,-3,-3,-3
9,188,-1,-2,-3,-3,-3,-3
9,189,-2,-3,-3,-3,-3,-2
9,190,-3,-3,-3,-3,-2,-1
9,191,-3,-3,-3,-2,-1,-1
9,192,-3,-3,-2,-1,-1,1
9,193,-3,-2,-1,-1,1,1
9,194,-2,-1,-1,1,1,2
9,195,-1,-1,1,1,2,3
9,196,-1,1,1,2,3,3
9,197,1,1,2,3,3,3
9,198,1,2,3,3,3,3
9,199,2,3,3,3,3,2
9,200,3,3,3,3,2,1
9,201,3,3,3,2,1,1
9,202,3,3,2,1,1,-1
9,203,3,2,1,1,-1,-1
9,204,2,1,1,-1,-1,-2
9,205,1,1,-1,-1,-2,-3
9,206,1,-1,-1,-2,-3,-3
9,207,-1,-1,-2,-3,-3,-3
9,208,-1,-2,-3,-3,-3,-3
9,209,-2,-3,-3,-3,-3,-2
9,210,-3,-3,-3,-3,-2,-1
9,211,-3,-3,-3,-2,-1,-1
9,212,-3,-3,-2,-1,-1,1
9,213,-3,-2,-1,-1,1,1
9,214,-2,-1,-1,1,1,2
9,215,-1,-1,1,1,2,3
9,216,-1,1,1,2,3,3
9,217,1,1,2,3,3,3
9,218,1,2,3,3,3,3
9,219,2,3,3,3,3,2
9,220,3,3,3,3,2,1
9,221,3,3,3,2,1,1
9,222,3,3,2,1,1,-1
9,223,3,2,1,1,-1,-1
9,224,2,1,1,-1,-1,-2
9,225,1,1,-1,-1,-2,-3
9,226,1,-1,-1,-2,-3,-3
9,227,-1,-1,-2,-3,-3,-3
9,228,-1,-2,-3,-3,-3,-3
9,229,-2,-3,-3,-3,-3,-2
9,230,-3,-3,-3,-3,-2,-1
9,231,-3,-3,-3,-2,-1,-1
9,232,-3,-3,-2,-1,-1,1
9,233,-3,-2,-1,-1,1,1
9,234,-2,-1,-1,1,1,2
9,235,-1,-1,1,1,2,3
9,236,-1,1,1,2,3,3
9,237,1,1,2,3,3,3
9,238,1,2,3,3,3,3
9,239,2,3,3,3,3,2
9,240,3,3,3,3,2,1
9,241,3,3,3,2,1,1
9,242,3,3,2,1,1,-1
9,243,3,2,1,1,-1,-1
9,244,2,1,1,-1,-1,-2
9,245,1,1,-1,-1,-2,-3
9,246,1,-1,-1,-2,-3,-3
9,247,-1,-1,-2,-3,-3,-3
9,248,-1,-2,-3,-3,-3,-3
9,249,-2,-3,-3,-3,-3,-2
9,250,-3,-3,-3,-3,-2,-1
9,251,-3,-3,-3,-2,-1,-1
9,252,-3,-3,-2,-1,-1,1
9,253,-3,-2,-1,-1,1,1
9,254,-2,-1,-1,1,1,2
9,255,-1,-1,1,1,2,3
9,256,-1,1,1,2,3,3
9,257,1,1,2,3,3,3
9,258,1,2,3,3,3,3
9,259,2,3,3,3,3,2
9,260,3,3,3,3,2,1
9,261,3,3,3,2,1,1
9,262,3,3,2,1,1,-1
9,263,3,2,1,1,-1,-1
9,264,2,1,1,-1,-1,-2
9,265,1,1,-1,-1,-2,-3
9,266,1,-1,-1,-2,-3,-3
9,267,-1,-1,-2,-3,-3,-3
9,268,-1,-2,-3,-3,-3,-3
9,269,-2,-3,-3,-3,-3,-2
9,270,-3,-3,-3,-3,-2,-1
9,271,-3,-3,-3,-2,-1,-1
9,272,-3,-3,-2,-1,-1,1
9,273,-3,-2,-1,-1,1,1
9,274,-2,-1,-1,1,1,2
9,275,-1,-1,1,1,2,3
9,276,-1,1,1,2,3,3
9,277,1,1,2,3,3,3
9,278,1,2,3,3,3,3
9,279,2,3,3,3,3,2
9,280,3,3,3,3,2,1
9,281,3,3,3,2,1,1
9,282,3,3,2,1,1,-1
9,283,3,2,1,1,-1,-1
9,284,2,1,1,-1,-1,-2
9,285,1,1,-1,-1,-2,-3
9,286,1,-1,-1,-2,-3,-3
9,287,-1,-1,-2,-3,-3,-3
9,288,-1,-2,-3,-3,-3,-3
9,289,-2,-3,-3,-3,-3,-2
9,290,-3,-3,-3,-3,-2,-1
9,291,-3,-3,-3,-2,-1,-1
9,292,-3,-3,-2,-1,-1,1
9,293,-3,-2,-1,-1,1,1
9,294,-2,-1,-1,1,1,2
9,295,-1,-1,1,1,2,3
10,1,0,3,3,2,1,1
10,2,3,3,2,1,1,-1
10,3,3,2,1,1,-1,-1
10,4,2,1,1,-1,-1,-2
10,5,1,1,-1,-1,-2,-3
10,6,1,-1,-1,-2,-3,-3
10,7,-1,-1,-2,-3,-3,-3
10,8,-1,-2,-3,-3,-3,-3
10,9,-2,-3,-3,-3,-3,-2
10,10,-3,-3,-3,-3,-2,-1
10,11,-3,-3,-3,-2,-1,-1
10,12,-3,-3,-2,-1,-1,1
10,13,-3,-2,-1,-1,1,1
10,14,-2,-1,-1,1,1,2
10,15,-1,-1,1,1,2,3
10,16,-1,1,1,2,3,3
10,17,1,1,2,3,3,3
10,18,1,2,3,3,3,3
10,19,2,3,3,3,3,2
10,20,3,3,3,3,2,1
10,21,3,3,3,2,1,1
10,22,3,3,2,1,1,-1
10,23,3,2,1,1,-1,-1
10,24,2,1,1,-1,-1,-2
10,25,1,1,-1,-1,-2,-3
10,26,1,-1,-1,-2,-3,-3
10,27,-1,-1,-2,-3,-3,-3
10,28,-1,-2,-3,-3,-3,-3
10,29,-2,-3,-3,-3,-3,-2
10,30,-3,-3,-3,-3,-2,-1
10,31,-3,-3,-3,-2,-1,-1
10,32,-3,-3,-2,-1,-1,1
10,33,-3,-2,-1,-1,1,1
10,34,-2,-1,-1,1,1,2
10,35,-1,-1,1,1,2,3
10,36,-1,1,1,2,3,3
10,37,1,1,2,3,3,3
10,38,1,2,3,3,3,3
10,39,2,3,3,3,3,2
10,40,3,3,3,3,2,1
10,41,3,3,3,2,1,1
10,42,3,3,2,1,1,-1
10,43,3,2,1,1,-1,-1
10,44,2,1,1,-1,-1,-2
10,45,1,1,-1,-1,-2,-3
10,46,1,-1,-1,-2,-3,-3
10,47,-1,-1,-2,-3,-3,-3
10,48,-1,-2,-3,-3,-3,-3
10,49,-2,-3,-3,-3,-3,-2
10,50,-3,-3,-3,-3,-2,-1
10,51,-3,-3,-3,-2,-1,-1
10,52,-3,-3,-2,-1,-1,1
10,53,-3,-2,-1,-1,1,1
10,54,-2,-1,-1,1,1,2
10,55,-1,-1,1,1,2,3
10,56,-1,1,1,2,3,3
10,57,1,1,2,3,3,3
10,58,1,2,3,3,3,3
10,59,2,3,3,3,3,2
10,60,3,3,3,3,2,1
10,61,3,3,3,2,1,1
10,62,3,3,2,1,1,-1
10,63,3,2,1,1,-1,-1
10,64,2,1,1,-1,-1,-2
10,65,1,1,-1,-1,-2,-3
10,66,1,-1,-1,-2,-3,-3
10,67,-1,-1,-2,-3,-3,-3
10,68,-1,-2,-3,-3,-3,-3
10,69,-2,-3,-3,-3,-3,-2
10,70,-3,-3,-3,-3,-2,-1
10,71,-3,-3,-3,-2,-1,-1
10,72,-3,-3,-2,-1,-1,1
10,73,-3,-2,-1,-1,1,1
10,74,-2,-1,-1,1,1,2
10,75,-1,-1,1,1,2,3
10,76,-1,1,1,2,3,3
10,77,1,1,2,3,3,3
10,78,1,2,3,3,3,3
10,79,2,3,3,3,3,2
10,80,3,3,3,3,2,1
10,81,3,3,3,2,1,1
10,82,3,3,2,1,1,-1
10,83,3,2,1,1,-1,-1
10,84,2,1,1,-1,-1,-2
10,85,1,1,-1,-1,-2,-3
10,86,1,-1,-1,-2,-3,-3
10,87,-1,-1,-2,-3,-3,-3
10,88,-1,-2,-3,-3,-3,-3
10,89,-2,-3,-3,-3,-3,-2
10,90,-3,-3,-3,-3,-2,-1
10,91,-3,-3,-3,-2,-1,-1
10,92,-3,-3,-2,-1,-1,1
10,93,-3,-2,-1,-1,1,1
10,94,-2,-1,-1,1,1,2
10,95,-1,-1,1,1,2,3
10,96,-1,1,1,2,3,3
10,97,1,1,2,3,3,3
10,98,1,2,3,3,3,3
10,99,2,3,3,3,3,2
10,100,3,3,3,3,2,1
10,101,3,3,3,2,1,1
10,102,3,3,2,1,1,-1
10,103,3,2,1,1,-1,-1
10,104,2,1,1,-1,-1,-2
10,105,1,1,-1,-1,-2,-3
10,106,1,-1,-1,-2,-3,-3
10,107,-1,-1,-2,-3,-3,-3
10,108,-1,-2,-3,-3,-3,-3
10,109,-2,-3,-3,-3,-3,-2
10,110,-3,-3,-3,-3,-2,-1
10,111,-3,-3,-3,-2,-1,-1
10,112,-3,-3,-2,-1,-1,1
10,113,-3,-2,-1,-1,1,1
10,114,-2,-1,-1,1,1,2
10,115,-1,-1,1,1,2,3
10,116,-1,1,1,2,3,3
10,117,1,1,2,3,3,3
10,118,1,2,3,3,3,3
10,119,2,3,3,3,3,2
10,120,3,3,3,3,2,1
10,121,3,3,3,2,1,1
10,122,3,3,2,1,1,-1
10,123,3,2,1,1,-1,-1
10,124,2,1,1,-1,-1,-2
10,125,1,1,-1,-1,-2,-3
10,126,1,-1,-1,-2,-3,-3
10,127,-1,-1,-2,-3,-3,-3
10,128,-1,-2,-3,-3,-3,-3
10,129,-2,-3,-3,-3,-3,-2
10,130,-3,-3,-3,-3,-2,-1
10,131,-3,-3,-3,-2,-1,-1
10,132,-3,-3,-2,-1,-1,1
10,133,-3,-2,-1,-1,1,1
10,134,-2,-1,-1,1,1,2
10,135,-1,-1,1,1,2,3
10,136,-1,1,1,2,3,3
10,137,1,1,2,3,3,3
10,138,1,2,3,3,3,3
10,139,2,3,3,3,3,2
10,140,3,3,3,3,2,1
10,141,3,3,3,2,1,1
10,142,3,3,2,1,1,-1
10,143,3,2,1,1,-1,-1
10,144,2,1,1,-1,-1,-2
10,145,1,1,-1,-1,-2,-3
10,146,1,-1,-1,-2,-3,-3
10,147,-1,-1,-2,-3,-3,-3
10,148,-1,-2,-3,-3,-3,-3
10,149,-2,-3,-3,-3,-3,-2
10,150,-3,-3,-3,-3,-2,-1
10,151,-3,-3,-3,-2,-1,-1
10,152,-3,-3,-2,-1,-1,1
10,153,-3,-2,-1,-1,1,1
10,154,-2,-1,-1,1,1,2
10,155,-1,-1,1,1,2,3
10,156,-1,1,1,2,3,3
10,157,1,1,2,3,3,3
10,158,1,2,3,3,3,3
10,159,2,3,3,3,3,2
10,160,3,3,3,3,2,1
10,161,3,3,3,2,1,1
10,162,3,3,2,1,1,-1
10,163,3,2,1,1,-1,-1
10,164,2,1,1,-1,-1,-2
10,165,1,1,-1,-1,-2,-3
10,166,1,-1,-1,-2,-3,-3
10,167,-1,-1,-2,-3,-3,-3
10,168,-1,-2,-3,-3,-3,-3
10,169,-2,-3,-3,-3,-3,-2
10,170,-3,-3,-3,-3,-2,-1
10,171,-3,-3,-3,-2,-1,-1
10,172,-3,-3,-2,-1,-1,1
10,173,-3,-2,-1,-1,1,1
10,174,-2,-1,-1,1,1,2
10,175,-1,-1,1,1,2,3
10,176,-1,1,1,2,3,3
10,177,1,1,2,3,3,3
10,178,1,2,3,3,3,3
10,179,2,3,3,3,3,2
10,180,3,3,3,3,2,1
10,181,3,3,3,2,1,1
10,182,3,3,2,1,1,-1
10,183,3,2,1,1,-1,-1
10,184,2,1,1,-1,-1,-2
10,185,1,1,-1,-1,-2,-3
10,186,1,-1,-1,-2,-3,-3
10,187,-1,-1,-2,-3,-3,-3
10,188,-1,-2,-3,-3,-3,-3
10,189,-2,-3,-3,-3,-3,-2
10,190,-3,-3,-3,-3,-2,-1
10,191,-3,-3,-3,-2,-1,-1
10,192,-3,-3,-2,-1,-1,1
10,193,-3,-2,-1,-1,1,1
10,194,-2,-1,-1,1,1,2
10,195,-1,-1,1,1,2,3
10,196,-1,1,1,2,3,3
10,197,1,1,2,3,3,3
10,198,1,2,3,3,3,3
10,199,2,3,3,3,3,2
10,200,3,3,3,3,2,1
10,201,3,3,3,2,1,1
10,202,3,3,2,1,1,-1
10,203,3,2,1,1,-1,-1
10,204,2,1,1,-1,-1,-2
10,205,1,1,-1,-1,-2,-3
10,206,1,-1,-1,-2,-3,-3
10,207,-1,-1,-2,-3,-3,-3
10,208,-1,-2,-3,-3,-3,-3
10,209,-2,-3,-3,-3,-3,-2
10,210,-3,-3,-3,-3,-2,-1
10,211,-3,-3,-3,-2,-1,-1
10,212,-3,-3,-2,-1,-1,1
10,213,-3,-2,-1,-1,1,1
10,214,-2,-1,-1,1,1,2
10,215,-1,-1,1,1,2,3
10,216,-1,1,1,2,3,3
10,217,1,1,2,3,3,3
10,218,1,2,3,3,3,3
10,219,2,3,3,3,3,2
10,220,3,3,3,3,2,1
10,221,3,3,3,2,1,1
10,222,3,3,2,1,1,-1
10,223,3,2,1,1,-1,-1
10,224,2,1,1,-1,-1,-2
10,225,1,1,-1,-1,-2,-3
10,226,1,-1,-1,-2,-3,-3
10,227,-1,-1,-2,-3,-3,-3
10,228,-1,-2,-3,-3,-3,-3
10,229,-2,-3,-3,-3,-3,-2
10,230,-3,-3,-3,-3,-2,-1
10,231,-3,-3,-3,-2,-1,-1
10,232,-3,-3,-2,-1,-1,1
10,233,-3,-2,-1,-1,1,1
10,234,-2,-1,-1,1,1,2
10,235,-1,-1,1,1,2,3
10,236,-1,1,1,2,3,3
10,237,1,1,2,3,3,3
10,238,1,2,3,3,3,3
10,239,2,3,3,3,3,2
10,240,3,3,3,3,2,1
10,241,3,3,3,2,1,1
10,242,3,3,2,1,1,-1
10,243,3,2,1,1,-1,-1
10,244,2,1,1,-1,-1,-2
10,245,1,1,-1,-1,-2,-3
10,246,1,-1,-1,-2,-3,-3
10,247,-1,-1,-2,-3,-3,-3
10,248,-1,-2,-3,-3,-3,-3
10,249,-2,-3,-3,-3,-3,-2
10,250,-3,-3,-3,-3,-2,-1
10,251,-3,-3,-3,-2,-1,-1
10,252,-3,-3,-2,-1,-1,1
10,253,-3,-2,-1,-1,1,1
10,254,-2,-1,-1,1,1,2
10,255,-1,-1,1,1,2,3
10,256,-1,1,1,2,3,3
10,257,1,1,2,3,3,3
10,258,1,2,3,3,3,3
10,259,2,3,3,3,3,2
10,260,3,3,3,3,2,1
10,261,3,3,3,2,1,1
10,262,3,3,2,1,1,-1
10,263,3,2,1,1,-1,-1
10,264,2,1,1,-1,-1,-2
10,265,1,1,-1,-1,-2,-3
10,266,1,-1,-1,-2,-3,-3
10,267,-1,-1,-2,-3,-3,-3
10,268,-1,-2,-3,-3,-3,-3
10,269,-2,-3,-3,-3,-3,-2
10,270,-3,-3,-3,-3,-2,-1
10,271,-3,-3,-3,-2,-1,-1
10,272,-3,-3,-2,-1,-1,1
10,273,-3,-2,-1,-1,1,1
10,274,-2,-1,-1,1,1,2
10,275,-1,-1,1,1,2,3
10,276,-1,1,1,2,3,3
10,277,1,1,2,3,3,3
10,278,1,2,3,3,3,3
10,279,2,3,3,3,3,2
10,280,3,3,3,3,2,1
10,281,3,3,3,2,1,1
10,282,3,3,2,1,1,-1
10,283,3,2,1,1,-1,-1
10,284,2,1,1,-1,-1,-2
10,285,1,1,-1,-1,-2,-3
10,286,1,-1,-1,-2,-3,-3
10,287,-1,-1,-2,-3,-3,-3
10,288,-1,-2,-3,-3,-3,-3
10,289,-2,-3,-3,-3,-3,-2
10,290,-3,-3,-3,-3,-2,-1
10,291,-3,-3,-3,-2,-1,-1
10,292,-3,-3,-2,-1,-1,1
10,293,-3,-2,-1,-1,1,1
10,294,-2,-1,-1,1,1,2
10,295,-1,-1,1,1,2,3
11,1,0,3,3,2,1,1
11,2,3,3,2,1,1,-1
11,3,3,2,1,1,-1,-1
11,4,2,1,1,-1,-1,-2
11,5,1,1,-1,-1,-2,-3
11,6,1,-1,-1,-2,-3,-3
11,7,-1,-1,-2,-3,-3,-3
11,8,-1,-2,-3,-3,-3,-3
11,9,-2,-3,-3,-3,-3,-2
11,10,-3,-3,-3,-3,-2,-1
11,11,-3,-3,-3,-2,-1,-1
11,12,-3,-3,-2,-1,-1,1
11,13,-3,-2,-1,-1,1,1
11,14,-2,-1,-1,1,1,2
11,15,-1,-1,1,1,2,3
11,16,-1,1,1,2,3,3
11,17,1,1,2,3,3,3
11,18,1,2,3,3,3,3
11,19,2,3,3,3,3,2
11,20,3,3,3,3,2,1
11,21,3,3,3,2,1,1
11,22,3,3,2,1,1,-1
11,23,3,2,1,1,-1,-1
11,24,2,1,1,-1,-1,-2
11,25,1,1,-1,-1,-2,-3
11,26,1,-1,-1,-2,-3,-3
11,27,-1,-1,-2,-3,-3,-3
11,28,-1,-2,-3,-3,-3,-3
11,29,-2,-3,-3,-3,-3,-2
11,30,-3,-3,-3,-3,-2,-1
11,31,-3,-3,-3,-2,-1,-1
11,32,-3,-3,-2,-1,-1,1
11,33,-3,-2,-1,-1,1,1
11,34,-2,-1,-1,1,1,2
11,35,-1,-1,1,1,2,3
11,36,-1,1,1,2,3,3
11,37,1,1,2,3,3,3
11,38,1,2,3,3,3,3
11,39,2,3,3,3,3,2
11,40,3,3,3,3,2,1
11,41,3,3,3,2,1,1
11,42,3,3,2,1,1,-1
11,43,3,2,1,1,-1,-1
11,44,2,1,1,-1,-1,-2
11,45,1,1,-1,-1,-2,-3
11,46,1,-1,-1,-2,-3,-3
11,47,-1,-1,-2,-3,-3,-3
11,48,-1,-2,-3,-3,-3,-3
11,49,-2,-3,-3,-3,-3,-2
11,50,-3,-3,-3,-3,-2,-1
11,51,-3,-3,-3,-2,-1,-1
11,52,-3,-3,-2,-1,-1,1
11,53,-3,-2,-1,-1,1,1
11,54,-2,-1,-1,1,1,2
11,55,-1,-1,1,1,2,3
11,56,-1,1,1,2,3,3
11,57,1,1,2,3,3,3
11,58,1,2,3,3,3,3
11,59,2,3,3,3,3,2
11,60,3,3,3,3,2,1
11,61,3,3,3,2,1,1
11,62,3,3,2,1,1,-1
11,63,3,2,1,1,-1,-1
11,64,2,1,1,-1,-1,-2
11,65,1,1,-1,-1,-2,-3
11,66,1,-1,-1,-2,-3,-3
11,67,-1,-1,-2,-3,-3,-3
11,68,-1,-2,-3,-3,-3,-3
11,69,-2,-3,-3,-3,-3,-2
11,70,-3,-3,-3,-3,-2,-1
11,71,-3,-3,-3,-2,-1,-1
11,72,-3,-3,-2,-1,-1,1
11,73,-3,-2,-1,-1,1,1
11,74,-2,-1,-1,1,1,2
11,75,-1,-1,1,1,2,3
11,76,-1,1,1,2,3,3
11,77,1,1,2,3,3,3
11,78,1,2,3,3,3,3
11,79,2,3,3,3,3,2
11,80,3,3,3,3,2,1
11,81,3,3,3,2,1,1
11,82,3,3,2,1,1,-1
11,83,3,2,1,1,-1,-1
11,84,2,1,1,-1,-1,-2
11,85,1,1,-1,-1,-2,-3
11,86,1,-1,-1,-2,-3,-3
11,87,-1,-1,-2,-3,-3,-3
11,88,-1,-2,-3,-3,-3,-3
11,89,-2,-3,-3,-3,-3,-2
11,90,-3,-3,-3,-3,-2,-1
11,91,-3,-3,-3,-2,-1,-1
11,92,-3,-3,-2,-1,-1,1
11,93,-3,-2,-1,-1,1,1
11,94,-2,-1,-1,1,1,2
11,95,-1,-1,1,1,2,3
11,96,-1,1,1,2,3,3
11,97,1,1,2,3,3,3
11,98,1,2,3,3,3,3
11,99,2,3,3,3,3,2
11,100,3,3,3,3,2,1
11,101,3,3,3,2,1,1
11,102,3,3,2,1,1,-1
11,103,3,2,1,1,-1,-1
11,104,2,1,1,-1,-1,-2
11,105,1,1,-1,-1,-2,-3
11,106,1,-1,-1,-2,-3,-3
11,107,-1,-1,-2,-3,-3,-3
11,108,-1,-2,-3,-3,-3,-3
11,109,-2,-3,-3,-3,-3,-2
11,110,-3,-3,-3,-3,-2,-1
11,111,-3,-3,-3,-2,-1,-1
11,112,-3,-3,-2,-1,-1,1
11,113,-3,-2,-1,-1,1,1
11,114,-2,-1,-1,1,1,2
11,115,-1,-1,1,1,2,3
11,116,-1,1,1,2,3,3
11,117,1,1,2,3,3,3
11,118,1,2,3,3,3,3
11,119,2,3,3,3,3,2
11,120,3,3,3,3,2,1
11,121,3,3,3,2,1,1
11,122,3,3,2,1,1,-1
11,123,3,2,1,1,-1,-1
11,124,2,1,1,-1,-1,-2
11,125,1,1,-1,-1,-2,-3
11,126,1,-1,-1,-2,-3,-3
11,127,-1,-1,-2,-3,-3,-3
11,128,-1,-2,-3,-3,-3,-3
11,129,-2,-3,-3,-3,-3,-2
11,130,-3,-3,-3,-3,-2,-1
11,131,-3,-3,-3,-2,-1,-1
11,132,-3,-3,-2,-1,-1,1
11,133,-3,-2,-1,-1,1,1
11,134,-2,-1,-1,1,1,2
11,135,-1,-1,1,1,2,3
11,136,-1,1,1,2,3,3
11,137,1,1,2,3,3,3
11,138,1,2,3,3,3,3
11,139,2,3,3,3,3,2
11,140,3,3,3,3,2,1
11,141,3,3,3,2,1,1
11,142,3,3,2,1,1,-1
11,143,3,2,1,1,-1,-1
11,144,2,1,1,-1,-1,-2
11,145,1,1,-1,-1,-2,-3
11,146,1,-1,-1,-2,-3,-3
11,147,-1,-1,-2,-3,-3,-3
11,148,-1,-2,-3,-3,-3,-3
11,149,-2,-3,-3,-3,-3,-2
11,150,-3,-3,-3,-3,-2,-1
11,151,-3,-3,-3,-2,-1,-1
11,152,-3,-3,-2,-1,-1,1
11,153,-3,-2,-1,-1,1,1
11,154,-2,-1,-1,1,1,2
11,155,-1,-1,1,1,2,3
11,156,-1,1,1,2,3,3
11,157,1,1,2,3,3,3
11,158,1,2,3,3,3,3
11,159,2,3,3,3,3,2
11,160,3,3,3,3,2,1
11,161,3,3,3,2,1,1
11,162,3,3,2,1,1,-1
11,163,3,2,1,1,-1,-1
11,164,2,1,1,-1,-1,-2
11,165,1,1,-1,-1,-2,-3
11,166,1,-1,-1,-2,-3,-3
11,167,-1,-1,-2,-3,-3,-3
11,168,-1,-2,-3,-3,-3,-3
11,169,-2,-3,-3,-3,-3,-2
11,170,-3,-3,-3,-3,-2,-1
11,171,-3,-3,-3,-2,-1,-1
11,172,-3,-3,-2,-1,-1,1
11,173,-3,-2,-1,-1,1,1
11,174,-2,-1,-1,1,1,2
11,175,-1,-1,1,1,2,3
11,176,-1,1,1,2,3,3
11,177,1,1,2,3,3,3
11,178,1,2,3,3,3,3
11,179,2,3,3,3,3,2
11,180,3,3,3,3,2,1
11,181,3,3,3,2,1,1
11,182,3,3,2,1,1,-1
11,183,3,2,1,1,-1,-1
11,184,2,1,1,-1,-1,-2
11,185,1,1,-1,-1,-2,-3
11,186,1,-1,-1,-2,-3,-3
11,187,-1,-1,-2,-3,-3,-3
11,188,-1,-2,-3,-3,-3,-3
11,189,-2,-3,-3,-3,-3,-2
11,190,-3,-3,-3,-3,-2,-1
11,191,-3,-3,-3,-2,-1,-1
11,192,-3,-3,-2,-1,-1,1
11,193,-3,-2,-1,-1,1,1
11,194,-2,-1,-1,1,1,2
11,195,-1,-1,1,1,2,3
11,196,-1,1,1,2,3,3
11,197,1,1,2,3,3,3
11,198,1,2,3,3,3,3
11,199,2,3,3,3,3,2
11,200,3,3,3,3,2,1
11,201,3,3,3,2,1,1
11,202,3,3,2,1,1,-1
11,203,3,2,1,1,-1,-1
11,204,2,1,1,-1,-1,-2
11,205,1,1,-1,-1,-2,-3
11,206,1,-1,-1,-2,-3,-3
11,207,-1,-1,-2,-3,-3,-3
11,208,-1,-2,-3,-3,-3,-3
11,209,-2,-3,-3,-3,-3,-2
11,210,-3,-3,-3,-3,-2,-1
11,211,-3,-3,-3,-2,-1,-1
11,212,-3,-3,-2,-1,-1,1
11,213,-3,-2,-1,-1,1,1
11,214,-2,-1,-1,1,1,2
11,215,-1,-1,1,1,2,3
11,216,-1,1,1,2,3,3
11,217,1,1,2,3,3,3
11,218,1,2,3,3,3,3
11,219,2,3,3,3,3,2
11,220,3,3,3,3,2,1
11,221,3,3,3,2,1,1
11,222,3,3,2,1,1,-1
11,223,3,2,1,1,-1,-1
11,224,2,1,1,-1,-1,-2
11,225,1,1,-1,-1,-2,-3
11,226,1,-1,-1,-2,-3,-3
11,227,-1,-1,-2,-3,-3,-3
11,228,-1,-2,-3,-3,-3,-3
11,229,-2,-3,-3,-3,-3,-2
11,230,-3,-3,-3,-3,-2,-1
11,231,-3,-3,-3,-2,-1,-1
11,232,-3,-3,-2,-1,-1,1
11,233,-3,-2,-1,-1,1,1
11,234,-2,-1,-1,1,1,2
11,235,-1,-1,1,1,2,3
11,236,-1,1,1,2,3,3
11,237,1,1,2,3,3,3
11,238,1,2,3,3,3,3
11,239,2,3,3,3,3,2
11,240,3,3,3,3,2,1
11,241,3,3,3,2,1,1
11,242,3,3,2,1,1,-1
11,243,3,2,1,1,-1,-1
11,244,2,1,1,-1,-1,-2
11,245,1,1,-1,-1,-2,-3
11,246,1,-1,-1,-2,-3,-3
11,247,-1,-1,-2,-3,-3,-3
11,248,-1,-2,-3,-3,-3,-3
11,249,-2,-3,-3,-3,-3,-2
11,250,-3,-3,-3,-3,-2,-1
11,251,-3,-3,-3,-2,-1,-1
11,252,-3,-3,-2,-1,-1,1
11,253,-3,-2,-1,-1,1,1
11,254,-2,-1,-1,1,1,2
11,255,-1,-1,1,1,2,3
11,256,-1,1,1,2,3,3
11,257,1,1,2,3,3,3
11,258,1,2,3,3,3,3
11,259,2,3,3,3,3,2
11,260,3,3,3,3,2,1
11,261,3,3,3,2,1,1
11,262,3,3,2,1,1,-1
11,263,3,2,1,1,-1,-1
11,264,2,1,1,-1,-1,-2
11,265,1,1,-1,-1,-2,-3
11,266,1,-1,-1,-2,-3,-3
11,267,-1,-1,-2,-3,-3,-3
11,268,-1,-2,-3,-3,-3,-3
11,269,-2,-3,-3,-3,-3,-2
11,270,-3,-3,-3,-3,-2,-1
11,271,-3,-3,-3,-2,-1,-1
11,272,-3,-3,-2,-1,-1,1
11,273,-3,-2,-1,-1,1,1
11,274,-2,-1,-1,1,1,2
11,275,-1,-1,1,1,2,3
11,276,-1,1,1,2,3,3
11,277,1,1,2,3,3,3
11,278,1,2,3,3,3,3
11,279,2,3,3,3,3,2
11,280,3,3,3,3,2,1
11,281,3,3,3,2,1,1
11,282,3,3,2,1,1,-1
11,283,3,2,1,1,-1,-1
11,284,2,1,1,-1,-1,-2
11,285,1,1,-1,-1,-2,-3
11,286,1,-1,-1,-2,-3,-3
11,287,-1,-1,-2,-3,-3,-3
11,288,-1,-2,-3,-3,-3,-3
11,289,-2,-3,-3,-3,-3,-2
11,290,-3,-3,-3,-3,-2,-1
11,291,-3,-3,-3,-2,-1,-1
11,292,-3,-3,-2,-1,-1,1
11,293,-3,-2,-1,-1,1,1
11,294,-2,-1,-1,1,1,2
11,295,-1,-1,1,1,2,3
12,1,0,3,3,2,1,1
12,2,3,3,2,1,1,-1
12,3,3,2,1,1,-1,-1
12,4,2,1,1,-1,-1,-2
12,5,1,1,-1,-1,-2,-3
12,6,1,-1,-1,-2,-3,-3
12,7,-1,-1,-2,-3,-3,-3
12,8,-1,-2,-3,-3,-3,-3
12,9,-2,-3,-3,-3,-3,-2
12,10,-3,-3,-3,-3,-2,-1
12,11,-3,-3,-3,-2,-1,-1
12,12,-3,-3,-2,-1,-1,1
12,13,-3,-2,-1,-1,1,1
12,14,-2,-1,-1,1,1,2
12,15,-1,-1,1,1,2,3
12,16,-1,1,1,2,3,3
12,17,1,1,2,3,3,3
12,18,1,2,3,3,3,3
12,19,2,3,3,3,3,2
12,20,3,3,3,3,2,1
12,21,3,3,3,2,1,1
12,22,3,3,2,1,1,-1
12,23,3,2,1,1,-1,-1
12,24,2,1,1,-1,-1,-2
12,25,1,1,-1,-1,-2,-3
12,26,1,-1,-1,-2,-3,-3
12,27,-1,-1,-2,-3,-3,-3
12,28,-1,-2,-3,-3,-3,-3
12,29,-2,-3,-3,-3,-3,-2
12,30,-3,-3,-3,-3,-2,-1
12,31,-3,-3,-3,-2,-1,-1
12,32,-3,-3,-2,-1,-1,1
12,33,-3,-2,-1,-1,1,1
12,34,-2,-1,-1,1,1,2
12,35,-1,-1,1,1,2,3
12,36,-1,1,1,2,3,3
12,37,1,1,2,3,3,3
12,38,1,2,3,3,3,3
12,39,2,3,3,3,3,2
12,40,3,3,3,3,2,1
12,41,3,3,3,2,1,1
12,42,3,3,2,1,1,-1
12,43,3,2,1,1,-1,-1
12,44,2,1,1,-1,-1,-2
12,45,1,1,-1,-1,-2,-3
12,46,1,-1,-1,-2,-3,-3
12,47,-1,-1,-2,-3,-3,-3
12,48,-1,-2,-3,-3,-3,-3
12,49,-2,-3,-3,-3,-3,-2
12,50,-3,-3,-3,-3,-2,-1
12,51,-3,-3,-3,-2,-1,-1
12,52,-3,-3,-2,-1,-1,1
12,53,-3,-2,-1,-1,1,1
12,54,-2,-1,-1,1,1,2
12,55,-1,-1,1,1,2,3
12,56,-1,1,1,2,3,3
12,57,1,1,2,3,3,3
12,58,1,2,3,3,3,3
12,59,2,3,3,3,3,2
12,60,3,3,3,3,2,1
12,61,3,3,3,2,1,1
12,62,3,3,2,1,1,-1
12,63,3,2,1,1,-1,-1
12,64,2,1,1,-1,-1,-2
12,65,1,1,-1,-1,-2,-3
12,66,1,-1,-1,-2,-3,-3
12,67,-1,-1,-2,-3,-3,-3
12,68,-1,-2,-3,-3,-3,-3
12,69,-2,-3,-3,-3,-3,-2
12,70,-3,-3,-3,-3,-2,-1
12,71,-3,-3,-3,-2,-1,-1
12,72,-3,-3,-2,-1,-1,1
12,73,-3,-2,-1,-1,1,1
12,74,-2,-1,-1,1,1,2
12,75,-1,-1,1,1,2,3
12,76,-1,1,1,2,3,3
12,77,1,1,2,3,3,3
12,78,1,2,3,3,3,3
12,79,2,3,3,3,3,2
12,80,3,3,3,3,2,1
12,81,3,3,3,2,1,1
12,82,3,3,2,1,1,-1
12,83,3,2,1,1,-1,-1
12,84,2,1,1,-1,-1,-2
12,85,1,1,-1,-1,-2,-3
12,86,1,-1,-1,-2,-3,-3
12,87,-1,-1,-2,-3,-3,-3
12,88,-1,-2,-3,-3,-3,-3
12,89,-2,-3,-3,-3,-3,-2
12,90,-3,-3,-3,-3,-2,-1
12,91,-3,-3,-3,-2,-1,-1
12,92,-3,-3,-2,-1,-1,1
12,93,-3,-2,-1,-1,1,1
12,94,-2,-1,-1,1,1,2
12,95,-1,-1,1,1,2,3
12,96,-1,1,1,2,3,3
12,97,1,1,2,3,3,3
12,98,1,2,3,3,3,3
12,99,2,3,3,3,3,2
12,100,3,3,3,3,2,1
12,101,3,3,3,2,1,1
12,102,3,3,2,1,1,-1
12,103,3,2,1,1,-1,-1
12,104,2,1,1,-1,-1,-2
12,105,1,1,-1,-1,-2,-3
12,106,1,-1,-1,-2,-3,-3
12,107,-1,-1,-2,-3,-3,-3
12,108,-1,-2,-3,-3,-3,-3
12,109,-2,-3,-3,-3,-3,-2
12,110,-3,-3,-3,-3,-2,-1
12,111,-3,-3,-3,-2,-1,-1
12,112,-3,-3,-2,-1,-1,1
12,113,-3,-2,-1,-1,1,1
12,114,-2,-1,-1,1,1,2
12,115,-1,-1,1,1,2,3
12,116,-1,1,1,2,3,3
12,117,1,1,2,3,3,3
12,118,1,2,3,3,3,3
12,119,2,3,3,3,3,2
12,120,3,3,3,3,2,1
12,121,3,3,3,2,1,1
12,122,3,3,2,1,1,-1
12,123,3,2,1,1,-1,-1
12,124,2,1,1,-1,-1,-2
12,125,1,1,-1,-1,-2,-3
12,126,1,-1,-1,-2,-3,-3
12,127,-1,-1,-2,-3,-3,-3
12,128,-1,-2,-3,-3,-3,-3
12,129,-2,-3,-3,-3,-3,-2
12,130,-3,-3,-3,-3,-2,-1
12,131,-3,-3,-3,-2,-1,-1
12,132,-3,-3,-2,-1,-1,1
12,133,-3,-2,-1,-1,1,1
12,134,-2,-1,-1,1,1,2
12,135,-1,-1,1,1,2,3
12,136,-1,1,1,2,3,3
12,137,1,1,2,3,3,3
12,138,1,2,3,3,3,3
12,139,2,3,3,3,3,2
12,140,3,3,3,3,2,1
12,141,3,3,3,2,1,1
12,142,3,3,2,1,1,-1
12,143,3,2,1,1,-1,-1
12,144,2,1,1,-1,-1,-2
12,145,1,1,-1,-1,-2,-3
12,146,1,-1,-1,-2,-3,-3
12,147,-1,-1,-2,-3,-3,-3
12,148,-1,-2,-3,-3,-3,-3
12,149,-2,-3,-3,-3,-3,-2
12,150,-3,-3,-3,-3,-2,-1
12,151,-3,-3,-3,-2,-1,-1
12,152,-3,-3,-2,-1,-1,1
12,153,-3,-2,-1,-1,1,1
12,154,-2,-1,-1,1,1,2
12,155,-1,-1,1,1,2,3
12,156,-1,1,1,2,3,3
12,157,1,1,2,3,3,3
12,158,1,2,3,3,3,3
12,159,2,3,3,3,3,2
12,160,3,3,3,3,2,1
12,161,3,3,3,2,1,1
12,162,3,3,2,1,1,-1
12,163,3,2,1,1,-1,-1
12,164,2,1,1,-1,-1,-2
12,165,1,1,-1,-1,-2,-3
12,166,1,-1,-1,-2,-3,-3
12,167,-1,-1,-2,-3,-3,-3
12,168,-1,-2,-3,-3,-3,-3
12,169,-2,-3,-3,-3,-3,-2
12,170,-3,-3,-3,-3,-2,-1
12,171,-3,-3,-3,-2,-1,-1
12,172,-3,-3,-2,-1,-1,1
12,173,-3,-2,-1,-1,1,1
12,174,-2,-1,-1,1,1,2
12,175,-1,-1,1,1,2,3
12,176,-1,1,1,2,3,3
12,177,1,1,2,3,3,3
12,178,1,2,3,3,3,3
12,179,2,3,3,3,3,2
12,180,3,3,3,3,2,1
12,181,3,3,3,2,1,1
12,182,3,3,2,1,1,-1
12,183,3,2,1,1,-1,-1
12,184,2,1,1,-1,-1,-2
12,185,1,1,-1,-1,-2,-3
12,186,1,-1,-1,-2,-3,-3
12,187,-1,-1,-2,-3,-3,-3
12,188,-1,-2,-3,-3,-3,-3
12,189,-2,-3,-3,-3,-3,-2
12,190,-3,-3,-3,-3,-2,-1
12,191,-3,-3,-3,-2,-1,-1
12,192,-3,-3,-2,-1,-1,1
12,193,-3,-2,-1,-1,1,1
12,194,-2,-1,-1,1,1,2
12,195,-1,-1,1,1,2,3
12,196,-1,1,1,2,3,3
12,197,1,1,2,3,3,3
12,198,1,2,3,3,3,3
12,199,2,3,3,3,3,2
12,200,3,3,3,3,2,1
12,201,3,3,3,2,1,1
12,202,3,3,2,1,1,-1
12,203,3,2,1,1,-1,-1
12,204,2,1,1,-1,-1,-2
12,205,1,1,-1,-1,-2,-3
12,206,1,-1,-1,-2,-3,-3
12,207,-1,-1,-2,-3,-3,-3
12,208,-1,-2,-3,-3,-3,-3
12,209,-2,-3,-3,-3,-3,-2
12,210,-3,-3,-3,-3,-2,-1
12,211,-3,-3,-3,-2,-1,-1
12,212,-3,-3,-2,-1,-1,1
12,213,-3,-2,-1,-1,1,1
12,214,-2,-1,-1,1,1,2
12,215,-1,-1,1,1,2,3
12,216,-1,1,1,2,3,3
12,217,1,1,2,3,3,3
12,218,1,2,3,3,3,3
12,219,2,3,3,3,3,2
12,220,3,3,3,3,2,1
12,221,3,3,3,2,1,1
12,222,3,3,2,1,1,-1
12,223,3,2,1,1,-1,-1
12,224,2,1,1,-1,-1,-2
12,225,1,1,-1,-1,-2,-3
12,226,1,-1,-1,-2,-3,-3
12,227,-1,-1,-2,-3,-3,-3
12,228,-1,-2,-3,-3,-3,-3
12,229,-2,-3,-3,-3,-3,-2
12,230,-3,-3,-3,-3,-2,-1
12,231,-3,-3,-3,-2,-1,-1
12,232,-3,-3,-2,-1,-1,1
12,233,-3,-2,-1,-1,1,1
12,234,-2,-1,-1,1,1,2
12,235,-1,-1,1,1,2,3
12,236,-1,1,1,2,3,3
12,237,1,1,2,3,3,3
12,238,1,2,3,3,3,3
12,239,2,3,3,3,3,2
12,240,3,3,3,3,2,1
12,241,3,3,3,2,1,1
12,242,3,3,2,1,1,-1
12,243,3,2,1,1,-1,-1
12,244,2,1,1,-1,-1,-2
12,245,1,1,-1,-1,-2,-3
12,246,1,-1,-1,-2,-3,-3
12,247,-1,-1,-2,-3,-3,-3
12,248,-1,-2,-3,-3,-3,-3
12,249,-2,-3,-3,-3,-3,-2
12,250,-3,-3,-3,-3,-2,-1
12,251,-3,-3,-3,-2,-1,-1
12,252,-3,-3,-2,-1,-1,1
12,253,-3,-2,-1,-1,1,1
12,254,-2,-1,-1,1,1,2
12,255,-1,-1,1,1,2,3
12,256,-1,1,1,2,3,3
12,257,1,1,2,3,3,3
12,258,1,2,3,3,3,3
12,259,2,3,3,3,3,2
12,260,3,3,3,3,2,1
12,261,3,3,3,2,1,1
12,262,3,3,2,1,1,-1
12,263,3,2,1,1,-1,-1
12,264,2,1,1,-1,-1,-2
12,265,1,1,-1,-1,-2,-3
12,266,1,-1,-1,-2,-3,-3
12,267,-1,-1,-2,-3,-3,-3
12,268,-1,-2,-3,-3,-3,-3
12,269,-2,-3,-3,-3,-3,-2
12,270,-3,-3,-3,-3,-2,-1
12,271,-3,-3,-3,-2,-1,-1
12,272,-3,-3,-2,-1,-1,1
12,273,-3,-2,-1,-1,1,1
12,274,-2,-1,-1,1,1,2
12,275,-1,-1,1,1,2,3
12,276,-1,1,1,2,3,3
12,277,1,1,2,3,3,3
12,278,1,2,3,3,3,3
12,279,2,3,3,3,3,2
12,280,3,3,3,3,2,1
12,281,3,3,3,2,1,1
12,282,3,3,2,1,1,-1
12,283,3,2,1,1,-1,-1
12,284,2,1,1,-1,-1,-2
12,285,1,1,-1,-1,-2,-3
12,286,1,-1,-1,-2,-3,-3
12,287,-1,-1,-2,-3,-3,-3
12,288,-1,-2,-3,-3,-3,-3
12,289,-2,-3,-3,-3,-3,-2
12,290,-3,-3,-3,-3,-2,-1
12,291,-3,-3,-3,-2,-1,-1
12,292,-3,-3,-2,-1,-1,1
12,293,-3,-2,-1,-1,1,1
12,294,-2,-1,-1,1,1,2
12,295,-1,-1,1,1,2,3
